approach,query_number,rows_before,appended_rows,updated_rows,rows_after,mutation_seconds,maintenance_action,maintenance_rows_covered,maintenance_seconds,index_incorporation_30q_vectors_per_second,total_seconds,maintenance_vectors_per_second,end_to_end_vectors_per_second,extrapolated_1b_maintenance_hours,recall_at_k,ann_query_ms,indexed_rows,unindexed_rows,index_partitions,partition_size_min,partition_size_max,partition_size_cv,fragments
ivf_pq_spfresh,1,800000,1000,250,801000,0.008,spfresh,1250,0.03,41262.352,0.038,41262.352,32855.576,6.732,0.9,3.445,801000,0,195,1889,8277,0.303,10
ivf_pq_reindex,1,800000,1000,250,801000,0.006,skipped,0,0.0,0.0,0.006,,194216.24,,0.9,4.111,799750,1250,195,1888,8265,0.303,10
ivf_rq_spfresh,1,800000,1000,250,801000,0.007,spfresh,1250,0.042,29998.8,0.048,29998.8,25909.331,9.26,0.7,3.782,801000,0,195,1765,8080,0.283,10
ivf_rq_reindex,1,800000,1000,250,801000,0.006,skipped,0,0.0,0.0,0.006,,194275.373,,0.7,4.243,799750,1250,195,1764,8076,0.283,10
ivf_hnsw_spfresh,1,800000,1000,250,801000,0.006,spfresh,1250,4.158,300.656,4.164,300.656,300.204,923.904,1.0,74.477,801000,0,195,1771,9332,0.302,10
ivf_hnsw_reindex,1,800000,1000,250,801000,0.007,skipped,0,0.0,0.0,0.007,,183103.234,,1.0,73.157,799750,1250,195,1770,9301,0.302,10
ivf_hnsw_reindex,2,801000,1000,250,802000,0.007,skipped,0,0.0,0.0,0.007,,172061.767,,0.9,73.494,799500,2500,195,1770,9301,0.302,12
ivf_hnsw_spfresh,2,801000,1000,250,802000,0.007,spfresh,1250,4.172,300.148,4.179,299.641,299.119,927.036,1.0,73.775,802000,0,195,1775,9350,0.301,12
ivf_rq_reindex,2,801000,1000,250,802000,0.007,skipped,0,0.0,0.0,0.007,,171604.106,,0.7,3.911,799500,2500,195,1764,8076,0.283,12
ivf_rq_spfresh,2,801000,1000,250,802000,0.007,spfresh,1250,0.04,30659.924,0.047,31350.845,26762.393,8.86,0.7,3.571,802000,0,195,1766,8085,0.283,12
ivf_pq_reindex,2,801000,1000,250,802000,0.007,skipped,0,0.0,0.0,0.007,,176199.035,,1.0,3.666,799500,2500,195,1888,8265,0.303,12
ivf_pq_spfresh,2,801000,1000,250,802000,0.007,spfresh,1250,0.032,40312.556,0.039,39405.501,32464.23,7.049,1.0,3.54,802000,0,195,1890,8296,0.303,12
ivf_pq_spfresh,3,802000,1000,250,803000,0.007,spfresh,1250,0.032,39886.085,0.039,39059.652,32003.653,7.112,0.7,2.991,803000,0,195,1896,8305,0.302,14
ivf_pq_reindex,3,802000,1000,250,803000,0.007,skipped,0,0.0,0.0,0.007,,174593.198,,0.7,3.513,799250,3750,195,1888,8265,0.303,14
ivf_rq_spfresh,3,802000,1000,250,803000,0.007,spfresh,1250,0.04,30760.586,0.048,30963.907,26271.152,8.971,0.9,3.324,803000,0,195,1771,8086,0.282,14
ivf_rq_reindex,3,802000,1000,250,803000,0.007,skipped,0,0.0,0.0,0.007,,180951.798,,0.9,3.884,799250,3750,195,1764,8076,0.283,14
ivf_hnsw_spfresh,3,802000,1000,250,803000,0.007,spfresh,1250,4.196,299.394,4.203,297.899,297.402,932.457,1.0,83.219,803000,0,195,1777,9370,0.301,14
ivf_hnsw_reindex,3,802000,1000,250,803000,0.011,skipped,0,0.0,0.0,0.011,,116494.905,,1.0,76.124,799250,3750,195,1770,9301,0.302,14
ivf_hnsw_reindex,4,803000,1000,250,804000,0.008,skipped,0,0.0,0.0,0.008,,152531.25,,1.0,73.279,799000,5000,195,1770,9301,0.302,16
ivf_hnsw_spfresh,4,803000,1000,250,804000,0.008,spfresh,1250,4.151,299.823,4.16,301.119,300.51,922.486,1.0,75.187,804000,0,195,1779,9385,0.301,16
ivf_rq_reindex,4,803000,1000,250,804000,0.008,skipped,0,0.0,0.0,0.008,,158174.449,,1.0,3.913,799000,5000,195,1764,8076,0.283,16
ivf_rq_spfresh,4,803000,1000,250,804000,0.008,spfresh,1250,0.04,30844.602,0.048,31099.427,26188.637,8.932,1.0,3.609,804000,0,195,1775,8096,0.282,16
ivf_pq_reindex,4,803000,1000,250,804000,0.008,skipped,0,0.0,0.0,0.008,,164255.743,,1.0,4.002,799000,5000,195,1888,8265,0.303,16
ivf_pq_spfresh,4,803000,1000,250,804000,0.008,spfresh,1250,0.031,39839.95,0.039,39702.182,31984.137,6.997,1.0,3.45,804000,0,195,1899,8319,0.302,16
ivf_pq_spfresh,5,804000,1000,250,805000,0.007,spfresh,1250,0.031,39913.691,0.038,40211.405,32535.949,6.908,0.6,2.987,805000,0,195,1899,8330,0.303,18
ivf_pq_reindex,5,804000,1000,250,805000,0.007,skipped,0,0.0,0.0,0.007,,169004.563,,0.6,3.839,798750,6250,195,1888,8265,0.303,18
ivf_rq_spfresh,5,804000,1000,250,805000,0.007,spfresh,1250,0.039,31047.146,0.046,31884.637,26918.673,8.712,0.7,3.498,805000,0,195,1776,8119,0.282,18
ivf_rq_reindex,5,804000,1000,250,805000,0.007,skipped,0,0.0,0.0,0.007,,175041.443,,0.7,4.038,798750,6250,195,1764,8076,0.283,18
ivf_hnsw_spfresh,5,804000,1000,250,805000,0.007,spfresh,1250,4.187,299.562,4.194,298.519,298.01,930.519,1.0,73.848,805000,0,195,1779,9409,0.301,18
ivf_hnsw_reindex,5,804000,1000,250,805000,0.008,skipped,0,0.0,0.0,0.008,,162642.183,,1.0,72.947,798750,6250,195,1770,9301,0.302,18
ivf_hnsw_reindex,6,805000,1000,250,806000,0.008,skipped,0,0.0,0.0,0.008,,161718.093,,1.0,72.628,798500,7500,195,1770,9301,0.302,20
ivf_hnsw_spfresh,6,805000,1000,250,806000,0.008,spfresh,1250,4.139,299.971,4.146,302.033,301.463,919.692,1.0,72.345,806000,0,195,1780,9423,0.301,20
ivf_rq_reindex,6,805000,1000,250,806000,0.008,skipped,0,0.0,0.0,0.008,,160106.731,,1.0,4.117,798500,7500,195,1764,8076,0.283,20
ivf_rq_spfresh,6,805000,1000,250,806000,0.007,spfresh,1250,0.039,31223.72,0.046,32137.6,27063.282,8.643,1.0,3.331,806000,0,195,1780,8124,0.282,20
ivf_pq_reindex,6,805000,1000,250,806000,0.008,skipped,0,0.0,0.0,0.008,,165962.257,,1.0,3.827,798500,7500,195,1888,8265,0.303,20
ivf_pq_spfresh,6,805000,1000,250,806000,0.007,spfresh,1250,0.032,39868.955,0.039,39646.773,32106.061,7.006,1.0,3.374,806000,0,195,1909,8338,0.302,20
ivf_pq_spfresh,7,806000,1000,250,807000,0.008,spfresh,1250,0.032,39777.278,0.04,39235.946,31133.606,7.08,0.9,3.331,807000,0,195,1910,8343,0.303,22
ivf_pq_reindex,7,806000,1000,250,807000,0.008,skipped,0,0.0,0.0,0.008,,159699.326,,0.9,3.893,798250,8750,195,1888,8265,0.303,22
ivf_rq_spfresh,7,806000,1000,250,807000,0.008,spfresh,1250,0.039,31320.116,0.047,31911.227,26464.758,8.705,1.0,3.411,807000,0,195,1782,8148,0.282,22
ivf_rq_reindex,7,806000,1000,250,807000,0.008,skipped,0,0.0,0.0,0.008,,159896.806,,1.0,4.008,798250,8750,195,1764,8076,0.283,22
ivf_hnsw_spfresh,7,806000,1000,250,807000,0.008,spfresh,1250,4.18,299.84,4.188,299.059,298.504,928.838,1.0,73.392,807000,0,195,1781,9426,0.301,22
ivf_hnsw_reindex,7,806000,1000,250,807000,0.008,skipped,0,0.0,0.0,0.008,,149048.321,,1.0,74.194,798250,8750,195,1770,9301,0.302,22
ivf_hnsw_reindex,8,807000,1000,250,808000,0.009,skipped,0,0.0,0.0,0.009,,134666.844,,1.0,73.21,798000,10000,195,1770,9301,0.302,24
ivf_hnsw_spfresh,8,807000,1000,250,808000,0.009,spfresh,1250,4.202,299.539,4.211,297.447,296.824,933.873,1.0,74.789,808000,0,195,1784,9452,0.301,24
ivf_rq_reindex,8,807000,1000,250,808000,0.009,skipped,0,0.0,0.0,0.009,,139754.591,,1.0,4.087,798000,10000,195,1764,8076,0.283,24
ivf_rq_spfresh,8,807000,1000,250,808000,0.009,spfresh,1250,0.039,31377.073,0.048,31781.647,25984.509,8.74,1.0,3.521,808000,0,195,1783,8156,0.282,24
ivf_pq_reindex,8,807000,1000,250,808000,0.009,skipped,0,0.0,0.0,0.009,,142005.79,,1.0,4.425,798000,10000,195,1888,8265,0.303,24
ivf_pq_spfresh,8,807000,1000,250,808000,0.011,spfresh,1250,0.031,39861.779,0.042,40463.495,29574.336,6.865,1.0,3.516,808000,0,195,1912,8369,0.302,24
ivf_pq_spfresh,9,808000,1000,250,809000,0.008,spfresh,1250,0.031,39920.26,0.039,40394.356,32199.379,6.877,1.0,3.489,809000,0,195,1916,8397,0.303,26
ivf_pq_reindex,9,808000,1000,250,809000,0.008,skipped,0,0.0,0.0,0.008,,165616.854,,1.0,4.651,797750,11250,195,1888,8265,0.303,26
ivf_rq_spfresh,9,808000,1000,250,809000,0.008,spfresh,1250,0.039,31449.83,0.047,32044.264,26723.677,8.669,1.0,3.495,809000,0,195,1784,8167,0.282,26
ivf_rq_reindex,9,808000,1000,250,809000,0.007,skipped,0,0.0,0.0,0.007,,170458.412,,1.0,4.272,797750,11250,195,1764,8076,0.283,26
ivf_hnsw_spfresh,9,808000,1000,250,809000,0.007,spfresh,1250,4.234,299.056,4.241,295.25,294.751,940.824,1.0,76.922,809000,0,195,1784,9459,0.301,26
ivf_hnsw_reindex,9,808000,1000,250,809000,0.008,skipped,0,0.0,0.0,0.008,,160429.53,,1.0,76.374,797750,11250,195,1770,9301,0.302,26
ivf_hnsw_reindex,10,809000,1000,250,810000,0.008,skipped,0,0.0,0.0,0.008,,160758.781,,1.0,73.39,797500,12500,195,1770,9301,0.302,28
ivf_hnsw_spfresh,10,809000,1000,250,810000,0.008,spfresh,1250,4.264,298.454,4.272,293.137,292.608,947.603,1.0,73.806,810000,0,195,1785,9477,0.302,28
ivf_rq_reindex,10,809000,1000,250,810000,0.008,skipped,0,0.0,0.0,0.008,,154857.099,,1.0,4.269,797500,12500,195,1764,8076,0.283,28
ivf_rq_spfresh,10,809000,1000,250,810000,0.007,spfresh,1250,0.039,31489.586,0.047,31851.969,26810.107,8.721,1.0,3.656,810000,0,195,1787,8179,0.282,28
ivf_pq_reindex,10,809000,1000,250,810000,0.008,skipped,0,0.0,0.0,0.008,,163360.426,,1.0,4.044,797500,12500,195,1888,8265,0.303,28
ivf_pq_spfresh,10,809000,1000,250,810000,0.007,spfresh,1250,0.033,39681.327,0.041,37653.06,30724.169,7.377,1.0,3.299,810000,0,195,1919,8435,0.303,28
ivf_pq_spfresh,11,810000,1000,250,811000,0.008,spfresh,1250,0.033,39566.073,0.04,38449.314,31156.045,7.225,1.0,3.453,811000,0,195,1921,8455,0.303,30
ivf_pq_reindex,11,810000,1000,250,811000,0.008,skipped,0,0.0,0.0,0.008,,163054.998,,1.0,4.077,797250,13750,195,1888,8265,0.303,30
ivf_rq_spfresh,11,810000,1000,250,811000,0.008,spfresh,1250,0.044,31213.439,0.051,28696.875,24324.469,9.68,0.9,3.539,811000,0,195,1788,8185,0.282,30
ivf_rq_reindex,11,810000,1000,250,811000,0.008,skipped,0,0.0,0.0,0.008,,164479.095,,0.9,4.417,797250,13750,195,1764,8076,0.283,30
ivf_hnsw_spfresh,11,810000,1000,250,811000,0.008,spfresh,1250,4.208,298.323,4.216,297.02,296.478,935.217,1.0,75.381,811000,0,195,1785,9502,0.302,30
ivf_hnsw_reindex,11,810000,1000,250,811000,0.008,skipped,0,0.0,0.0,0.008,,155921.901,,1.0,72.938,797250,13750,195,1770,9301,0.302,30
ivf_hnsw_reindex,12,811000,1000,250,812000,0.008,skipped,0,0.0,0.0,0.008,,155944.602,,1.0,73.242,797000,15000,195,1770,9301,0.302,32
ivf_hnsw_spfresh,12,811000,1000,250,812000,0.008,spfresh,1250,4.198,298.279,4.206,297.794,297.211,932.786,1.0,74.221,812000,0,195,1786,9520,0.302,32
ivf_rq_reindex,12,811000,1000,250,812000,0.008,skipped,0,0.0,0.0,0.008,,154726.907,,0.9,4.52,797000,15000,195,1764,8076,0.283,32
ivf_rq_spfresh,12,811000,1000,250,812000,0.008,spfresh,1250,0.04,31207.201,0.048,31138.744,26032.017,8.921,0.9,3.566,812000,0,195,1792,8192,0.282,32
ivf_pq_reindex,12,811000,1000,250,812000,0.008,skipped,0,0.0,0.0,0.008,,160376.343,,1.0,4.261,797000,15000,195,1888,8265,0.303,32
ivf_pq_spfresh,12,811000,1000,250,812000,0.008,spfresh,1250,0.032,39522.238,0.04,39046.384,31158.116,7.114,1.0,3.551,812000,0,195,1927,8476,0.303,32
ivf_pq_spfresh,13,812000,1000,250,813000,0.009,spfresh,1250,0.031,39559.065,0.041,40006.401,30751.253,6.943,0.8,3.277,813000,0,195,1928,8485,0.303,34
ivf_pq_reindex,13,812000,1000,250,813000,0.008,skipped,0,0.0,0.0,0.008,,157154.463,,0.8,4.489,796750,16250,195,1888,8265,0.303,34
ivf_rq_spfresh,13,812000,1000,250,813000,0.009,spfresh,1250,0.041,31164.335,0.049,30658.984,25369.593,9.06,0.6,3.619,813000,0,195,1793,8198,0.282,34
ivf_rq_reindex,13,812000,1000,250,813000,0.008,skipped,0,0.0,0.0,0.008,,148183.273,,0.6,4.202,796750,16250,195,1764,8076,0.283,34
ivf_hnsw_spfresh,13,812000,1000,250,813000,0.008,spfresh,1250,4.25,297.952,4.259,294.091,293.517,944.531,1.0,74.388,813000,0,195,1789,9560,0.302,34
ivf_hnsw_reindex,13,812000,1000,250,813000,0.009,skipped,0,0.0,0.0,0.009,,146694.968,,1.0,72.535,796750,16250,195,1770,9301,0.302,34
ivf_hnsw_reindex,14,813000,1000,250,814000,0.009,skipped,0,0.0,0.0,0.009,,131707.771,,1.0,73.154,796500,17500,195,1770,9301,0.302,36
ivf_hnsw_spfresh,14,813000,1000,250,814000,0.009,spfresh,1250,4.234,297.756,4.243,295.233,294.634,940.875,1.0,74.933,814000,0,195,1793,9574,0.302,36
ivf_rq_reindex,14,813000,1000,250,814000,0.009,skipped,0,0.0,0.0,0.009,,142127.566,,0.9,4.529,796500,17500,195,1764,8076,0.283,36
ivf_rq_spfresh,14,813000,1000,250,814000,0.009,spfresh,1250,0.041,31119.94,0.05,30554.098,25135.269,9.091,0.9,3.593,814000,0,195,1801,8205,0.282,36
ivf_pq_reindex,14,813000,1000,250,814000,0.009,skipped,0,0.0,0.0,0.009,,144728.976,,1.0,4.388,796500,17500,195,1888,8265,0.303,36
ivf_pq_spfresh,14,813000,1000,250,814000,0.009,spfresh,1250,0.031,39593.798,0.04,40050.945,31426.874,6.936,1.0,3.577,814000,0,195,1938,8496,0.303,36
ivf_pq_spfresh,15,814000,1000,250,815000,0.009,spfresh,1250,0.032,39595.743,0.041,39623.0,30598.288,7.011,1.0,3.437,815000,0,195,1942,8529,0.303,38
ivf_pq_reindex,15,814000,1000,250,815000,0.009,skipped,0,0.0,0.0,0.009,,137048.871,,1.0,4.622,796250,18750,195,1888,8265,0.303,38
ivf_rq_spfresh,15,814000,1000,250,815000,0.009,spfresh,1250,0.04,31103.812,0.05,30879.764,25233.154,8.995,0.9,4.047,815000,0,195,1801,8220,0.282,38
ivf_rq_reindex,15,814000,1000,250,815000,0.009,skipped,0,0.0,0.0,0.009,,138293.459,,0.9,5.213,796250,18750,195,1764,8076,0.283,38
ivf_hnsw_spfresh,15,814000,1000,250,815000,0.009,spfresh,1250,4.235,297.582,4.244,295.157,294.509,941.119,1.0,77.412,815000,0,195,1794,9648,0.302,38
ivf_hnsw_reindex,15,814000,1000,250,815000,0.009,skipped,0,0.0,0.0,0.009,,135492.792,,1.0,73.637,796250,18750,195,1770,9301,0.302,38
ivf_hnsw_reindex,16,815000,1000,250,816000,0.008,skipped,0,0.0,0.0,0.008,,152165.312,,1.0,75.799,796000,20000,195,1770,9301,0.302,40
ivf_hnsw_spfresh,16,815000,1000,250,816000,0.008,spfresh,1250,4.251,297.358,4.259,294.047,293.483,944.671,1.0,76.619,816000,0,195,1797,9656,0.303,40
ivf_rq_reindex,16,815000,1000,250,816000,0.008,skipped,0,0.0,0.0,0.008,,152598.751,,0.9,4.799,796000,20000,195,1764,8076,0.283,40
ivf_rq_spfresh,16,815000,1000,250,816000,0.008,spfresh,1250,0.04,31126.438,0.048,31469.83,26252.14,8.827,0.9,3.91,816000,0,195,1801,8304,0.283,40
ivf_pq_reindex,16,815000,1000,250,816000,0.008,skipped,0,0.0,0.0,0.008,,147472.319,,1.0,4.691,796000,20000,195,1888,8265,0.303,40
ivf_pq_spfresh,16,815000,1000,250,816000,0.008,spfresh,1250,0.031,39647.432,0.039,40439.278,32236.4,6.869,1.0,3.697,816000,0,195,1942,8531,0.304,40
ivf_pq_spfresh,17,816000,1000,250,817000,0.008,spfresh,1250,0.031,39656.645,0.04,39804.639,31598.605,6.979,0.9,3.251,817000,0,195,1943,8539,0.304,42
ivf_pq_reindex,17,816000,1000,250,817000,0.008,skipped,0,0.0,0.0,0.008,,157558.047,,0.9,4.49,795750,21250,195,1888,8265,0.303,42
ivf_rq_spfresh,17,816000,1000,250,817000,0.008,spfresh,1250,0.039,31171.807,0.047,31916.116,26444.51,8.703,0.5,3.724,817000,0,195,1802,8325,0.283,42
ivf_rq_reindex,17,816000,1000,250,817000,0.008,skipped,0,0.0,0.0,0.008,,161963.443,,0.5,4.451,795750,21250,195,1764,8076,0.283,42
ivf_hnsw_spfresh,17,816000,1000,250,817000,0.008,spfresh,1250,4.287,297.013,4.294,291.599,291.071,952.602,1.0,76.468,817000,0,195,1804,9685,0.303,42
ivf_hnsw_reindex,17,816000,1000,250,817000,0.011,skipped,0,0.0,0.0,0.011,,118239.648,,1.0,74.274,795750,21250,195,1770,9301,0.302,42
ivf_hnsw_reindex,18,817000,1000,250,818000,0.009,skipped,0,0.0,0.0,0.009,,141260.895,,1.0,74.233,795500,22500,195,1770,9301,0.302,44
ivf_hnsw_spfresh,18,817000,1000,250,818000,0.008,spfresh,1250,4.248,296.859,4.256,294.26,293.683,943.987,1.0,77.81,818000,0,195,1808,9704,0.303,44
ivf_rq_reindex,18,817000,1000,250,818000,0.008,skipped,0,0.0,0.0,0.008,,148665.725,,1.0,4.685,795500,22500,195,1764,8076,0.283,44
ivf_rq_spfresh,18,817000,1000,250,818000,0.008,spfresh,1250,0.04,31194.321,0.048,31582.106,26067.033,8.795,1.0,3.923,818000,0,195,1803,8335,0.283,44
ivf_pq_reindex,18,817000,1000,250,818000,0.008,skipped,0,0.0,0.0,0.008,,158101.947,,1.0,5.221,795500,22500,195,1888,8265,0.303,44
ivf_pq_spfresh,18,817000,1000,250,818000,0.008,spfresh,1250,0.031,39701.591,0.039,40481.569,31928.413,6.862,1.0,3.988,818000,0,195,1943,8554,0.304,44
ivf_pq_spfresh,19,818000,1000,250,819000,0.009,spfresh,1250,0.031,39734.9,0.04,40344.162,31583.9,6.885,0.5,3.221,819000,0,195,1945,8558,0.303,46
ivf_pq_reindex,19,818000,1000,250,819000,0.008,skipped,0,0.0,0.0,0.008,,152453.731,,0.5,4.861,795250,23750,195,1888,8265,0.303,46
ivf_rq_spfresh,19,818000,1000,250,819000,0.008,spfresh,1250,0.039,31232.56,0.047,31937.25,26611.929,8.698,0.8,3.803,819000,0,195,1805,8370,0.283,46
ivf_rq_reindex,19,818000,1000,250,819000,0.009,skipped,0,0.0,0.0,0.009,,134046.461,,0.8,4.714,795250,23750,195,1764,8076,0.283,46
ivf_hnsw_spfresh,19,818000,1000,250,819000,0.008,spfresh,1250,4.261,296.673,4.269,293.358,292.783,946.891,1.0,75.681,819000,0,195,1813,9709,0.303,46
ivf_hnsw_reindex,19,818000,1000,250,819000,0.014,skipped,0,0.0,0.0,0.014,,86301.137,,1.0,76.013,795250,23750,195,1770,9301,0.302,46
ivf_hnsw_reindex,20,819000,1000,250,820000,0.009,skipped,0,0.0,0.0,0.009,,139047.248,,1.0,74.166,795000,25000,195,1770,9301,0.302,48
ivf_hnsw_spfresh,20,819000,1000,250,820000,0.011,spfresh,1250,4.284,296.424,4.295,291.772,291.042,952.037,1.0,85.113,820000,0,195,1818,9716,0.302,48
ivf_rq_reindex,20,819000,1000,250,820000,0.013,skipped,0,0.0,0.0,0.013,,99613.833,,0.9,6.863,795000,25000,195,1764,8076,0.283,48
ivf_rq_spfresh,20,819000,1000,250,820000,0.009,spfresh,1250,0.042,31145.099,0.051,29571.713,24502.757,9.393,0.9,4.545,820000,0,195,1807,8379,0.283,48
ivf_pq_reindex,20,819000,1000,250,820000,0.009,skipped,0,0.0,0.0,0.009,,145871.822,,0.9,5.012,795000,25000,195,1888,8265,0.303,48
ivf_pq_spfresh,20,819000,1000,250,820000,0.008,spfresh,1250,0.032,39687.204,0.04,38802.252,31057.347,7.159,0.9,3.633,820000,0,195,1948,8596,0.303,48
ivf_pq_spfresh,21,820000,1000,250,821000,0.009,spfresh,1250,0.032,39675.442,0.041,39441.664,30857.721,7.043,1.0,3.306,821000,0,195,1954,8638,0.303,50
ivf_pq_reindex,21,820000,1000,250,821000,0.009,skipped,0,0.0,0.0,0.009,,143536.555,,1.0,5.186,794750,26250,195,1888,8265,0.303,50
ivf_rq_spfresh,21,820000,1000,250,821000,0.008,spfresh,1250,0.039,31179.102,0.048,31875.084,26233.66,8.715,0.8,5.734,821000,0,195,1811,8383,0.283,50
ivf_rq_reindex,21,820000,1000,250,821000,0.008,skipped,0,0.0,0.0,0.008,,149750.653,,0.8,5.017,794750,26250,195,1764,8076,0.283,50
ivf_hnsw_spfresh,21,820000,1000,250,821000,0.008,spfresh,1250,4.275,296.229,4.283,292.383,291.826,950.046,1.0,78.946,821000,0,195,1818,9794,0.303,50
ivf_hnsw_reindex,21,820000,1000,250,821000,0.009,skipped,0,0.0,0.0,0.009,,140962.208,,1.0,73.125,794750,26250,195,1770,9301,0.302,50
ivf_hnsw_reindex,22,821000,1000,250,822000,0.008,skipped,0,0.0,0.0,0.008,,158278.778,,1.0,74.776,794500,27500,195,1770,9301,0.302,52
ivf_hnsw_spfresh,22,821000,1000,250,822000,0.008,spfresh,1250,4.255,296.115,4.263,293.745,293.205,945.643,1.0,80.017,822000,0,195,1818,9831,0.303,52
ivf_rq_reindex,22,821000,1000,250,822000,0.008,skipped,0,0.0,0.0,0.008,,154000.154,,1.0,5.382,794500,27500,195,1764,8076,0.283,52
ivf_rq_spfresh,22,821000,1000,250,822000,0.007,spfresh,1250,0.04,31182.304,0.047,31249.707,26327.73,8.889,1.0,5.078,822000,0,195,1815,8407,0.284,52
ivf_pq_reindex,22,821000,1000,250,822000,0.008,skipped,0,0.0,0.0,0.008,,151285.93,,1.0,5.453,794500,27500,195,1888,8265,0.303,52
ivf_pq_spfresh,22,821000,1000,250,822000,0.008,spfresh,1250,0.031,39697.732,0.039,40171.666,32169.511,6.915,1.0,3.655,822000,0,195,1957,8656,0.304,52
ivf_pq_spfresh,23,822000,1000,250,823000,0.008,spfresh,1250,0.031,39697.263,0.04,39686.949,31480.728,6.999,1.0,3.228,823000,0,195,1959,8670,0.304,54
ivf_pq_reindex,23,822000,1000,250,823000,0.008,skipped,0,0.0,0.0,0.008,,163106.423,,1.0,5.004,794250,28750,195,1888,8265,0.303,54
ivf_rq_spfresh,23,822000,1000,250,823000,0.008,spfresh,1250,0.039,31219.338,0.047,32056.933,26804.19,8.665,1.0,7.796,823000,0,195,1815,8431,0.284,54
ivf_rq_reindex,23,822000,1000,250,823000,0.008,skipped,0,0.0,0.0,0.008,,161361.467,,1.0,5.167,794250,28750,195,1764,8076,0.283,54
ivf_hnsw_spfresh,23,822000,1000,250,823000,0.008,spfresh,1250,4.302,295.869,4.31,290.567,290.04,955.984,1.0,78.768,823000,0,195,1819,9866,0.304,54
ivf_hnsw_reindex,23,822000,1000,250,823000,0.008,skipped,0,0.0,0.0,0.008,,149823.957,,1.0,76.843,794250,28750,195,1770,9301,0.302,54
ivf_hnsw_reindex,24,823000,1000,250,824000,0.008,skipped,0,0.0,0.0,0.008,,147896.912,,1.0,74.954,794000,30000,195,1770,9301,0.302,56
ivf_hnsw_spfresh,24,823000,1000,250,824000,0.008,spfresh,1250,4.289,295.681,4.297,291.421,290.867,953.184,1.0,78.332,824000,0,195,1820,9897,0.304,56
ivf_rq_reindex,24,823000,1000,250,824000,0.008,skipped,0,0.0,0.0,0.008,,154129.905,,1.0,5.168,794000,30000,195,1764,8076,0.283,56
ivf_rq_spfresh,24,823000,1000,250,824000,0.008,spfresh,1250,0.041,31185.913,0.049,30436.428,25590.457,9.126,1.0,9.625,824000,0,195,1816,8453,0.285,56
ivf_pq_reindex,24,823000,1000,250,824000,0.008,skipped,0,0.0,0.0,0.008,,153012.822,,1.0,5.061,794000,30000,195,1888,8265,0.303,56
ivf_pq_spfresh,24,823000,1000,250,824000,0.008,spfresh,1250,0.032,39662.726,0.04,38884.633,31366.186,7.144,1.0,3.31,824000,0,195,1963,8695,0.305,56
ivf_pq_spfresh,25,824000,1000,250,825000,0.008,spfresh,1250,0.031,39673.992,0.04,39946.312,31589.821,6.954,1.0,3.019,825000,0,195,1966,8745,0.305,58
ivf_pq_reindex,25,824000,1000,250,825000,0.008,skipped,0,0.0,0.0,0.008,,159343.941,,1.0,4.927,793750,31250,195,1888,8265,0.303,58
ivf_rq_spfresh,25,824000,1000,250,825000,0.008,spfresh,1250,0.042,31129.821,0.05,29841.631,24818.125,9.308,1.0,4.215,825000,0,195,1819,8478,0.285,58
ivf_rq_reindex,25,824000,1000,250,825000,0.009,skipped,0,0.0,0.0,0.009,,141740.101,,1.0,5.106,793750,31250,195,1764,8076,0.283,58
ivf_hnsw_spfresh,25,824000,1000,250,825000,0.008,spfresh,1250,4.303,295.47,4.311,290.496,289.935,956.22,1.0,79.298,825000,0,195,1821,9947,0.305,58
ivf_hnsw_reindex,25,824000,1000,250,825000,0.009,skipped,0,0.0,0.0,0.009,,146893.214,,1.0,73.023,793750,31250,195,1770,9301,0.302,58
ivf_hnsw_reindex,26,825000,1000,250,826000,0.009,skipped,0,0.0,0.0,0.009,,144353.62,,1.0,74.816,793500,32500,195,1770,9301,0.302,60
ivf_hnsw_spfresh,26,825000,1000,250,826000,0.008,spfresh,1250,4.268,295.371,4.276,292.908,292.356,948.343,1.0,86.817,826000,0,195,1821,9989,0.305,60
ivf_rq_reindex,26,825000,1000,250,826000,0.008,skipped,0,0.0,0.0,0.008,,153894.301,,1.0,5.475,793500,32500,195,1764,8076,0.283,60
ivf_rq_spfresh,26,825000,1000,250,826000,0.008,spfresh,1250,0.051,30795.649,0.06,24279.722,20998.757,11.441,1.0,5.456,826000,0,195,1821,8530,0.286,60
ivf_pq_reindex,26,825000,1000,250,826000,0.008,skipped,0,0.0,0.0,0.008,,149422.476,,1.0,5.265,793500,32500,195,1888,8265,0.303,60
ivf_pq_spfresh,26,825000,1000,250,826000,0.008,spfresh,1250,0.043,39113.317,0.051,28902.152,24387.309,9.611,0.9,3.685,826000,0,195,1970,8787,0.306,60
ivf_pq_spfresh,27,826000,1000,250,827000,0.008,spfresh,1250,0.032,39101.284,0.04,38791.013,30971.514,7.161,1.0,3.238,827000,0,195,1972,8824,0.306,62
ivf_pq_reindex,27,826000,1000,250,827000,0.008,skipped,0,0.0,0.0,0.008,,156043.574,,1.0,5.525,793250,33750,195,1888,8265,0.303,62
ivf_rq_spfresh,27,826000,1000,250,827000,0.008,spfresh,1250,0.043,30739.038,0.051,29336.869,24649.99,9.469,0.9,5.64,827000,0,195,1823,8566,0.286,62
ivf_rq_reindex,27,826000,1000,250,827000,0.008,skipped,0,0.0,0.0,0.008,,153679.083,,0.9,5.076,793250,33750,195,1764,8076,0.283,62
ivf_hnsw_spfresh,27,826000,1000,250,827000,0.008,spfresh,1250,4.32,295.144,4.328,289.372,288.813,959.935,1.0,79.665,827000,0,195,1822,10022,0.306,62
ivf_hnsw_reindex,27,826000,1000,250,827000,0.009,skipped,0,0.0,0.0,0.009,,146713.615,,1.0,74.454,793250,33750,195,1770,9301,0.302,62
ivf_hnsw_reindex,28,827000,1000,250,828000,0.009,skipped,0,0.0,0.0,0.009,,143484.375,,1.0,75.991,793000,35000,195,1770,9301,0.302,64
ivf_hnsw_spfresh,28,827000,1000,250,828000,0.009,spfresh,1250,4.353,294.852,4.361,287.181,286.608,967.257,1.0,82.06,828000,0,195,1824,10042,0.306,64
ivf_rq_reindex,28,827000,1000,250,828000,0.008,skipped,0,0.0,0.0,0.008,,147741.039,,1.0,5.272,793000,35000,195,1764,8076,0.283,64
ivf_rq_spfresh,28,827000,1000,250,828000,0.008,spfresh,1250,0.045,30630.367,0.053,27961.391,23728.865,9.934,1.0,9.705,828000,0,195,1824,8597,0.286,64
ivf_pq_reindex,28,827000,1000,250,828000,0.008,skipped,0,0.0,0.0,0.008,,155972.175,,0.8,5.219,793000,35000,195,1888,8265,0.303,64
ivf_pq_spfresh,28,827000,1000,250,828000,0.008,spfresh,1250,0.038,38836.46,0.046,32832.528,27052.667,8.46,0.8,3.667,828000,0,195,1974,8865,0.306,64
ivf_pq_spfresh,29,828000,1000,250,829000,0.008,spfresh,1250,0.032,38847.881,0.04,39170.423,31038.775,7.092,1.0,3.078,829000,0,195,1977,8893,0.306,66
ivf_pq_reindex,29,828000,1000,250,829000,0.008,skipped,0,0.0,0.0,0.008,,148277.015,,1.0,5.021,792750,36250,195,1888,8265,0.303,66
ivf_rq_spfresh,29,828000,1000,250,829000,0.008,spfresh,1250,0.042,30593.374,0.051,29592.657,24656.798,9.387,1.0,4.136,829000,0,195,1825,8627,0.286,66
ivf_rq_reindex,29,828000,1000,250,829000,0.008,skipped,0,0.0,0.0,0.008,,157161.873,,1.0,5.253,792750,36250,195,1764,8076,0.283,66
ivf_hnsw_spfresh,29,828000,1000,250,829000,0.008,spfresh,1250,4.382,294.512,4.39,285.286,284.764,973.682,1.0,80.956,829000,0,195,1826,10070,0.306,66
ivf_hnsw_reindex,29,828000,1000,250,829000,0.009,skipped,0,0.0,0.0,0.009,,142689.308,,1.0,74.642,792750,36250,195,1770,9301,0.302,66
ivf_hnsw_reindex,30,829000,1000,250,830000,0.009,reindex,37500,5.121,7323.256,5.129,7323.256,243.704,37.931,1.0,77.797,830000,0,202,1444,9166,0.313,68
ivf_hnsw_spfresh,30,829000,1000,250,830000,0.009,spfresh,1250,4.366,294.231,4.374,286.323,285.762,970.157,1.0,80.265,830000,0,195,1831,10082,0.305,68
ivf_rq_reindex,30,829000,1000,250,830000,0.009,reindex,37500,0.8,46884.821,0.809,46884.821,1545.505,5.925,1.0,3.7,830000,0,202,1319,9987,0.31,68
ivf_rq_spfresh,30,829000,1000,250,830000,0.009,spfresh,1250,0.055,30235.406,0.065,22575.113,19349.745,12.305,1.0,5.098,830000,0,195,1830,8650,0.286,68
ivf_pq_reindex,30,829000,1000,250,830000,0.009,reindex,37500,4.57,8204.859,4.579,8204.859,272.959,33.855,1.0,4.359,830000,0,202,1380,9153,0.307,68
ivf_pq_spfresh,30,829000,1000,250,830000,0.01,spfresh,1250,0.042,38463.016,0.051,29878.781,24281.942,9.297,1.0,3.786,830000,0,195,1984,8913,0.306,68
ivf_pq_spfresh,31,830000,1000,250,831000,0.009,spfresh,1250,0.035,38262.906,0.045,35317.843,27904.848,7.865,0.8,3.934,831000,0,195,1988,8943,0.307,70
ivf_pq_reindex,31,830000,1000,250,831000,0.011,skipped,0,0.0,8204.859,0.011,,109835.4,,1.0,4.721,829750,1250,202,1380,9153,0.307,70
ivf_rq_spfresh,31,830000,1000,250,831000,0.012,spfresh,1250,0.045,30156.45,0.057,27829.959,22113.033,9.981,1.0,8.412,831000,0,195,1835,8678,0.287,70
ivf_rq_reindex,31,830000,1000,250,831000,0.009,skipped,0,0.0,46884.821,0.009,,138807.918,,1.0,4.797,829750,1250,202,1319,9987,0.31,70
ivf_hnsw_spfresh,31,830000,1000,250,831000,0.009,spfresh,1250,4.428,293.609,4.437,282.316,281.732,983.927,1.0,81.341,831000,0,195,1832,10093,0.306,70
ivf_hnsw_reindex,31,830000,1000,250,831000,0.009,skipped,0,0.0,7323.256,0.009,,138280.073,,1.0,84.509,829750,1250,202,1444,9166,0.313,70
ivf_hnsw_reindex,32,831000,1000,250,832000,0.009,skipped,0,0.0,7323.256,0.009,,138935.201,,1.0,77.89,829500,2500,202,1444,9166,0.313,72
ivf_hnsw_spfresh,32,831000,1000,250,832000,0.009,spfresh,1250,4.37,293.153,4.379,286.031,285.452,971.146,1.0,81.768,832000,0,195,1833,10110,0.306,72
ivf_rq_reindex,32,831000,1000,250,832000,0.008,skipped,0,0.0,46884.821,0.008,,150947.953,,0.7,4.497,829500,2500,202,1319,9987,0.31,72
ivf_rq_spfresh,32,831000,1000,250,832000,0.008,spfresh,1250,0.049,29936.024,0.058,25495.83,21737.618,10.895,0.8,5.632,832000,0,195,1840,8708,0.287,72
ivf_pq_reindex,32,831000,1000,250,832000,0.008,skipped,0,0.0,8204.859,0.008,,149505.883,,0.9,3.963,829500,2500,202,1380,9153,0.307,72
ivf_pq_spfresh,32,831000,1000,250,832000,0.008,spfresh,1250,0.04,37947.699,0.048,31358.022,25899.646,8.858,1.0,3.607,832000,0,195,1991,8977,0.307,72
ivf_pq_spfresh,33,832000,1000,250,833000,0.009,spfresh,1250,0.032,37946.945,0.041,39035.714,30799.05,7.116,0.9,3.116,833000,0,195,1993,9012,0.307,74
ivf_pq_reindex,33,832000,1000,250,833000,0.008,skipped,0,0.0,8204.859,0.008,,152553.756,,0.8,4.047,829250,3750,202,1380,9153,0.307,74
ivf_rq_spfresh,33,832000,1000,250,833000,0.009,spfresh,1250,0.043,29871.182,0.052,29009.892,24075.617,9.575,0.9,5.411,833000,0,195,1843,8740,0.287,74
ivf_rq_reindex,33,832000,1000,250,833000,0.008,skipped,0,0.0,46884.821,0.008,,150691.681,,0.9,4.182,829250,3750,202,1319,9987,0.31,74
ivf_hnsw_spfresh,33,832000,1000,250,833000,0.008,spfresh,1250,4.354,292.793,4.362,287.112,286.585,967.491,1.0,82.014,833000,0,195,1835,10115,0.306,74
ivf_hnsw_reindex,33,832000,1000,250,833000,0.009,skipped,0,0.0,7323.256,0.009,,146970.209,,1.0,79.906,829250,3750,202,1444,9166,0.313,74
ivf_hnsw_reindex,34,833000,1000,250,834000,0.009,skipped,0,0.0,7323.256,0.009,,137931.035,,1.0,82.737,829000,5000,202,1444,9166,0.313,76
ivf_hnsw_spfresh,34,833000,1000,250,834000,0.009,spfresh,1250,4.332,292.379,4.341,288.523,287.95,962.758,1.0,82.255,834000,0,195,1838,10124,0.306,76
ivf_rq_reindex,34,833000,1000,250,834000,0.009,skipped,0,0.0,46884.821,0.009,,143986.408,,0.9,4.925,829000,5000,202,1319,9987,0.31,76
ivf_rq_spfresh,34,833000,1000,250,834000,0.008,spfresh,1250,0.05,29649.181,0.058,25204.895,21674.217,11.021,0.8,5.88,834000,0,195,1848,8806,0.288,76
ivf_pq_reindex,34,833000,1000,250,834000,0.009,skipped,0,0.0,8204.859,0.009,,142723.26,,0.9,4.222,829000,5000,202,1380,9153,0.307,76
ivf_pq_spfresh,34,833000,1000,250,834000,0.008,spfresh,1250,0.038,37684.985,0.047,32591.231,26822.02,8.523,0.9,3.816,834000,0,195,1997,9093,0.308,76
ivf_pq_spfresh,35,834000,1000,250,835000,0.009,spfresh,1250,0.032,37653.999,0.041,39179.324,30788.809,7.09,0.8,3.571,835000,0,195,2005,9139,0.308,78
ivf_pq_reindex,35,834000,1000,250,835000,0.01,skipped,0,0.0,8204.859,0.01,,130589.792,,0.6,4.706,828750,6250,202,1380,9153,0.307,78
ivf_rq_spfresh,35,834000,1000,250,835000,0.009,spfresh,1250,0.04,29631.382,0.049,31278.477,25369.679,8.881,0.9,7.147,835000,0,195,1858,8843,0.288,78
ivf_rq_reindex,35,834000,1000,250,835000,0.009,skipped,0,0.0,46884.821,0.009,,144115.061,,0.9,4.614,828750,6250,202,1319,9987,0.31,78
ivf_hnsw_spfresh,35,834000,1000,250,835000,0.008,spfresh,1250,4.437,291.81,4.445,281.703,281.187,986.066,1.0,95.116,835000,0,195,1841,10141,0.306,78
ivf_hnsw_reindex,35,834000,1000,250,835000,0.011,skipped,0,0.0,7323.256,0.011,,109229.137,,1.0,93.542,828750,6250,202,1444,9166,0.313,78
ivf_hnsw_reindex,36,835000,1000,250,836000,0.01,skipped,0,0.0,7323.256,0.01,,119901.201,,1.0,77.741,828500,7500,202,1444,9166,0.313,80
ivf_hnsw_spfresh,36,835000,1000,250,836000,0.009,spfresh,1250,4.424,291.164,4.433,282.566,281.974,983.053,0.8,82.589,836000,0,195,1842,10147,0.306,80
ivf_rq_reindex,36,835000,1000,250,836000,0.01,skipped,0,0.0,46884.821,0.01,,127878.324,,0.9,4.866,828500,7500,202,1319,9987,0.31,80
ivf_rq_spfresh,36,835000,1000,250,836000,0.009,spfresh,1250,0.05,29371.283,0.059,24948.917,21216.302,11.134,1.0,6.824,836000,0,195,1866,8882,0.288,80
ivf_pq_reindex,36,835000,1000,250,836000,0.008,skipped,0,0.0,8204.859,0.008,,148845.69,,0.9,4.303,828500,7500,202,1380,9153,0.307,80
ivf_pq_spfresh,36,835000,1000,250,836000,0.009,spfresh,1250,0.037,37440.535,0.046,33596.28,27328.228,8.268,0.9,3.412,836000,0,195,2013,9189,0.308,80
ivf_pq_spfresh,37,836000,1000,250,837000,0.009,spfresh,1250,0.032,37439.801,0.041,39211.79,30686.142,7.084,1.0,3.351,837000,0,195,2017,9230,0.308,82
ivf_pq_reindex,37,836000,1000,250,837000,0.009,skipped,0,0.0,8204.859,0.009,,143982.261,,1.0,4.21,828250,8750,202,1380,9153,0.307,82
ivf_rq_spfresh,37,836000,1000,250,837000,0.009,spfresh,1250,0.04,29359.06,0.049,31483.999,25756.976,8.823,1.0,5.284,837000,0,195,1873,8911,0.287,82
ivf_rq_reindex,37,836000,1000,250,837000,0.008,skipped,0,0.0,46884.821,0.008,,150827.288,,1.0,4.268,828250,8750,202,1319,9987,0.31,82
ivf_hnsw_spfresh,37,836000,1000,250,837000,0.008,spfresh,1250,4.362,290.753,4.37,286.587,286.042,969.26,1.0,81.646,837000,0,195,1845,10151,0.306,82
ivf_hnsw_reindex,37,836000,1000,250,837000,0.01,skipped,0,0.0,7323.256,0.01,,130581.825,,1.0,86.307,828250,8750,202,1444,9166,0.313,82
ivf_hnsw_reindex,38,837000,1000,250,838000,0.009,skipped,0,0.0,7323.256,0.009,,134346.6,,1.0,77.274,828000,10000,202,1444,9166,0.313,84
ivf_hnsw_spfresh,38,837000,1000,250,838000,0.009,spfresh,1250,4.447,290.204,4.455,281.12,280.565,988.112,1.0,83.327,838000,0,195,1846,10167,0.306,84
ivf_rq_reindex,38,837000,1000,250,838000,0.009,skipped,0,0.0,46884.821,0.009,,137407.317,,0.8,5.038,828000,10000,202,1319,9987,0.31,84
ivf_rq_spfresh,38,837000,1000,250,838000,0.008,spfresh,1250,0.05,29120.495,0.058,25102.985,21487.047,11.066,1.0,5.511,838000,0,195,1876,8939,0.287,84
ivf_pq_reindex,38,837000,1000,250,838000,0.009,skipped,0,0.0,8204.859,0.009,,145778.256,,1.0,4.53,828000,10000,202,1380,9153,0.307,84
ivf_pq_spfresh,38,837000,1000,250,838000,0.008,spfresh,1250,0.04,37119.862,0.048,31625.553,26142.629,8.783,1.0,3.535,838000,0,195,2019,9257,0.308,84
ivf_pq_spfresh,39,838000,1000,250,839000,0.009,spfresh,1250,0.033,37034.042,0.042,37553.373,29729.227,7.397,1.0,4.266,839000,0,195,2021,9300,0.308,86
ivf_pq_reindex,39,838000,1000,250,839000,0.009,skipped,0,0.0,8204.859,0.009,,136715.373,,1.0,4.859,827750,11250,202,1380,9153,0.307,86
ivf_rq_spfresh,39,838000,1000,250,839000,0.009,spfresh,1250,0.044,29018.232,0.052,28704.81,23818.881,9.677,1.0,4.075,839000,0,195,1879,8974,0.287,86
ivf_rq_reindex,39,838000,1000,250,839000,0.009,skipped,0,0.0,46884.821,0.009,,142596.395,,0.9,5.241,827750,11250,202,1319,9987,0.31,86
ivf_hnsw_spfresh,39,838000,1000,250,839000,0.009,spfresh,1250,4.433,289.758,4.441,281.985,281.439,985.08,1.0,81.665,839000,0,195,1848,10189,0.306,86
ivf_hnsw_reindex,39,838000,1000,250,839000,0.009,skipped,0,0.0,7323.256,0.009,,137921.523,,1.0,78.555,827750,11250,202,1444,9166,0.313,86
ivf_hnsw_reindex,40,839000,1000,250,840000,0.009,skipped,0,0.0,7323.256,0.009,,137079.56,,1.0,79.332,827500,12500,202,1444,9166,0.313,88
ivf_hnsw_spfresh,40,839000,1000,250,840000,0.009,spfresh,1250,4.458,289.324,4.468,280.378,279.789,990.728,1.0,83.486,840000,0,195,1849,10220,0.306,88
ivf_rq_reindex,40,839000,1000,250,840000,0.009,skipped,0,0.0,46884.821,0.009,,136580.929,,0.8,5.534,827500,12500,202,1319,9987,0.31,88
ivf_rq_spfresh,40,839000,1000,250,840000,0.009,spfresh,1250,0.048,28824.171,0.057,26071.812,22079.231,10.654,0.9,15.672,840000,0,195,1887,9000,0.288,88
ivf_pq_reindex,40,839000,1000,250,840000,0.009,skipped,0,0.0,8204.859,0.009,,136906.918,,0.8,5.414,827500,12500,202,1380,9153,0.307,88
ivf_pq_spfresh,40,839000,1000,250,840000,0.009,spfresh,1250,0.039,36838.551,0.047,32407.522,26423.29,8.571,0.7,4.143,840000,0,195,2027,9329,0.308,88
ivf_pq_spfresh,41,840000,1000,250,841000,0.009,spfresh,1250,0.04,36581.146,0.049,31507.376,25485.456,8.816,1.0,3.228,841000,0,195,2031,9353,0.309,90
ivf_pq_reindex,41,840000,1000,250,841000,0.009,skipped,0,0.0,8204.859,0.009,,135641.04,,0.9,4.745,827250,13750,202,1380,9153,0.307,90
ivf_rq_spfresh,41,840000,1000,250,841000,0.009,spfresh,1250,0.04,28896.032,0.049,30999.422,25349.807,8.961,1.0,5.51,841000,0,195,1893,9021,0.288,90
ivf_rq_reindex,41,840000,1000,250,841000,0.009,skipped,0,0.0,46884.821,0.009,,142852.376,,1.0,4.94,827250,13750,202,1319,9987,0.31,90
ivf_hnsw_spfresh,41,840000,1000,250,841000,0.009,spfresh,1250,4.445,288.797,4.454,281.217,280.654,987.771,1.0,82.465,841000,0,195,1849,10225,0.306,90
ivf_hnsw_reindex,41,840000,1000,250,841000,0.009,skipped,0,0.0,7323.256,0.009,,134379.703,,1.0,78.21,827250,13750,202,1444,9166,0.313,90
ivf_hnsw_reindex,42,841000,1000,250,842000,0.009,skipped,0,0.0,7323.256,0.009,,135583.425,,1.0,78.445,827000,15000,202,1444,9166,0.313,92
ivf_hnsw_spfresh,42,841000,1000,250,842000,0.01,spfresh,1250,4.449,288.238,4.459,280.955,280.328,988.691,1.0,81.447,842000,0,195,1849,10238,0.306,92
ivf_rq_reindex,42,841000,1000,250,842000,0.009,skipped,0,0.0,46884.821,0.009,,133933.958,,1.0,4.972,827000,15000,202,1319,9987,0.31,92
ivf_rq_spfresh,42,841000,1000,250,842000,0.009,spfresh,1250,0.05,28681.531,0.059,25076.001,21255.416,11.077,0.9,5.686,842000,0,195,1900,9031,0.288,92
ivf_pq_reindex,42,841000,1000,250,842000,0.009,skipped,0,0.0,8204.859,0.009,,139064.651,,1.0,4.64,827000,15000,202,1380,9153,0.307,92
ivf_pq_spfresh,42,841000,1000,250,842000,0.009,spfresh,1250,0.032,36585.214,0.041,39185.925,30489.137,7.089,1.0,3.562,842000,0,195,2036,9363,0.309,92
ivf_pq_spfresh,43,842000,1000,250,843000,0.01,spfresh,1250,0.032,36559.725,0.042,39111.848,29962.667,7.102,1.0,3.553,843000,0,195,2039,9371,0.309,94
ivf_pq_reindex,43,842000,1000,250,843000,0.009,skipped,0,0.0,8204.859,0.009,,136772.711,,0.8,5.214,826750,16250,202,1380,9153,0.307,94
ivf_rq_spfresh,43,842000,1000,250,843000,0.009,spfresh,1250,0.043,28629.25,0.052,28962.869,23846.808,9.591,0.8,4.153,843000,0,195,1902,9038,0.288,94
ivf_rq_reindex,43,842000,1000,250,843000,0.009,skipped,0,0.0,46884.821,0.009,,135460.357,,1.0,5.275,826750,16250,202,1319,9987,0.31,94
ivf_hnsw_spfresh,43,842000,1000,250,843000,0.009,spfresh,1250,4.403,287.901,4.412,283.901,283.332,978.431,1.0,81.644,843000,0,195,1851,10239,0.306,94
ivf_hnsw_reindex,43,842000,1000,250,843000,0.01,skipped,0,0.0,7323.256,0.01,,130691.62,,1.0,77.343,826750,16250,202,1444,9166,0.313,94
ivf_hnsw_reindex,44,843000,1000,250,844000,0.009,skipped,0,0.0,7323.256,0.009,,135512.975,,1.0,79.362,826500,17500,202,1444,9166,0.313,96
ivf_hnsw_spfresh,44,843000,1000,250,844000,0.01,spfresh,1250,4.44,287.447,4.45,281.549,280.888,986.607,1.0,81.249,844000,0,195,1851,10240,0.306,96
ivf_rq_reindex,44,843000,1000,250,844000,0.009,skipped,0,0.0,46884.821,0.009,,134083.601,,1.0,5.57,826500,17500,202,1319,9987,0.31,96
ivf_rq_spfresh,44,843000,1000,250,844000,0.009,spfresh,1250,0.048,28469.702,0.058,25905.886,21733.256,10.723,0.8,5.199,844000,0,195,1904,9041,0.288,96
ivf_pq_reindex,44,843000,1000,250,844000,0.009,skipped,0,0.0,8204.859,0.009,,139112.365,,1.0,5.051,826500,17500,202,1380,9153,0.307,96
ivf_pq_spfresh,44,843000,1000,250,844000,0.009,spfresh,1250,0.038,36304.97,0.047,32545.479,26558.332,8.535,1.0,3.452,844000,0,195,2042,9373,0.309,96
ivf_pq_spfresh,45,844000,1000,250,845000,0.01,spfresh,1250,0.032,36278.814,0.042,38709.229,29750.1,7.176,0.6,3.629,845000,0,195,2044,9380,0.309,98
ivf_pq_reindex,45,844000,1000,250,845000,0.009,skipped,0,0.0,8204.859,0.009,,135935.45,,0.7,4.819,826250,18750,202,1380,9153,0.307,98
ivf_rq_spfresh,45,844000,1000,250,845000,0.009,spfresh,1250,0.044,28393.021,0.053,28385.275,23510.695,9.786,1.0,4.173,845000,0,195,1907,9047,0.288,98
ivf_rq_reindex,45,844000,1000,250,845000,0.009,skipped,0,0.0,46884.821,0.009,,134732.758,,1.0,5.101,826250,18750,202,1319,9987,0.31,98
ivf_hnsw_spfresh,45,844000,1000,250,845000,0.009,spfresh,1250,4.432,287.014,4.44,282.07,281.516,984.783,1.0,83.865,845000,0,195,1852,10241,0.306,98
ivf_hnsw_reindex,45,844000,1000,250,845000,0.009,skipped,0,0.0,7323.256,0.009,,134379.097,,1.0,77.527,826250,18750,202,1444,9166,0.313,98
ivf_hnsw_reindex,46,845000,1000,250,846000,0.01,skipped,0,0.0,7323.256,0.01,,129148.909,,1.0,78.135,826000,20000,202,1444,9166,0.313,100
ivf_hnsw_spfresh,46,845000,1000,250,846000,0.01,spfresh,1250,4.451,286.576,4.461,280.852,280.234,989.053,1.0,82.738,846000,0,195,1858,10247,0.306,100
ivf_rq_reindex,46,845000,1000,250,846000,0.009,skipped,0,0.0,46884.821,0.009,,133867.619,,1.0,5.539,826000,20000,202,1319,9987,0.31,100
ivf_rq_spfresh,46,845000,1000,250,846000,0.009,spfresh,1250,0.054,28097.359,0.063,23312.849,19943.361,11.915,0.9,4.025,846000,0,195,1908,9051,0.288,100
ivf_pq_reindex,46,845000,1000,250,846000,0.009,skipped,0,0.0,8204.859,0.009,,139327.507,,1.0,4.735,826000,20000,202,1380,9153,0.307,100
ivf_pq_spfresh,46,845000,1000,250,846000,0.009,spfresh,1250,0.038,36029.173,0.047,32831.989,26457.29,8.461,1.0,3.346,846000,0,195,2046,9384,0.309,100
ivf_pq_spfresh,47,846000,1000,250,847000,0.009,spfresh,1250,0.031,36041.806,0.04,40272.457,30884.024,6.897,1.0,3.518,847000,0,195,2051,9396,0.309,102
ivf_pq_reindex,47,846000,1000,250,847000,0.01,skipped,0,0.0,8204.859,0.01,,127171.983,,0.9,4.837,825750,21250,202,1380,9153,0.307,102
ivf_rq_spfresh,47,846000,1000,250,847000,0.01,spfresh,1250,0.044,27989.975,0.054,28225.89,23169.763,9.841,1.0,4.284,847000,0,195,1912,9063,0.289,102
ivf_rq_reindex,47,846000,1000,250,847000,0.009,skipped,0,0.0,46884.821,0.009,,133535.724,,0.8,5.492,825750,21250,202,1319,9987,0.31,102
ivf_hnsw_spfresh,47,846000,1000,250,847000,0.009,spfresh,1250,4.438,286.246,4.447,281.671,281.088,986.179,1.0,84.482,847000,0,195,1864,10266,0.306,102
ivf_hnsw_reindex,47,846000,1000,250,847000,0.011,skipped,0,0.0,7323.256,0.011,,113279.79,,1.0,77.885,825750,21250,202,1444,9166,0.313,102
ivf_hnsw_reindex,48,847000,1000,250,848000,0.009,skipped,0,0.0,7323.256,0.009,,132219.167,,1.0,79.609,825500,22500,202,1444,9166,0.313,104
ivf_hnsw_spfresh,48,847000,1000,250,848000,0.01,spfresh,1250,4.446,285.814,4.456,281.169,280.541,987.939,1.0,82.686,848000,0,195,1870,10283,0.307,104
ivf_rq_reindex,48,847000,1000,250,848000,0.009,skipped,0,0.0,46884.821,0.009,,132675.855,,0.9,5.415,825500,22500,202,1319,9987,0.31,104
ivf_rq_spfresh,48,847000,1000,250,848000,0.009,spfresh,1250,0.053,27721.522,0.062,23785.266,20218.712,11.679,1.0,4.43,848000,0,195,1917,9086,0.289,104
ivf_pq_reindex,48,847000,1000,250,848000,0.01,skipped,0,0.0,8204.859,0.01,,130059.875,,1.0,4.925,825500,22500,202,1380,9153,0.307,104
ivf_pq_spfresh,48,847000,1000,250,848000,0.009,spfresh,1250,0.037,35819.188,0.046,33471.907,26923.408,8.299,0.9,3.935,848000,0,195,2056,9427,0.31,104
ivf_pq_spfresh,49,848000,1000,250,849000,0.01,spfresh,1250,0.036,35660.707,0.046,35076.806,27458.069,7.919,0.9,3.569,849000,0,195,2060,9464,0.31,106
ivf_pq_reindex,49,848000,1000,250,849000,0.01,skipped,0,0.0,8204.859,0.01,,127649.793,,0.8,5.334,825250,23750,202,1380,9153,0.307,106
ivf_rq_spfresh,49,848000,1000,250,849000,0.009,spfresh,1250,0.044,27612.959,0.054,28116.635,23270.426,9.879,1.0,5.346,849000,0,195,1923,9116,0.289,106
ivf_rq_reindex,49,848000,1000,250,849000,0.009,skipped,0,0.0,46884.821,0.009,,132065.505,,0.8,4.905,825250,23750,202,1319,9987,0.31,106
ivf_hnsw_spfresh,49,848000,1000,250,849000,0.009,spfresh,1250,4.441,285.422,4.451,281.438,280.861,986.994,1.0,84.308,849000,0,195,1874,10299,0.307,106
ivf_hnsw_reindex,49,848000,1000,250,849000,0.01,skipped,0,0.0,7323.256,0.01,,129200.636,,1.0,77.831,825250,23750,202,1444,9166,0.313,106
ivf_hnsw_reindex,50,849000,1000,250,850000,0.01,skipped,0,0.0,7323.256,0.01,,128184.868,,1.0,77.674,825000,25000,202,1444,9166,0.313,108
ivf_hnsw_spfresh,50,849000,1000,250,850000,0.01,spfresh,1250,4.483,284.99,4.493,278.826,278.214,996.24,1.0,82.011,850000,0,195,1878,10317,0.307,108
ivf_rq_reindex,50,849000,1000,250,850000,0.01,skipped,0,0.0,46884.821,0.01,,131284.718,,0.9,5.262,825000,25000,202,1319,9987,0.31,108
ivf_rq_spfresh,50,849000,1000,250,850000,0.01,spfresh,1250,0.052,27423.398,0.061,24197.822,20354.315,11.479,0.9,4.454,850000,0,195,1931,9152,0.289,108
ivf_pq_reindex,50,849000,1000,250,850000,0.01,skipped,0,0.0,8204.859,0.01,,129086.664,,1.0,4.654,825000,25000,202,1380,9153,0.307,108
ivf_pq_spfresh,50,849000,1000,250,850000,0.009,spfresh,1250,0.037,35502.118,0.046,33864.287,27059.693,8.203,0.8,3.715,850000,0,195,2061,9505,0.31,108
ivf_pq_spfresh,51,850000,1000,250,851000,0.011,spfresh,1250,0.032,35488.405,0.043,38940.152,29272.805,7.133,1.0,3.479,851000,0,195,2062,9515,0.31,110
ivf_pq_reindex,51,850000,1000,250,851000,0.01,skipped,0,0.0,8204.859,0.01,,131275.521,,0.8,5.048,824750,26250,202,1380,9153,0.307,110
ivf_rq_spfresh,51,850000,1000,250,851000,0.009,spfresh,1250,0.045,27309.514,0.054,27828.487,23005.235,9.982,1.0,4.275,851000,0,195,1936,9161,0.289,110
ivf_rq_reindex,51,850000,1000,250,851000,0.009,skipped,0,0.0,46884.821,0.009,,133361.186,,1.0,5.6,824750,26250,202,1319,9987,0.31,110
ivf_hnsw_spfresh,51,850000,1000,250,851000,0.009,spfresh,1250,4.455,284.601,4.464,280.569,280.007,990.05,1.0,82.812,851000,0,195,1879,10353,0.307,110
ivf_hnsw_reindex,51,850000,1000,250,851000,0.01,skipped,0,0.0,7323.256,0.01,,129017.821,,1.0,78.219,824750,26250,202,1444,9166,0.313,110
ivf_hnsw_reindex,52,851000,1000,250,852000,0.01,skipped,0,0.0,7323.256,0.01,,126284.949,,1.0,80.691,824500,27500,202,1444,9166,0.313,112
ivf_hnsw_spfresh,52,851000,1000,250,852000,0.01,spfresh,1250,4.476,284.126,4.485,279.285,278.692,994.602,1.0,87.298,852000,0,195,1883,10366,0.307,112
ivf_rq_reindex,52,851000,1000,250,852000,0.01,skipped,0,0.0,46884.821,0.01,,126402.013,,0.8,5.711,824500,27500,202,1319,9987,0.31,112
ivf_rq_spfresh,52,851000,1000,250,852000,0.01,spfresh,1250,0.055,27015.606,0.064,22752.456,19392.473,12.209,1.0,4.339,852000,0,195,1939,9182,0.289,112
ivf_pq_reindex,52,851000,1000,250,852000,0.01,skipped,0,0.0,8204.859,0.01,,127015.301,,0.9,5.276,824500,27500,202,1380,9153,0.307,112
ivf_pq_spfresh,52,851000,1000,250,852000,0.01,spfresh,1250,0.038,35251.269,0.048,32701.29,26111.206,8.494,1.0,4.078,852000,0,195,2065,9545,0.31,112
ivf_pq_spfresh,53,852000,1000,250,853000,0.013,spfresh,1250,0.036,35094.12,0.049,34473.17,25532.98,8.058,1.0,3.703,853000,0,195,2073,9572,0.31,114
ivf_pq_reindex,53,852000,1000,250,853000,0.01,skipped,0,0.0,8204.859,0.01,,126956.179,,1.0,5.137,824250,28750,202,1380,9153,0.307,114
ivf_rq_spfresh,53,852000,1000,250,853000,0.01,spfresh,1250,0.043,26937.126,0.053,29044.607,23695.298,9.564,1.0,6.2,853000,0,195,1943,9209,0.289,114
ivf_rq_reindex,53,852000,1000,250,853000,0.01,skipped,0,0.0,46884.821,0.01,,127818.396,,1.0,5.687,824250,28750,202,1319,9987,0.31,114
ivf_hnsw_spfresh,53,852000,1000,250,853000,0.01,spfresh,1250,4.55,283.593,4.56,274.735,274.153,1011.074,1.0,87.732,853000,0,195,1886,10379,0.307,114
ivf_hnsw_reindex,53,852000,1000,250,853000,0.012,skipped,0,0.0,7323.256,0.012,,107075.176,,1.0,79.845,824250,28750,202,1444,9166,0.313,114
ivf_hnsw_reindex,54,853000,1000,250,854000,0.011,skipped,0,0.0,7323.256,0.011,,117369.977,,1.0,78.535,824000,30000,202,1444,9166,0.313,116
ivf_hnsw_spfresh,54,853000,1000,250,854000,0.011,spfresh,1250,4.487,283.17,4.498,278.573,277.901,997.146,1.0,84.447,854000,0,195,1888,10398,0.307,116
ivf_rq_reindex,54,853000,1000,250,854000,0.01,skipped,0,0.0,46884.821,0.01,,127322.58,,1.0,5.6,824000,30000,202,1319,9987,0.31,116
ivf_rq_spfresh,54,853000,1000,250,854000,0.01,spfresh,1250,0.053,26716.471,0.062,23779.177,20023.294,11.682,1.0,4.347,854000,0,195,1949,9244,0.29,116
ivf_pq_reindex,54,853000,1000,250,854000,0.01,skipped,0,0.0,8204.859,0.01,,130435.359,,1.0,5.017,824000,30000,202,1380,9153,0.307,116
ivf_pq_spfresh,54,853000,1000,250,854000,0.009,spfresh,1250,0.039,34857.285,0.049,31720.588,25667.615,8.757,1.0,3.579,854000,0,195,2080,9607,0.31,116
ivf_pq_spfresh,55,854000,1000,250,855000,0.01,spfresh,1250,0.032,34832.278,0.042,38984.126,29490.406,7.125,1.0,3.238,855000,0,195,2082,9622,0.311,118
ivf_pq_reindex,55,854000,1000,250,855000,0.011,skipped,0,0.0,8204.859,0.011,,118030.767,,0.9,5.243,823750,31250,202,1380,9153,0.307,118
ivf_rq_spfresh,55,854000,1000,250,855000,0.01,spfresh,1250,0.044,26683.895,0.054,28668.848,23311.871,9.689,0.9,4.664,855000,0,195,1952,9256,0.29,118
ivf_rq_reindex,55,854000,1000,250,855000,0.01,skipped,0,0.0,46884.821,0.01,,129702.803,,1.0,5.393,823750,31250,202,1319,9987,0.31,118
ivf_hnsw_spfresh,55,854000,1000,250,855000,0.01,spfresh,1250,4.477,282.799,4.486,279.222,278.63,994.829,1.0,84.467,855000,0,195,1890,10405,0.307,118
ivf_hnsw_reindex,55,854000,1000,250,855000,0.01,skipped,0,0.0,7323.256,0.01,,123008.287,,1.0,78.735,823750,31250,202,1444,9166,0.313,118
ivf_hnsw_reindex,56,855000,1000,250,856000,0.01,skipped,0,0.0,7323.256,0.01,,121188.618,,1.0,82.586,823500,32500,202,1444,9166,0.313,120
ivf_hnsw_spfresh,56,855000,1000,250,856000,0.01,spfresh,1250,4.496,282.312,4.506,278.033,277.421,999.08,1.0,81.546,856000,0,195,1893,10438,0.308,120
ivf_rq_reindex,56,855000,1000,250,856000,0.01,skipped,0,0.0,46884.821,0.01,,119284.29,,1.0,5.791,823500,32500,202,1319,9987,0.31,120
ivf_rq_spfresh,56,855000,1000,250,856000,0.01,spfresh,1250,0.053,26653.218,0.063,23540.12,19933.131,11.8,1.0,5.296,856000,0,195,1955,9273,0.29,120
ivf_pq_reindex,56,855000,1000,250,856000,0.01,skipped,0,0.0,8204.859,0.01,,125803.051,,1.0,4.941,823500,32500,202,1380,9153,0.307,120
ivf_pq_spfresh,56,855000,1000,250,856000,0.01,spfresh,1250,0.037,35021.794,0.047,33401.398,26392.351,8.316,0.9,3.726,856000,0,195,2085,9641,0.311,120
ivf_pq_spfresh,57,856000,1000,250,857000,0.01,spfresh,1250,0.035,34916.877,0.045,35269.554,27609.183,7.876,1.0,3.687,857000,0,195,2088,9668,0.311,122
ivf_pq_reindex,57,856000,1000,250,857000,0.011,skipped,0,0.0,8204.859,0.011,,110903.273,,1.0,5.403,823250,33750,202,1380,9153,0.307,122
ivf_rq_spfresh,57,856000,1000,250,857000,0.011,spfresh,1250,0.041,26675.892,0.052,30184.062,23845.234,9.203,0.8,5.971,857000,0,195,1959,9301,0.291,122
ivf_rq_reindex,57,856000,1000,250,857000,0.01,skipped,0,0.0,46884.821,0.01,,130932.335,,1.0,5.871,823250,33750,202,1319,9987,0.31,122
ivf_hnsw_spfresh,57,856000,1000,250,857000,0.01,spfresh,1250,4.518,281.892,4.528,276.686,276.079,1003.946,1.0,83.348,857000,0,195,1895,10453,0.308,122
ivf_hnsw_reindex,57,856000,1000,250,857000,0.01,skipped,0,0.0,7323.256,0.01,,125008.338,,0.9,78.212,823250,33750,202,1444,9166,0.313,122
ivf_hnsw_reindex,58,857000,1000,250,858000,0.011,skipped,0,0.0,7323.256,0.011,,116121.091,,1.0,78.979,823000,35000,202,1444,9166,0.313,124
ivf_hnsw_spfresh,58,857000,1000,250,858000,0.01,spfresh,1250,4.525,281.527,4.536,276.219,275.604,1005.644,1.0,83.344,858000,0,195,1895,10473,0.308,124
ivf_rq_reindex,58,857000,1000,250,858000,0.01,skipped,0,0.0,46884.821,0.01,,121834.342,,1.0,5.477,823000,35000,202,1319,9987,0.31,124
ivf_rq_spfresh,58,857000,1000,250,858000,0.011,spfresh,1250,0.052,26543.583,0.063,24172.495,19943.122,11.491,1.0,6.14,858000,0,195,1963,9326,0.291,124
ivf_pq_reindex,58,857000,1000,250,858000,0.01,skipped,0,0.0,8204.859,0.01,,124298.744,,1.0,5.298,823000,35000,202,1380,9153,0.307,124
ivf_pq_spfresh,58,857000,1000,250,858000,0.01,spfresh,1250,0.039,34875.912,0.05,31779.526,25118.728,8.741,0.9,3.826,858000,0,195,2092,9697,0.311,124
ivf_pq_spfresh,59,858000,1000,250,859000,0.011,spfresh,1250,0.031,34900.983,0.042,40142.05,30003.691,6.92,0.8,3.637,859000,0,195,2098,9738,0.312,126
ivf_pq_reindex,59,858000,1000,250,859000,0.01,skipped,0,0.0,8204.859,0.01,,120271.814,,0.8,4.805,822750,36250,202,1380,9153,0.307,126
ivf_rq_spfresh,59,858000,1000,250,859000,0.01,spfresh,1250,0.044,26510.661,0.054,28412.535,22984.966,9.777,0.8,4.236,859000,0,195,1972,9362,0.291,126
ivf_rq_reindex,59,858000,1000,250,859000,0.01,skipped,0,0.0,46884.821,0.01,,125182.566,,0.6,5.617,822750,36250,202,1319,9987,0.31,126
ivf_hnsw_spfresh,59,858000,1000,250,859000,0.01,spfresh,1250,4.536,281.2,4.547,275.56,274.937,1008.048,1.0,83.302,859000,0,195,1898,10482,0.308,126
ivf_hnsw_reindex,59,858000,1000,250,859000,0.011,skipped,0,0.0,7323.256,0.011,,116828.348,,0.8,78.243,822750,36250,202,1444,9166,0.313,126
ivf_hnsw_reindex,60,859000,1000,250,860000,0.01,reindex,37500,5.179,7240.662,5.189,7240.662,240.874,38.364,1.0,80.241,860000,0,209,1824,9013,0.305,128
ivf_hnsw_spfresh,60,859000,1000,250,860000,0.011,spfresh,1250,4.536,280.841,4.547,275.565,274.924,1008.028,1.0,83.47,860000,0,195,1899,10495,0.308,128
ivf_rq_reindex,60,859000,1000,250,860000,0.011,reindex,37500,0.785,47762.406,0.796,47762.406,1570.662,5.816,0.9,4.081,860000,0,209,1733,8982,0.295,128
ivf_rq_spfresh,60,859000,1000,250,860000,0.011,spfresh,1250,0.05,26604.95,0.061,24822.498,20441.231,11.191,0.7,8.543,860000,0,195,1975,9371,0.291,128
ivf_pq_reindex,60,859000,1000,250,860000,0.01,reindex,37500,4.437,8451.989,4.447,8451.989,281.077,32.865,1.0,3.921,860000,0,209,1075,9150,0.304,128
ivf_pq_spfresh,60,859000,1000,250,860000,0.01,spfresh,1250,0.039,35009.106,0.049,32452.956,25532.61,8.559,0.7,3.997,860000,0,195,2103,9747,0.312,128
ivf_pq_spfresh,61,860000,1000,250,861000,0.011,spfresh,1250,0.033,35094.302,0.043,38118.423,28743.506,7.287,1.0,3.678,861000,0,195,2107,9748,0.312,130
ivf_pq_reindex,61,860000,1000,250,861000,0.01,skipped,0,0.0,8451.989,0.01,,122773.201,,1.0,4.363,859750,1250,209,1075,9150,0.304,130
ivf_rq_spfresh,61,860000,1000,250,861000,0.01,spfresh,1250,0.044,26614.112,0.055,28133.88,22903.911,9.873,1.0,12.074,861000,0,195,1980,9372,0.291,130
ivf_rq_reindex,61,860000,1000,250,861000,0.011,skipped,0,0.0,47762.406,0.011,,113921.603,,1.0,4.047,859750,1250,209,1733,8982,0.295,130
ivf_hnsw_spfresh,61,860000,1000,250,861000,0.01,spfresh,1250,4.53,280.626,4.54,275.922,275.32,1006.724,1.0,83.496,861000,0,195,1900,10503,0.308,130
ivf_hnsw_reindex,61,860000,1000,250,861000,0.01,skipped,0,0.0,7240.662,0.01,,119316.08,,1.0,85.415,859750,1250,209,1824,9013,0.305,130
ivf_hnsw_reindex,62,861000,1000,250,862000,0.01,skipped,0,0.0,7240.662,0.01,,120190.389,,1.0,82.205,859500,2500,209,1824,9013,0.305,132
ivf_hnsw_spfresh,62,861000,1000,250,862000,0.011,spfresh,1250,4.572,280.203,4.582,273.42,272.792,1015.94,1.0,83.761,862000,0,195,1902,10530,0.308,132
ivf_rq_reindex,62,861000,1000,250,862000,0.011,skipped,0,0.0,47762.406,0.011,,114810.13,,1.0,4.868,859500,2500,209,1733,8982,0.295,132
ivf_rq_spfresh,62,861000,1000,250,862000,0.01,spfresh,1250,0.056,26489.18,0.066,22452.502,19026.889,12.372,1.0,4.285,862000,0,195,1984,9390,0.291,132
ivf_pq_reindex,62,861000,1000,250,862000,0.01,skipped,0,0.0,8451.989,0.01,,120324.885,,1.0,4.468,859500,2500,209,1075,9150,0.304,132
ivf_pq_spfresh,62,861000,1000,250,862000,0.01,spfresh,1250,0.038,35146.792,0.048,32665.754,25808.694,8.504,1.0,3.724,862000,0,195,2111,9766,0.312,132
ivf_pq_spfresh,63,862000,1000,250,863000,0.011,spfresh,1250,0.035,35054.312,0.046,35881.606,27366.221,7.742,0.9,3.45,863000,0,195,2112,9793,0.312,134
ivf_pq_reindex,63,862000,1000,250,863000,0.01,skipped,0,0.0,8451.989,0.01,,121443.231,,0.9,4.434,859250,3750,209,1075,9150,0.304,134
ivf_rq_spfresh,63,862000,1000,250,863000,0.011,spfresh,1250,0.043,26497.092,0.054,29297.304,23289.737,9.481,0.7,6.105,863000,0,195,1985,9408,0.291,134
ivf_rq_reindex,63,862000,1000,250,863000,0.01,skipped,0,0.0,47762.406,0.01,,120645.692,,0.9,4.944,859250,3750,209,1733,8982,0.295,134
ivf_hnsw_spfresh,63,862000,1000,250,863000,0.011,spfresh,1250,4.578,279.735,4.588,273.065,272.439,1017.259,1.0,84.385,863000,0,195,1902,10555,0.309,134
ivf_hnsw_reindex,63,862000,1000,250,863000,0.011,skipped,0,0.0,7240.662,0.011,,116794.225,,1.0,85.096,859250,3750,209,1824,9013,0.305,134
ivf_hnsw_reindex,64,863000,1000,250,864000,0.01,skipped,0,0.0,7240.662,0.01,,119058.017,,1.0,80.821,859000,5000,209,1824,9013,0.305,136
ivf_hnsw_spfresh,64,863000,1000,250,864000,0.011,spfresh,1250,4.552,279.278,4.562,274.612,273.976,1011.528,1.0,83.679,864000,0,195,1904,10575,0.309,136
ivf_rq_reindex,64,863000,1000,250,864000,0.011,skipped,0,0.0,47762.406,0.011,,117303.429,,1.0,5.494,859000,5000,209,1733,8982,0.295,136
ivf_rq_spfresh,64,863000,1000,250,864000,0.01,spfresh,1250,0.052,26448.731,0.063,23954.945,19970.231,11.596,1.0,6.354,864000,0,195,1988,9420,0.291,136
ivf_pq_reindex,64,863000,1000,250,864000,0.01,skipped,0,0.0,8451.989,0.01,,119421.522,,1.0,4.479,859000,5000,209,1075,9150,0.304,136
ivf_pq_spfresh,64,863000,1000,250,864000,0.011,spfresh,1250,0.04,34991.579,0.051,31039.128,24604.079,8.949,0.9,3.73,864000,0,195,2115,9808,0.312,136
ivf_pq_spfresh,65,864000,1000,250,865000,0.011,spfresh,1250,0.037,34837.08,0.047,34099.512,26337.391,8.146,1.0,3.593,865000,0,195,2115,9815,0.312,138
ivf_pq_reindex,65,864000,1000,250,865000,0.011,skipped,0,0.0,8451.989,0.011,,114887.51,,1.0,4.626,858750,6250,209,1075,9150,0.304,138
ivf_rq_spfresh,65,864000,1000,250,865000,0.011,spfresh,1250,0.045,26362.213,0.056,28016.384,22445.245,9.915,0.9,4.137,865000,0,195,1989,9426,0.291,138
ivf_rq_reindex,65,864000,1000,250,865000,0.01,skipped,0,0.0,47762.406,0.01,,119993.28,,0.9,5.143,858750,6250,209,1733,8982,0.295,138
ivf_hnsw_spfresh,65,864000,1000,250,865000,0.01,spfresh,1250,4.546,279.051,4.556,274.959,274.335,1010.253,0.9,83.181,865000,0,195,1904,10596,0.309,138
ivf_hnsw_reindex,65,864000,1000,250,865000,0.011,skipped,0,0.0,7240.662,0.011,,112109.715,,1.0,82.395,858750,6250,209,1824,9013,0.305,138
ivf_hnsw_reindex,66,865000,1000,250,866000,0.011,skipped,0,0.0,7240.662,0.011,,117441.644,,1.0,81.066,858500,7500,209,1824,9013,0.305,140
ivf_hnsw_spfresh,66,865000,1000,250,866000,0.011,spfresh,1250,4.572,278.745,4.583,273.424,272.763,1015.925,0.9,81.575,866000,0,195,1905,10607,0.308,140
ivf_rq_reindex,66,865000,1000,250,866000,0.011,skipped,0,0.0,47762.406,0.011,,114951.778,,0.8,5.046,858500,7500,209,1733,8982,0.295,140
ivf_rq_spfresh,66,865000,1000,250,866000,0.011,spfresh,1250,0.055,26276.763,0.066,22840.141,19067.655,12.162,0.7,4.195,866000,0,195,1990,9433,0.291,140
ivf_pq_reindex,66,865000,1000,250,866000,0.01,skipped,0,0.0,8451.989,0.01,,121368.061,,1.0,4.761,858500,7500,209,1075,9150,0.304,140
ivf_pq_spfresh,66,865000,1000,250,866000,0.011,spfresh,1250,0.04,34755.437,0.051,31458.313,24645.394,8.83,0.9,3.858,866000,0,195,2117,9826,0.312,140
ivf_pq_spfresh,67,866000,1000,250,867000,0.011,spfresh,1250,0.033,34719.967,0.044,37901.232,28512.882,7.329,0.9,3.711,867000,0,195,2118,9833,0.312,142
ivf_pq_reindex,67,866000,1000,250,867000,0.011,skipped,0,0.0,8451.989,0.011,,113280.221,,0.9,4.716,858250,8750,209,1075,9150,0.304,142
ivf_rq_spfresh,67,866000,1000,250,867000,0.011,spfresh,1250,0.045,26174.893,0.056,27620.087,22187.544,10.057,0.8,6.44,867000,0,195,1990,9440,0.291,142
ivf_rq_reindex,67,866000,1000,250,867000,0.011,skipped,0,0.0,47762.406,0.011,,118475.933,,1.0,4.606,858250,8750,209,1733,8982,0.295,142
ivf_hnsw_spfresh,67,866000,1000,250,867000,0.011,spfresh,1250,4.599,278.253,4.61,271.77,271.147,1022.105,1.0,84.383,867000,0,195,1908,10614,0.308,142
ivf_hnsw_reindex,67,866000,1000,250,867000,0.011,skipped,0,0.0,7240.662,0.011,,113446.434,,1.0,82.806,858250,8750,209,1824,9013,0.305,142
ivf_hnsw_reindex,68,867000,1000,250,868000,0.011,skipped,0,0.0,7240.662,0.011,,110528.181,,1.0,82.2,858000,10000,209,1824,9013,0.305,144
ivf_hnsw_spfresh,68,867000,1000,250,868000,0.011,spfresh,1250,4.6,277.936,4.611,271.747,271.101,1022.194,1.0,84.382,868000,0,195,1910,10621,0.308,144
ivf_rq_reindex,68,867000,1000,250,868000,0.011,skipped,0,0.0,47762.406,0.011,,113315.311,,1.0,5.131,858000,10000,209,1733,8982,0.295,144
ivf_rq_spfresh,68,867000,1000,250,868000,0.01,spfresh,1250,0.053,26124.932,0.063,23793.813,19863.998,11.674,1.0,7.471,868000,0,195,1996,9447,0.291,144
ivf_pq_reindex,68,867000,1000,250,868000,0.011,skipped,0,0.0,8451.989,0.011,,118557.39,,1.0,4.558,858000,10000,209,1075,9150,0.304,144
ivf_pq_spfresh,68,867000,1000,250,868000,0.01,spfresh,1250,0.039,34746.149,0.049,32290.459,25402.503,8.602,1.0,3.659,868000,0,195,2125,9838,0.312,144
ivf_pq_spfresh,69,868000,1000,250,869000,0.011,spfresh,1250,0.037,34630.803,0.048,33893.096,26118.844,8.196,0.9,3.577,869000,0,195,2127,9838,0.312,146
ivf_pq_reindex,69,868000,1000,250,869000,0.011,skipped,0,0.0,8451.989,0.011,,114270.91,,1.0,5.163,857750,11250,209,1075,9150,0.304,146
ivf_rq_spfresh,69,868000,1000,250,869000,0.011,spfresh,1250,0.043,26126.269,0.054,28753.286,23026.177,9.661,0.9,12.799,869000,0,195,1998,9447,0.291,146
ivf_rq_reindex,69,868000,1000,250,869000,0.01,skipped,0,0.0,47762.406,0.01,,121285.133,,0.9,5.47,857750,11250,209,1733,8982,0.295,146
ivf_hnsw_spfresh,69,868000,1000,250,869000,0.011,spfresh,1250,4.614,277.563,4.625,270.893,270.259,1025.416,1.0,85.179,869000,0,195,1910,10632,0.309,146
ivf_hnsw_reindex,69,868000,1000,250,869000,0.011,skipped,0,0.0,7240.662,0.011,,114440.045,,1.0,83.552,857750,11250,209,1824,9013,0.305,146
ivf_hnsw_reindex,70,869000,1000,250,870000,0.011,skipped,0,0.0,7240.662,0.011,,111977.9,,0.8,81.43,857500,12500,209,1824,9013,0.305,148
ivf_hnsw_spfresh,70,869000,1000,250,870000,0.011,spfresh,1250,4.598,277.277,4.608,271.876,271.241,1021.708,0.9,83.46,870000,0,195,1910,10659,0.309,148
ivf_rq_reindex,70,869000,1000,250,870000,0.011,skipped,0,0.0,47762.406,0.011,,115222.857,,0.8,5.151,857500,12500,209,1733,8982,0.295,148
ivf_rq_spfresh,70,869000,1000,250,870000,0.011,spfresh,1250,0.054,26022.076,0.064,23281.098,19395.118,11.931,0.8,4.268,870000,0,195,1998,9463,0.292,148
ivf_pq_reindex,70,869000,1000,250,870000,0.011,skipped,0,0.0,8451.989,0.011,,116775.141,,0.8,5.005,857500,12500,209,1075,9150,0.304,148
ivf_pq_spfresh,70,869000,1000,250,870000,0.011,spfresh,1250,0.039,34612.496,0.05,31933.34,25147.785,8.699,1.0,3.695,870000,0,195,2128,9854,0.313,148
ivf_pq_spfresh,71,870000,1000,250,871000,0.011,spfresh,1250,0.037,34698.073,0.048,33782.718,26059.107,8.222,0.9,3.727,871000,0,195,2129,9872,0.313,150
ivf_pq_reindex,71,870000,1000,250,871000,0.011,skipped,0,0.0,8451.989,0.011,,114886.179,,1.0,4.864,857250,13750,209,1075,9150,0.304,150
ivf_rq_spfresh,71,870000,1000,250,871000,0.011,spfresh,1250,0.043,25981.13,0.053,29346.541,23416.791,9.465,0.9,6.509,871000,0,195,2001,9479,0.292,150
ivf_rq_reindex,71,870000,1000,250,871000,0.011,skipped,0,0.0,47762.406,0.011,,118178.165,,1.0,5.563,857250,13750,209,1733,8982,0.295,150
ivf_hnsw_spfresh,71,870000,1000,250,871000,0.011,spfresh,1250,4.619,276.92,4.63,270.594,269.979,1026.55,1.0,84.768,871000,0,195,1910,10679,0.309,150
ivf_hnsw_reindex,71,870000,1000,250,871000,0.011,skipped,0,0.0,7240.662,0.011,,109380.469,,1.0,82.562,857250,13750,209,1824,9013,0.305,150
ivf_hnsw_reindex,72,871000,1000,250,872000,0.011,skipped,0,0.0,7240.662,0.011,,114752.593,,1.0,81.483,857000,15000,209,1824,9013,0.305,152
ivf_hnsw_spfresh,72,871000,1000,250,872000,0.012,spfresh,1250,4.621,276.569,4.632,270.531,269.855,1026.788,1.0,85.924,872000,0,195,1912,10693,0.309,152
ivf_rq_reindex,72,871000,1000,250,872000,0.011,skipped,0,0.0,47762.406,0.011,,115738.062,,1.0,5.789,857000,15000,209,1733,8982,0.295,152
ivf_rq_spfresh,72,871000,1000,250,872000,0.011,spfresh,1250,0.053,25920.548,0.064,23486.583,19419.135,11.827,1.0,4.764,872000,0,195,2003,9497,0.292,152
ivf_pq_reindex,72,871000,1000,250,872000,0.011,skipped,0,0.0,8451.989,0.011,,115174.201,,1.0,4.705,857000,15000,209,1075,9150,0.304,152
ivf_pq_spfresh,72,871000,1000,250,872000,0.011,spfresh,1250,0.041,34405.035,0.052,30410.45,23942.213,9.134,1.0,3.642,872000,0,195,2132,9896,0.313,152
ivf_pq_spfresh,73,872000,1000,250,873000,0.011,spfresh,1250,0.036,34286.494,0.047,34986.565,26742.044,7.94,1.0,3.507,873000,0,195,2134,9908,0.313,154
ivf_pq_reindex,73,872000,1000,250,873000,0.011,skipped,0,0.0,8451.989,0.011,,110612.94,,1.0,5.124,856750,16250,209,1075,9150,0.304,154
ivf_rq_spfresh,73,872000,1000,250,873000,0.011,spfresh,1250,0.045,25889.233,0.056,27834.271,22431.181,9.98,1.0,4.563,873000,0,195,2003,9507,0.292,154
ivf_rq_reindex,73,872000,1000,250,873000,0.011,skipped,0,0.0,47762.406,0.011,,112589.375,,1.0,5.362,856750,16250,209,1733,8982,0.295,154
ivf_hnsw_spfresh,73,872000,1000,250,873000,0.01,spfresh,1250,4.631,276.105,4.642,269.913,269.305,1029.139,1.0,83.552,873000,0,195,1914,10709,0.309,154
ivf_hnsw_reindex,73,872000,1000,250,873000,0.011,skipped,0,0.0,7240.662,0.011,,108960.151,,1.0,80.586,856750,16250,209,1824,9013,0.305,154
ivf_hnsw_reindex,74,873000,1000,250,874000,0.012,skipped,0,0.0,7240.662,0.012,,106137.21,,0.9,81.947,856500,17500,209,1824,9013,0.305,156
ivf_hnsw_spfresh,74,873000,1000,250,874000,0.012,spfresh,1250,4.677,275.623,4.689,267.265,266.605,1039.335,1.0,85.071,874000,0,195,1917,10713,0.309,156
ivf_rq_reindex,74,873000,1000,250,874000,0.011,skipped,0,0.0,47762.406,0.011,,112228.83,,0.7,5.727,856500,17500,209,1733,8982,0.295,156
ivf_rq_spfresh,74,873000,1000,250,874000,0.011,spfresh,1250,0.055,25776.693,0.066,22904.016,19018.168,12.128,0.8,4.38,874000,0,195,2004,9521,0.292,156
ivf_pq_reindex,74,873000,1000,250,874000,0.011,skipped,0,0.0,8451.989,0.011,,113630.341,,1.0,5.234,856500,17500,209,1075,9150,0.304,156
ivf_pq_spfresh,74,873000,1000,250,874000,0.011,spfresh,1250,0.044,34096.979,0.055,28098.201,22598.683,9.886,0.9,4.159,874000,0,195,2137,9921,0.313,156
ivf_pq_spfresh,75,874000,1000,250,875000,0.012,spfresh,1250,0.039,33885.869,0.051,31933.476,24551.706,8.699,1.0,3.685,875000,0,195,2140,9931,0.312,158
ivf_pq_reindex,75,874000,1000,250,875000,0.011,skipped,0,0.0,8451.989,0.011,,112845.593,,0.9,4.854,856250,18750,209,1075,9150,0.304,158
ivf_rq_spfresh,75,874000,1000,250,875000,0.011,spfresh,1250,0.042,25812.944,0.053,29766.305,23510.382,9.332,0.9,5.844,875000,0,195,2005,9527,0.291,158
ivf_rq_reindex,75,874000,1000,250,875000,0.011,skipped,0,0.0,47762.406,0.011,,113302.04,,1.0,4.934,856250,18750,209,1733,8982,0.295,158
ivf_hnsw_spfresh,75,874000,1000,250,875000,0.011,spfresh,1250,4.659,275.163,4.67,268.294,267.671,1035.348,1.0,84.305,875000,0,195,1919,10723,0.308,158
ivf_hnsw_reindex,75,874000,1000,250,875000,0.011,skipped,0,0.0,7240.662,0.011,,108834.459,,1.0,81.881,856250,18750,209,1824,9013,0.305,158
ivf_hnsw_reindex,76,875000,1000,250,876000,0.011,skipped,0,0.0,7240.662,0.011,,108755.553,,1.0,81.894,856000,20000,209,1824,9013,0.305,160
ivf_hnsw_spfresh,76,875000,1000,250,876000,0.011,spfresh,1250,4.684,274.694,4.695,266.893,266.252,1040.781,1.0,83.681,876000,0,195,1919,10732,0.308,160
ivf_rq_reindex,76,875000,1000,250,876000,0.012,skipped,0,0.0,47762.406,0.012,,107758.621,,1.0,5.468,856000,20000,209,1733,8982,0.295,160
ivf_rq_spfresh,76,875000,1000,250,876000,0.011,spfresh,1250,0.053,25829.319,0.063,23720.29,19700.396,11.711,1.0,4.196,876000,0,195,2008,9533,0.291,160
ivf_pq_reindex,76,875000,1000,250,876000,0.011,skipped,0,0.0,8451.989,0.011,,111358.575,,0.9,4.817,856000,20000,209,1075,9150,0.304,160
ivf_pq_spfresh,76,875000,1000,250,876000,0.011,spfresh,1250,0.042,33780.667,0.052,30106.668,23883.677,9.226,1.0,3.889,876000,0,195,2143,9937,0.312,160
ivf_pq_spfresh,77,876000,1000,250,877000,0.012,spfresh,1250,0.037,33607.921,0.049,34018.659,25503.655,8.165,0.8,3.824,877000,0,195,2147,9943,0.312,162
ivf_pq_reindex,77,876000,1000,250,877000,0.011,skipped,0,0.0,8451.989,0.011,,115799.262,,1.0,5.147,855750,21250,209,1075,9150,0.304,162
ivf_rq_spfresh,77,876000,1000,250,877000,0.011,spfresh,1250,0.047,25787.736,0.058,26808.669,21662.636,10.361,0.9,7.727,877000,0,195,2018,9541,0.291,162
ivf_rq_reindex,77,876000,1000,250,877000,0.014,skipped,0,0.0,47762.406,0.014,,92000.552,,0.8,5.938,855750,21250,209,1733,8982,0.295,162
ivf_hnsw_spfresh,77,876000,1000,250,877000,0.014,spfresh,1250,4.662,274.243,4.676,268.1,267.313,1036.099,1.0,82.482,877000,0,195,1928,10743,0.308,162
ivf_hnsw_reindex,77,876000,1000,250,877000,0.011,skipped,0,0.0,7240.662,0.011,,109549.826,,1.0,81.168,855750,21250,209,1824,9013,0.305,162
ivf_hnsw_reindex,78,877000,1000,250,878000,0.012,skipped,0,0.0,7240.662,0.012,,105575.064,,1.0,80.476,855500,22500,209,1824,9013,0.305,164
ivf_hnsw_spfresh,78,877000,1000,250,878000,0.012,spfresh,1250,4.762,273.61,4.773,262.507,261.874,1058.172,1.0,86.239,878000,0,195,1931,10749,0.308,164
ivf_rq_reindex,78,877000,1000,250,878000,0.012,skipped,0,0.0,47762.406,0.012,,105723.149,,1.0,5.482,855500,22500,209,1733,8982,0.295,164
ivf_rq_spfresh,78,877000,1000,250,878000,0.011,spfresh,1250,0.052,25805.09,0.063,24236.275,19962.484,11.461,1.0,6.411,878000,0,195,2023,9567,0.291,164
ivf_pq_reindex,78,877000,1000,250,878000,0.011,skipped,0,0.0,8451.989,0.011,,112796.797,,1.0,4.972,855500,22500,209,1075,9150,0.304,164
ivf_pq_spfresh,78,877000,1000,250,878000,0.011,spfresh,1250,0.041,33491.488,0.052,30322.234,23842.203,9.161,1.0,3.963,878000,0,195,2151,9970,0.312,164
ivf_pq_spfresh,79,878000,1000,250,879000,0.011,spfresh,1250,0.033,33579.264,0.044,38215.537,28369.759,7.269,1.0,3.444,879000,0,195,2154,9983,0.312,166
ivf_pq_reindex,79,878000,1000,250,879000,0.012,skipped,0,0.0,8451.989,0.012,,107796.572,,1.0,5.128,855250,23750,209,1075,9150,0.304,166
ivf_rq_spfresh,79,878000,1000,250,879000,0.011,spfresh,1250,0.043,25832.32,0.054,29119.966,23091.364,9.539,0.8,6.165,879000,0,195,2025,9583,0.291,166
ivf_rq_reindex,79,878000,1000,250,879000,0.011,skipped,0,0.0,47762.406,0.011,,114127.454,,0.9,5.289,855250,23750,209,1733,8982,0.295,166
ivf_hnsw_spfresh,79,878000,1000,250,879000,0.011,spfresh,1250,4.76,272.975,4.771,262.587,261.984,1057.851,1.0,83.805,879000,0,195,1937,10756,0.308,166
ivf_hnsw_reindex,79,878000,1000,250,879000,0.012,skipped,0,0.0,7240.662,0.012,,104304.653,,1.0,81.069,855250,23750,209,1824,9013,0.305,166
ivf_hnsw_reindex,80,879000,1000,250,880000,0.012,skipped,0,0.0,7240.662,0.012,,105218.855,,1.0,83.697,855000,25000,209,1824,9013,0.305,168
ivf_hnsw_spfresh,80,879000,1000,250,880000,0.012,spfresh,1250,4.928,272.095,4.939,253.676,253.064,1095.011,1.0,84.433,880000,0,195,1941,10759,0.308,168
ivf_rq_reindex,80,879000,1000,250,880000,0.012,skipped,0,0.0,47762.406,0.012,,104961.902,,0.8,5.649,855000,25000,209,1733,8982,0.295,168
ivf_rq_spfresh,80,879000,1000,250,880000,0.013,spfresh,1250,0.049,25876.163,0.062,25407.58,20131.08,10.933,0.8,5.173,880000,0,195,2029,9596,0.291,168
ivf_pq_reindex,80,879000,1000,250,880000,0.011,skipped,0,0.0,8451.989,0.011,,108866.838,,0.9,5.231,855000,25000,209,1075,9150,0.304,168
ivf_pq_spfresh,80,879000,1000,250,880000,0.011,spfresh,1250,0.042,33416.173,0.054,29507.229,23260.773,9.414,0.8,3.949,880000,0,195,2158,9994,0.312,168
ivf_pq_spfresh,81,880000,1000,250,881000,0.012,spfresh,1250,0.037,33261.839,0.049,33505.253,25279.656,8.291,1.0,3.776,881000,0,195,2162,10011,0.312,170
ivf_pq_reindex,81,880000,1000,250,881000,0.011,skipped,0,0.0,8451.989,0.011,,109569.425,,0.9,5.28,854750,26250,209,1075,9150,0.304,170
ivf_rq_spfresh,81,880000,1000,250,881000,0.011,spfresh,1250,0.043,25904.195,0.055,28835.258,22824.015,9.633,0.7,4.305,881000,0,195,2031,9620,0.291,170
ivf_rq_reindex,81,880000,1000,250,881000,0.012,skipped,0,0.0,47762.406,0.012,,108526.181,,0.9,5.297,854750,26250,209,1733,8982,0.295,170
ivf_hnsw_spfresh,81,880000,1000,250,881000,0.012,spfresh,1250,4.775,271.465,4.787,261.768,261.135,1061.16,1.0,83.27,881000,0,195,1942,10771,0.308,170
ivf_hnsw_reindex,81,880000,1000,250,881000,0.012,skipped,0,0.0,7240.662,0.012,,105822.722,,1.0,82.207,854750,26250,209,1824,9013,0.305,170
ivf_hnsw_reindex,82,881000,1000,250,882000,0.012,skipped,0,0.0,7240.662,0.012,,104979.893,,1.0,81.877,854500,27500,209,1824,9013,0.305,172
ivf_hnsw_spfresh,82,881000,1000,250,882000,0.012,spfresh,1250,4.826,270.779,4.838,259.031,258.394,1072.374,1.0,83.754,882000,0,195,1943,10785,0.308,172
ivf_rq_reindex,82,881000,1000,250,882000,0.012,skipped,0,0.0,47762.406,0.012,,105817.49,,1.0,5.371,854500,27500,209,1733,8982,0.295,172
ivf_rq_spfresh,82,881000,1000,250,882000,0.012,spfresh,1250,0.045,26083.762,0.056,27794.326,22131.369,9.994,1.0,8.97,882000,0,195,2036,9639,0.291,172
ivf_pq_reindex,82,881000,1000,250,882000,0.011,skipped,0,0.0,8451.989,0.011,,110500.49,,1.0,5.131,854500,27500,209,1075,9150,0.304,172
ivf_pq_spfresh,82,881000,1000,250,882000,0.012,spfresh,1250,0.042,33147.463,0.054,29680.666,23208.282,9.359,1.0,3.726,882000,0,195,2167,10026,0.312,172
ivf_pq_spfresh,83,882000,1000,250,883000,0.012,spfresh,1250,0.036,33166.227,0.048,35092.604,26252.301,7.916,1.0,3.466,883000,0,195,2169,10060,0.312,174
ivf_pq_reindex,83,882000,1000,250,883000,0.012,skipped,0,0.0,8451.989,0.012,,105919.861,,1.0,5.166,854250,28750,209,1075,9150,0.304,174
ivf_rq_spfresh,83,882000,1000,250,883000,0.012,spfresh,1250,0.042,26110.909,0.054,30089.638,23301.713,9.232,0.9,7.349,883000,0,195,2041,9677,0.291,174
ivf_rq_reindex,83,882000,1000,250,883000,0.012,skipped,0,0.0,47762.406,0.012,,107324.926,,1.0,5.431,854250,28750,209,1733,8982,0.295,174
ivf_hnsw_spfresh,83,882000,1000,250,883000,0.011,spfresh,1250,4.936,270.026,4.947,253.263,252.693,1096.796,1.0,92.742,883000,0,195,1945,10799,0.308,174
ivf_hnsw_reindex,83,882000,1000,250,883000,0.014,skipped,0,0.0,7240.662,0.014,,86635.593,,1.0,90.956,854250,28750,209,1824,9013,0.305,174
ivf_hnsw_reindex,84,883000,1000,250,884000,0.013,skipped,0,0.0,7240.662,0.013,,95161.06,,1.0,89.063,854000,30000,209,1824,9013,0.305,176
ivf_hnsw_spfresh,84,883000,1000,250,884000,0.014,spfresh,1250,5.034,268.968,5.048,248.327,247.645,1118.598,1.0,85.869,884000,0,195,1945,10815,0.308,176
ivf_rq_reindex,84,883000,1000,250,884000,0.012,skipped,0,0.0,47762.406,0.012,,106014.562,,1.0,5.638,854000,30000,209,1733,8982,0.295,176
ivf_rq_spfresh,84,883000,1000,250,884000,0.012,spfresh,1250,0.048,26193.478,0.06,26020.119,20918.372,10.675,1.0,6.135,884000,0,195,2047,9682,0.291,176
ivf_pq_reindex,84,883000,1000,250,884000,0.012,skipped,0,0.0,8451.989,0.012,,106539.388,,1.0,5.171,854000,30000,209,1075,9150,0.304,176
ivf_pq_spfresh,84,883000,1000,250,884000,0.011,spfresh,1250,0.04,33143.634,0.052,31112.069,24258.283,8.928,1.0,3.973,884000,0,195,2176,10064,0.312,176
ivf_pq_spfresh,85,884000,1000,250,885000,0.012,spfresh,1250,0.033,33105.42,0.045,37458.374,27556.433,7.416,1.0,3.727,885000,0,195,2179,10070,0.312,178
ivf_pq_reindex,85,884000,1000,250,885000,0.012,skipped,0,0.0,8451.989,0.012,,108463.794,,1.0,4.967,853750,31250,209,1075,9150,0.304,178
ivf_rq_spfresh,85,884000,1000,250,885000,0.011,spfresh,1250,0.043,26209.59,0.054,29259.443,23129.73,9.494,0.9,6.429,885000,0,195,2055,9688,0.291,178
ivf_rq_reindex,85,884000,1000,250,885000,0.011,skipped,0,0.0,47762.406,0.011,,110145.91,,1.0,5.209,853750,31250,209,1733,8982,0.295,178
ivf_hnsw_spfresh,85,884000,1000,250,885000,0.011,spfresh,1250,4.725,268.491,4.736,264.575,263.942,1049.9,1.0,84.284,885000,0,195,1945,10833,0.307,178
ivf_hnsw_reindex,85,884000,1000,250,885000,0.012,skipped,0,0.0,7240.662,0.012,,106292.517,,1.0,83.641,853750,31250,209,1824,9013,0.305,178
ivf_hnsw_reindex,86,885000,1000,250,886000,0.012,skipped,0,0.0,7240.662,0.012,,101410.622,,1.0,83.697,853500,32500,209,1824,9013,0.305,180
ivf_hnsw_spfresh,86,885000,1000,250,886000,0.012,spfresh,1250,4.786,267.935,4.797,261.202,260.553,1063.458,1.0,83.403,886000,0,195,1946,10847,0.308,180
ivf_rq_reindex,86,885000,1000,250,886000,0.012,skipped,0,0.0,47762.406,0.012,,106140.211,,1.0,5.698,853500,32500,209,1733,8982,0.295,180
ivf_rq_spfresh,86,885000,1000,250,886000,0.012,spfresh,1250,0.052,26229.702,0.064,24036.728,19663.415,11.556,0.8,6.047,886000,0,195,2056,9702,0.292,180
ivf_pq_reindex,86,885000,1000,250,886000,0.012,skipped,0,0.0,8451.989,0.012,,101102.691,,0.9,5.158,853500,32500,209,1075,9150,0.304,180
ivf_pq_spfresh,86,885000,1000,250,886000,0.012,spfresh,1250,0.041,33001.388,0.053,30491.988,23505.924,9.11,0.7,3.824,886000,0,195,2181,10092,0.312,180
ivf_pq_spfresh,87,886000,1000,250,887000,0.012,spfresh,1250,0.032,33090.254,0.044,38592.505,28223.844,7.198,0.8,3.558,887000,0,195,2185,10144,0.313,182
ivf_pq_reindex,87,886000,1000,250,887000,0.012,skipped,0,0.0,8451.989,0.012,,103232.908,,0.7,4.978,853250,33750,209,1075,9150,0.304,182
ivf_rq_spfresh,87,886000,1000,250,887000,0.012,spfresh,1250,0.04,26249.194,0.052,30978.198,24025.236,8.967,1.0,6.32,887000,0,195,2058,9761,0.292,182
ivf_rq_reindex,87,886000,1000,250,887000,0.012,skipped,0,0.0,47762.406,0.012,,106137.21,,0.6,5.28,853250,33750,209,1733,8982,0.295,182
ivf_hnsw_spfresh,87,886000,1000,250,887000,0.011,spfresh,1250,4.728,267.532,4.74,264.359,263.724,1050.761,1.0,87.495,887000,0,195,1946,10865,0.308,182
ivf_hnsw_reindex,87,886000,1000,250,887000,0.012,skipped,0,0.0,7240.662,0.012,,107157.017,,1.0,81.214,853250,33750,209,1824,9013,0.305,182
ivf_hnsw_reindex,88,887000,1000,250,888000,0.012,skipped,0,0.0,7240.662,0.012,,103009.238,,1.0,81.317,853000,35000,209,1824,9013,0.305,184
ivf_hnsw_spfresh,88,887000,1000,250,888000,0.012,spfresh,1250,4.756,267.093,4.768,262.825,262.171,1056.891,1.0,88.173,888000,0,195,1946,10879,0.308,184
ivf_rq_reindex,88,887000,1000,250,888000,0.012,skipped,0,0.0,47762.406,0.012,,106935.476,,0.9,5.831,853000,35000,209,1733,8982,0.295,184
ivf_rq_spfresh,88,887000,1000,250,888000,0.012,spfresh,1250,0.054,26209.692,0.066,23206.253,19045.672,11.97,0.9,4.573,888000,0,195,2059,9776,0.292,184
ivf_pq_reindex,88,887000,1000,250,888000,0.012,skipped,0,0.0,8451.989,0.012,,108533.635,,1.0,5.178,853000,35000,209,1075,9150,0.304,184
ivf_pq_spfresh,88,887000,1000,250,888000,0.011,spfresh,1250,0.04,33062.105,0.052,31018.653,24141.022,8.955,1.0,4.2,888000,0,195,2190,10155,0.313,184
ivf_pq_spfresh,89,888000,1000,250,889000,0.012,spfresh,1250,0.033,33003.646,0.045,37709.144,27492.92,7.366,1.0,3.581,889000,0,195,2191,10167,0.313,186
ivf_pq_reindex,89,888000,1000,250,889000,0.013,skipped,0,0.0,8451.989,0.013,,92919.532,,1.0,5.096,852750,36250,209,1075,9150,0.304,186
ivf_rq_spfresh,89,888000,1000,250,889000,0.015,spfresh,1250,0.043,26229.062,0.058,29111.686,21411.396,9.542,1.0,6.343,889000,0,195,2061,9791,0.292,186
ivf_rq_reindex,89,888000,1000,250,889000,0.012,skipped,0,0.0,47762.406,0.012,,108562.309,,1.0,5.36,852750,36250,209,1733,8982,0.295,186
ivf_hnsw_spfresh,89,888000,1000,250,889000,0.012,spfresh,1250,4.726,266.731,4.738,264.471,263.809,1050.315,1.0,88.062,889000,0,195,1947,10897,0.308,186
ivf_hnsw_reindex,89,888000,1000,250,889000,0.012,skipped,0,0.0,7240.662,0.012,,104320.609,,1.0,82.41,852750,36250,209,1824,9013,0.305,186
ivf_hnsw_reindex,90,889000,1000,250,890000,0.012,reindex,37500,5.446,6886.268,5.458,6886.268,229.027,40.338,1.0,82.939,890000,0,217,1637,9311,0.292,188
ivf_hnsw_spfresh,90,889000,1000,250,890000,0.012,spfresh,1250,4.967,265.916,4.979,251.658,251.036,1103.792,1.0,78.703,890000,0,195,1949,10917,0.308,188
ivf_rq_reindex,90,889000,1000,250,890000,0.012,reindex,37500,0.927,40459.892,0.939,40459.892,1331.782,6.866,1.0,4.203,890000,0,217,1779,9251,0.309,188
ivf_rq_spfresh,90,889000,1000,250,890000,0.012,spfresh,1250,0.055,26139.277,0.067,22616.895,18577.059,12.282,1.0,5.337,890000,0,195,2064,9820,0.292,188
ivf_pq_reindex,90,889000,1000,250,890000,0.012,reindex,37500,4.557,8228.924,4.569,8228.924,273.591,33.756,1.0,3.958,890000,0,217,1688,9371,0.289,188
ivf_pq_spfresh,90,889000,1000,250,890000,0.012,spfresh,1250,0.036,33065.276,0.048,34341.131,25994.507,8.089,1.0,3.812,890000,0,195,2192,10193,0.313,188
ivf_pq_spfresh,91,890000,1000,250,891000,0.012,spfresh,1250,0.034,33018.905,0.047,36352.797,26862.272,7.641,1.0,3.924,891000,0,195,2198,10220,0.313,190
ivf_pq_reindex,91,890000,1000,250,891000,0.012,skipped,0,0.0,8228.924,0.012,,105269.071,,0.9,4.646,889750,1250,217,1688,9371,0.289,190
ivf_rq_spfresh,91,890000,1000,250,891000,0.012,spfresh,1250,0.042,26187.799,0.053,29924.172,23415.475,9.283,0.9,6.059,891000,0,195,2073,9844,0.292,190
ivf_rq_reindex,91,890000,1000,250,891000,0.012,skipped,0,0.0,40459.892,0.012,,106171.765,,1.0,4.384,889750,1250,217,1779,9251,0.309,190
ivf_hnsw_spfresh,91,890000,1000,250,891000,0.012,spfresh,1250,4.787,265.433,4.799,261.115,260.458,1063.814,1.0,86.228,891000,0,195,1955,10948,0.308,190
ivf_hnsw_reindex,91,890000,1000,250,891000,0.012,skipped,0,0.0,6886.268,0.012,,104567.509,,1.0,88.17,889750,1250,217,1637,9311,0.292,190
ivf_hnsw_reindex,92,891000,1000,250,892000,0.013,skipped,0,0.0,6886.268,0.013,,99745.975,,1.0,84.857,889500,2500,217,1637,9311,0.292,192
ivf_hnsw_spfresh,92,891000,1000,250,892000,0.012,spfresh,1250,4.773,265.056,4.785,261.905,261.233,1060.603,1.0,82.094,892000,0,195,1958,10975,0.308,192
ivf_rq_reindex,92,891000,1000,250,892000,0.013,skipped,0,0.0,40459.892,0.013,,99751.953,,0.9,5.467,889500,2500,217,1779,9251,0.309,192
ivf_rq_spfresh,92,891000,1000,250,892000,0.013,spfresh,1250,0.05,26282.913,0.063,24756.867,19705.3,11.22,0.8,5.618,892000,0,195,2078,9864,0.292,192
ivf_pq_reindex,92,891000,1000,250,892000,0.012,skipped,0,0.0,8228.924,0.012,,107377.938,,1.0,4.481,889500,2500,217,1688,9371,0.289,192
ivf_pq_spfresh,92,891000,1000,250,892000,0.012,spfresh,1250,0.042,32910.304,0.054,29751.899,23186.721,9.336,0.9,3.964,892000,0,195,2203,10235,0.313,192
ivf_pq_spfresh,93,892000,1000,250,893000,0.012,spfresh,1250,0.036,32888.567,0.048,35122.307,26110.319,7.909,0.8,3.704,893000,0,195,2204,10265,0.314,194
ivf_pq_reindex,93,892000,1000,250,893000,0.012,skipped,0,0.0,8228.924,0.012,,104811.915,,1.0,4.636,889250,3750,217,1688,9371,0.289,194
ivf_rq_spfresh,93,892000,1000,250,893000,0.012,spfresh,1250,0.041,26322.136,0.053,30833.776,23751.277,9.009,0.8,6.324,893000,0,195,2081,9891,0.293,194
ivf_rq_reindex,93,892000,1000,250,893000,0.011,skipped,0,0.0,40459.892,0.011,,109608.664,,0.8,5.258,889250,3750,217,1779,9251,0.309,194
ivf_hnsw_spfresh,93,892000,1000,250,893000,0.012,spfresh,1250,4.782,264.674,4.794,261.422,260.745,1062.563,1.0,85.488,893000,0,195,1958,11000,0.309,194
ivf_hnsw_reindex,93,892000,1000,250,893000,0.012,skipped,0,0.0,6886.268,0.012,,103049.932,,1.0,87.173,889250,3750,217,1637,9311,0.292,194
ivf_hnsw_reindex,94,893000,1000,250,894000,0.013,skipped,0,0.0,6886.268,0.013,,98692.973,,1.0,81.654,889000,5000,217,1637,9311,0.292,196
ivf_hnsw_spfresh,94,893000,1000,250,894000,0.012,spfresh,1250,4.802,264.208,4.814,260.311,259.643,1067.101,1.0,86.407,894000,0,195,1958,11046,0.309,196
ivf_rq_reindex,94,893000,1000,250,894000,0.012,skipped,0,0.0,40459.892,0.012,,102942.788,,0.8,4.733,889000,5000,217,1779,9251,0.309,196
ivf_rq_spfresh,94,893000,1000,250,894000,0.012,spfresh,1250,0.051,26340.133,0.063,24410.308,19866.445,11.38,1.0,6.659,894000,0,195,2083,9916,0.293,196
ivf_pq_reindex,94,893000,1000,250,894000,0.012,skipped,0,0.0,8228.924,0.012,,104118.945,,1.0,4.212,889000,5000,217,1688,9371,0.289,196
ivf_pq_spfresh,94,893000,1000,250,894000,0.012,spfresh,1250,0.039,32911.727,0.051,31670.124,24392.822,8.771,1.0,3.882,894000,0,195,2204,10286,0.314,196
ivf_pq_spfresh,95,894000,1000,250,895000,0.012,spfresh,1250,0.033,33003.826,0.046,37338.14,27253.774,7.44,1.0,3.598,895000,0,195,2211,10308,0.314,198
ivf_pq_reindex,95,894000,1000,250,895000,0.012,skipped,0,0.0,8228.924,0.012,,102855.965,,0.9,4.752,888750,6250,217,1688,9371,0.289,198
ivf_rq_spfresh,95,894000,1000,250,895000,0.012,spfresh,1250,0.043,26365.604,0.055,28907.499,22667.821,9.609,1.0,5.4,895000,0,195,2086,9937,0.293,198
ivf_rq_reindex,95,894000,1000,250,895000,0.012,skipped,0,0.0,40459.892,0.012,,108141.619,,1.0,5.457,888750,6250,217,1779,9251,0.309,198
ivf_hnsw_spfresh,95,894000,1000,250,895000,0.012,spfresh,1250,4.806,263.726,4.818,260.113,259.465,1067.911,1.0,86.826,895000,0,195,1959,11068,0.309,198
ivf_hnsw_reindex,95,894000,1000,250,895000,0.013,skipped,0,0.0,6886.268,0.013,,99993.664,,1.0,87.786,888750,6250,217,1637,9311,0.292,198
ivf_hnsw_reindex,96,895000,1000,250,896000,0.012,skipped,0,0.0,6886.268,0.012,,100025.342,,1.0,83.576,888500,7500,217,1637,9311,0.292,200
ivf_hnsw_spfresh,96,895000,1000,250,896000,0.012,spfresh,1250,4.879,263.157,4.891,256.2,255.555,1084.221,1.0,86.283,896000,0,195,1959,11084,0.309,200
ivf_rq_reindex,96,895000,1000,250,896000,0.012,skipped,0,0.0,40459.892,0.012,,101061.828,,0.9,5.391,888500,7500,217,1779,9251,0.309,200
ivf_rq_spfresh,96,895000,1000,250,896000,0.012,spfresh,1250,0.051,26432.901,0.063,24458.449,19743.389,11.357,1.0,5.737,896000,0,195,2089,9954,0.293,200
ivf_pq_reindex,96,895000,1000,250,896000,0.012,skipped,0,0.0,8228.924,0.012,,103609.764,,1.0,4.354,888500,7500,217,1688,9371,0.289,200
ivf_pq_spfresh,96,895000,1000,250,896000,0.012,spfresh,1250,0.044,32881.874,0.056,28441.95,22406.102,9.766,0.9,4.02,896000,0,195,2215,10327,0.314,200
ivf_pq_spfresh,97,896000,1000,250,897000,0.013,spfresh,1250,0.037,32780.187,0.049,34229.5,25401.19,8.115,1.0,3.56,897000,0,195,2218,10351,0.314,202
ivf_pq_reindex,97,896000,1000,250,897000,0.012,skipped,0,0.0,8228.924,0.012,,102329.352,,1.0,4.617,888250,8750,217,1688,9371,0.289,202
ivf_rq_spfresh,97,896000,1000,250,897000,0.012,spfresh,1250,0.043,26469.311,0.056,28864.749,22465.852,9.623,1.0,4.267,897000,0,195,2093,9977,0.293,202
ivf_rq_reindex,97,896000,1000,250,897000,0.012,skipped,0,0.0,40459.892,0.012,,105452.226,,0.9,5.505,888250,8750,217,1779,9251,0.309,202
ivf_hnsw_spfresh,97,896000,1000,250,897000,0.012,spfresh,1250,4.863,262.672,4.874,257.064,256.447,1080.58,1.0,87.29,897000,0,195,1960,11112,0.309,202
ivf_hnsw_reindex,97,896000,1000,250,897000,0.013,skipped,0,0.0,6886.268,0.013,,98581.732,,1.0,85.04,888250,8750,217,1637,9311,0.292,202
ivf_hnsw_reindex,98,897000,1000,250,898000,0.013,skipped,0,0.0,6886.268,0.013,,98227.003,,1.0,84.626,888000,10000,217,1637,9311,0.292,204
ivf_hnsw_spfresh,98,897000,1000,250,898000,0.012,spfresh,1250,4.839,262.233,4.851,258.311,257.659,1075.36,1.0,87.139,898000,0,195,1961,11135,0.309,204
ivf_rq_reindex,98,897000,1000,250,898000,0.013,skipped,0,0.0,40459.892,0.013,,99712.167,,0.9,5.854,888000,10000,217,1779,9251,0.309,204
ivf_rq_spfresh,98,897000,1000,250,898000,0.012,spfresh,1250,0.05,26510.188,0.062,24826.135,20040.0,11.189,0.8,5.998,898000,0,195,2097,10001,0.293,204
ivf_pq_reindex,98,897000,1000,250,898000,0.012,skipped,0,0.0,8228.924,0.012,,102453.423,,1.0,5.519,888000,10000,217,1688,9371,0.289,204
ivf_pq_spfresh,98,897000,1000,250,898000,0.012,spfresh,1250,0.04,32730.058,0.052,30892.229,23833.717,8.992,1.0,4.345,898000,0,195,2222,10373,0.314,204
ivf_pq_spfresh,99,898000,1000,250,899000,0.014,spfresh,1250,0.037,32726.734,0.051,33786.485,24606.824,8.222,0.9,3.896,899000,0,195,2223,10385,0.314,206
ivf_pq_reindex,99,898000,1000,250,899000,0.012,skipped,0,0.0,8228.924,0.012,,101445.946,,1.0,5.022,887750,11250,217,1688,9371,0.289,206
ivf_rq_spfresh,99,898000,1000,250,899000,0.012,spfresh,1250,0.041,26559.98,0.053,30621.15,23759.911,9.071,1.0,8.117,899000,0,195,2112,10020,0.293,206
ivf_rq_reindex,99,898000,1000,250,899000,0.012,skipped,0,0.0,40459.892,0.012,,104429.917,,1.0,5.327,887750,11250,217,1779,9251,0.309,206
ivf_hnsw_spfresh,99,898000,1000,250,899000,0.012,spfresh,1250,4.84,261.819,4.852,258.254,257.625,1075.598,1.0,87.716,899000,0,195,1964,11150,0.309,206
ivf_hnsw_reindex,99,898000,1000,250,899000,0.013,skipped,0,0.0,6886.268,0.013,,99133.903,,1.0,84.373,887750,11250,217,1637,9311,0.292,206
ivf_hnsw_reindex,100,899000,1000,250,900000,0.013,skipped,0,0.0,6886.268,0.013,,94169.641,,1.0,83.718,887500,12500,217,1637,9311,0.292,208
ivf_hnsw_spfresh,100,899000,1000,250,900000,0.012,spfresh,1250,4.851,261.357,4.863,257.679,257.028,1078.0,1.0,89.225,900000,0,195,1964,11182,0.309,208
ivf_rq_reindex,100,899000,1000,250,900000,0.013,skipped,0,0.0,40459.892,0.013,,95364.034,,1.0,5.21,887500,12500,217,1779,9251,0.309,208
ivf_rq_spfresh,100,899000,1000,250,900000,0.012,spfresh,1250,0.052,26597.59,0.064,24180.23,19476.143,11.488,0.9,6.176,900000,0,195,2115,10046,0.293,208
ivf_pq_reindex,100,899000,1000,250,900000,0.012,skipped,0,0.0,8228.924,0.012,,100805.777,,1.0,4.892,887500,12500,217,1688,9371,0.289,208
ivf_pq_spfresh,100,899000,1000,250,900000,0.012,spfresh,1250,0.043,32612.749,0.055,28969.441,22585.786,9.589,1.0,4.021,900000,0,195,2226,10412,0.314,208
ivf_pq_spfresh,101,900000,1000,250,901000,0.013,spfresh,1250,0.036,32638.133,0.049,34619.446,25711.524,8.024,1.0,3.776,901000,0,195,2234,10450,0.314,210
ivf_pq_reindex,101,900000,1000,250,901000,0.012,skipped,0,0.0,8228.924,0.012,,101093.835,,1.0,5.089,887250,13750,217,1688,9371,0.289,210
ivf_rq_spfresh,101,900000,1000,250,901000,0.012,spfresh,1250,0.043,26580.561,0.056,28737.119,22521.93,9.666,1.0,6.853,901000,0,195,2119,10082,0.293,210
ivf_rq_reindex,101,900000,1000,250,901000,0.012,skipped,0,0.0,40459.892,0.012,,102459.016,,1.0,5.934,887250,13750,217,1779,9251,0.309,210
ivf_hnsw_spfresh,101,900000,1000,250,901000,0.012,spfresh,1250,4.861,260.917,4.873,257.13,256.5,1080.303,1.0,87.712,901000,0,195,1965,11208,0.309,210
ivf_hnsw_reindex,101,900000,1000,250,901000,0.013,skipped,0,0.0,6886.268,0.013,,96228.49,,1.0,83.944,887250,13750,217,1637,9311,0.292,210
ivf_hnsw_reindex,102,901000,1000,250,902000,0.013,skipped,0,0.0,6886.268,0.013,,97712.549,,1.0,83.501,887000,15000,217,1637,9311,0.292,212
ivf_hnsw_spfresh,102,901000,1000,250,902000,0.013,spfresh,1250,4.864,260.476,4.877,256.988,256.305,1080.9,1.0,87.333,902000,0,195,1966,11232,0.309,212
ivf_rq_reindex,102,901000,1000,250,902000,0.013,skipped,0,0.0,40459.892,0.013,,97820.872,,1.0,5.947,887000,15000,217,1779,9251,0.309,212
ivf_rq_spfresh,102,901000,1000,250,902000,0.012,spfresh,1250,0.053,26592.735,0.065,23775.107,19324.456,11.684,0.6,8.562,902000,0,195,2122,10109,0.293,212
ivf_pq_reindex,102,901000,1000,250,902000,0.012,skipped,0,0.0,8228.924,0.012,,102080.74,,1.0,4.847,887000,15000,217,1688,9371,0.289,212
ivf_pq_spfresh,102,901000,1000,250,902000,0.012,spfresh,1250,0.039,32694.244,0.051,31942.861,24376.569,8.696,0.8,4.091,902000,0,195,2243,10477,0.314,212
ivf_pq_spfresh,103,902000,1000,250,903000,0.013,spfresh,1250,0.037,32668.624,0.049,34127.324,25339.571,8.139,1.0,3.575,903000,0,195,2245,10489,0.314,214
ivf_pq_reindex,103,902000,1000,250,903000,0.012,skipped,0,0.0,8228.924,0.012,,100613.744,,1.0,5.203,886750,16250,217,1688,9371,0.289,214
ivf_rq_spfresh,103,902000,1000,250,903000,0.012,spfresh,1250,0.042,26648.057,0.054,29775.286,22944.2,9.329,1.0,5.853,903000,0,195,2124,10119,0.292,214
ivf_rq_reindex,103,902000,1000,250,903000,0.012,skipped,0,0.0,40459.892,0.012,,102251.228,,1.0,5.791,886750,16250,217,1779,9251,0.309,214
ivf_hnsw_spfresh,103,902000,1000,250,903000,0.013,spfresh,1250,4.873,260.038,4.886,256.502,255.835,1082.944,1.0,86.827,903000,0,195,1966,11255,0.309,214
ivf_hnsw_reindex,103,902000,1000,250,903000,0.013,skipped,0,0.0,6886.268,0.013,,97447.841,,1.0,85.369,886750,16250,217,1637,9311,0.292,214
ivf_hnsw_reindex,104,903000,1000,250,904000,0.013,skipped,0,0.0,6886.268,0.013,,93062.794,,1.0,84.214,886500,17500,217,1637,9311,0.292,216
ivf_hnsw_spfresh,104,903000,1000,250,904000,0.013,spfresh,1250,4.88,259.672,4.893,256.128,255.47,1084.527,1.0,86.798,904000,0,195,1966,11270,0.309,216
ivf_rq_reindex,104,903000,1000,250,904000,0.013,skipped,0,0.0,40459.892,0.013,,99400.946,,0.9,6.149,886500,17500,217,1779,9251,0.309,216
ivf_rq_spfresh,104,903000,1000,250,904000,0.012,spfresh,1250,0.051,26718.569,0.063,24576.385,19808.138,11.303,1.0,8.467,904000,0,195,2126,10132,0.293,216
ivf_pq_reindex,104,903000,1000,250,904000,0.013,skipped,0,0.0,8228.924,0.013,,98312.95,,1.0,5.338,886500,17500,217,1688,9371,0.289,216
ivf_pq_spfresh,104,903000,1000,250,904000,0.013,spfresh,1250,0.04,32798.301,0.052,31290.416,23818.522,8.877,0.9,4.154,904000,0,195,2245,10505,0.314,216
ivf_pq_spfresh,105,904000,1000,250,905000,0.013,spfresh,1250,0.033,32963.844,0.046,37422.909,26926.695,7.423,1.0,3.708,905000,0,195,2248,10526,0.314,218
ivf_pq_reindex,105,904000,1000,250,905000,0.013,skipped,0,0.0,8228.924,0.013,,97746.291,,1.0,5.348,886250,18750,217,1688,9371,0.289,218
ivf_rq_spfresh,105,904000,1000,250,905000,0.013,spfresh,1250,0.042,26712.496,0.055,29541.836,22592.063,9.403,1.0,6.484,905000,0,195,2131,10153,0.292,218
ivf_rq_reindex,105,904000,1000,250,905000,0.013,skipped,0,0.0,40459.892,0.013,,99045.856,,1.0,5.506,886250,18750,217,1779,9251,0.309,218
ivf_hnsw_spfresh,105,904000,1000,250,905000,0.012,spfresh,1250,4.867,259.299,4.879,256.82,256.187,1081.603,1.0,89.196,905000,0,195,1967,11279,0.309,218
ivf_hnsw_reindex,105,904000,1000,250,905000,0.018,skipped,0,0.0,6886.268,0.018,,69323.448,,1.0,84.46,886250,18750,217,1637,9311,0.292,218
ivf_hnsw_reindex,106,905000,1000,250,906000,0.013,skipped,0,0.0,6886.268,0.013,,95440.495,,1.0,84.682,886000,20000,217,1637,9311,0.292,220
ivf_hnsw_spfresh,106,905000,1000,250,906000,0.013,spfresh,1250,4.891,258.926,4.904,255.548,254.873,1086.988,1.0,88.369,906000,0,195,1974,11327,0.309,220
ivf_rq_reindex,106,905000,1000,250,906000,0.013,skipped,0,0.0,40459.892,0.013,,96289.021,,1.0,5.876,886000,20000,217,1779,9251,0.309,220
ivf_rq_spfresh,106,905000,1000,250,906000,0.013,spfresh,1250,0.054,26696.858,0.067,23355.846,18789.105,11.893,1.0,6.383,906000,0,195,2131,10171,0.293,220
ivf_pq_reindex,106,905000,1000,250,906000,0.012,skipped,0,0.0,8228.924,0.012,,100076.731,,1.0,5.03,886000,20000,217,1688,9371,0.289,220
ivf_pq_spfresh,106,905000,1000,250,906000,0.012,spfresh,1250,0.039,33031.071,0.051,31884.739,24359.23,8.712,1.0,4.132,906000,0,195,2251,10538,0.315,220
ivf_pq_spfresh,107,906000,1000,250,907000,0.013,spfresh,1250,0.033,33137.622,0.046,37771.101,26953.136,7.354,1.0,4.017,907000,0,195,2254,10556,0.315,222
ivf_pq_reindex,107,906000,1000,250,907000,0.013,skipped,0,0.0,8228.924,0.013,,99265.759,,0.7,5.431,885750,21250,217,1688,9371,0.289,222
ivf_rq_spfresh,107,906000,1000,250,907000,0.013,spfresh,1250,0.041,26802.04,0.054,30403.084,23120.336,9.137,0.8,6.303,907000,0,195,2135,10183,0.293,222
ivf_rq_reindex,107,906000,1000,250,907000,0.012,skipped,0,0.0,40459.892,0.012,,100750.592,,0.9,6.202,885750,21250,217,1779,9251,0.309,222
ivf_hnsw_spfresh,107,906000,1000,250,907000,0.012,spfresh,1250,4.885,258.528,4.898,255.869,255.222,1085.627,1.0,88.037,907000,0,195,1978,11389,0.31,222
ivf_hnsw_reindex,107,906000,1000,250,907000,0.014,skipped,0,0.0,6886.268,0.014,,91795.05,,0.8,84.168,885750,21250,217,1637,9311,0.292,222
ivf_hnsw_reindex,108,907000,1000,250,908000,0.013,skipped,0,0.0,6886.268,0.013,,93845.605,,1.0,85.106,885500,22500,217,1637,9311,0.292,224
ivf_hnsw_spfresh,108,907000,1000,250,908000,0.013,spfresh,1250,4.914,258.258,4.927,254.39,253.72,1091.936,1.0,88.91,908000,0,195,1980,11446,0.31,224
ivf_rq_reindex,108,907000,1000,250,908000,0.013,skipped,0,0.0,40459.892,0.013,,95593.762,,0.8,5.643,885500,22500,217,1779,9251,0.309,224
ivf_rq_spfresh,108,907000,1000,250,908000,0.013,spfresh,1250,0.055,26738.98,0.067,22778.922,18550.707,12.195,0.8,4.245,908000,0,195,2142,10198,0.294,224
ivf_pq_reindex,108,907000,1000,250,908000,0.014,skipped,0,0.0,8228.924,0.014,,92398.959,,1.0,5.068,885500,22500,217,1688,9371,0.289,224
ivf_pq_spfresh,108,907000,1000,250,908000,0.012,spfresh,1250,0.04,33180.717,0.052,31443.278,24021.735,8.834,0.9,3.93,908000,0,195,2256,10569,0.315,224
ivf_pq_spfresh,109,908000,1000,250,909000,0.013,spfresh,1250,0.039,33002.425,0.052,32204.183,24035.63,8.626,0.7,3.477,909000,0,195,2260,10587,0.316,226
ivf_pq_reindex,109,908000,1000,250,909000,0.013,skipped,0,0.0,8228.924,0.013,,93762.597,,0.7,5.309,885250,23750,217,1688,9371,0.289,226
ivf_rq_spfresh,109,908000,1000,250,909000,0.02,spfresh,1250,0.042,26750.908,0.062,29550.449,20216.532,9.4,0.8,6.432,909000,0,195,2145,10217,0.294,226
ivf_rq_reindex,109,908000,1000,250,909000,0.013,skipped,0,0.0,40459.892,0.013,,99214.885,,0.7,5.912,885250,23750,217,1779,9251,0.309,226
ivf_hnsw_spfresh,109,908000,1000,250,909000,0.013,spfresh,1250,4.872,258.06,4.885,256.576,255.91,1082.632,1.0,86.917,909000,0,195,1983,11487,0.31,226
ivf_hnsw_reindex,109,908000,1000,250,909000,0.013,skipped,0,0.0,6886.268,0.013,,96138.745,,1.0,84.837,885250,23750,217,1637,9311,0.292,226
ivf_hnsw_reindex,110,909000,1000,250,910000,0.013,skipped,0,0.0,6886.268,0.013,,95154.417,,0.9,84.751,885000,25000,217,1637,9311,0.292,228
ivf_hnsw_spfresh,110,909000,1000,250,910000,0.013,spfresh,1250,4.935,258.046,4.948,253.282,252.622,1096.715,0.9,87.803,910000,0,195,1984,11513,0.31,228
ivf_rq_reindex,110,909000,1000,250,910000,0.013,skipped,0,0.0,40459.892,0.013,,95419.847,,0.8,6.139,885000,25000,217,1779,9251,0.309,228
ivf_rq_spfresh,110,909000,1000,250,910000,0.013,spfresh,1250,0.05,26738.86,0.062,25085.521,20034.499,11.073,0.8,8.141,910000,0,195,2151,10225,0.294,228
ivf_pq_reindex,110,909000,1000,250,910000,0.013,skipped,0,0.0,8228.924,0.013,,96779.189,,0.9,4.865,885000,25000,217,1688,9371,0.289,228
ivf_pq_spfresh,110,909000,1000,250,910000,0.013,spfresh,1250,0.04,33061.809,0.053,31000.767,23493.076,8.96,0.9,4.137,910000,0,195,2262,10593,0.316,228
ivf_pq_spfresh,111,910000,1000,250,911000,0.013,spfresh,1250,0.034,33166.542,0.047,37063.531,26737.61,7.495,1.0,3.72,911000,0,195,2270,10608,0.316,230
ivf_pq_reindex,111,910000,1000,250,911000,0.013,skipped,0,0.0,8228.924,0.013,,97710.64,,1.0,4.758,884750,26250,217,1688,9371,0.289,230
ivf_rq_spfresh,111,910000,1000,250,911000,0.013,spfresh,1250,0.043,26753.051,0.055,29338.734,22590.038,9.468,1.0,6.041,911000,0,195,2155,10245,0.294,230
ivf_rq_reindex,111,910000,1000,250,911000,0.012,skipped,0,0.0,40459.892,0.012,,100479.957,,1.0,5.589,884750,26250,217,1779,9251,0.309,230
ivf_hnsw_spfresh,111,910000,1000,250,911000,0.012,spfresh,1250,4.923,257.784,4.935,253.924,253.282,1093.939,1.0,86.534,911000,0,195,1987,11534,0.311,230
ivf_hnsw_reindex,111,910000,1000,250,911000,0.013,skipped,0,0.0,6886.268,0.013,,95414.385,,1.0,84.279,884750,26250,217,1637,9311,0.292,230
ivf_hnsw_reindex,112,911000,1000,250,912000,0.014,skipped,0,0.0,6886.268,0.014,,87847.469,,1.0,83.591,884500,27500,217,1637,9311,0.292,232
ivf_hnsw_spfresh,112,911000,1000,250,912000,0.013,spfresh,1250,4.949,257.567,4.962,252.596,251.926,1099.693,1.0,87.676,912000,0,195,1989,11592,0.311,232
ivf_rq_reindex,112,911000,1000,250,912000,0.013,skipped,0,0.0,40459.892,0.013,,96240.833,,1.0,6.13,884500,27500,217,1779,9251,0.309,232
ivf_rq_spfresh,112,911000,1000,250,912000,0.013,spfresh,1250,0.052,26620.639,0.065,24063.759,19362.634,11.543,0.9,6.923,912000,0,195,2155,10254,0.294,232
ivf_pq_reindex,112,911000,1000,250,912000,0.013,skipped,0,0.0,8228.924,0.013,,99323.606,,0.9,5.394,884500,27500,217,1688,9371,0.289,232
ivf_pq_spfresh,112,911000,1000,250,912000,0.013,spfresh,1250,0.038,33290.158,0.05,32967.178,24753.435,8.426,0.9,3.905,912000,0,195,2270,10614,0.316,232
ivf_pq_spfresh,113,912000,1000,250,913000,0.013,spfresh,1250,0.033,33382.113,0.046,38441.333,27298.065,7.226,1.0,3.99,913000,0,195,2270,10633,0.317,234
ivf_pq_reindex,113,912000,1000,250,913000,0.013,skipped,0,0.0,8228.924,0.013,,96797.925,,1.0,5.395,884250,28750,217,1688,9371,0.289,234
ivf_rq_spfresh,113,912000,1000,250,913000,0.013,spfresh,1250,0.04,26647.109,0.053,31138.485,23415.365,8.921,0.8,8.598,913000,0,195,2159,10271,0.295,234
ivf_rq_reindex,113,912000,1000,250,913000,0.013,skipped,0,0.0,40459.892,0.013,,99483.355,,0.9,5.774,884250,28750,217,1779,9251,0.309,234
ivf_hnsw_spfresh,113,912000,1000,250,913000,0.013,spfresh,1250,4.918,257.597,4.931,254.146,253.498,1092.986,1.0,86.701,913000,0,195,1992,11638,0.312,234
ivf_hnsw_reindex,113,912000,1000,250,913000,0.013,skipped,0,0.0,6886.268,0.013,,95704.77,,1.0,83.046,884250,28750,217,1637,9311,0.292,234
ivf_hnsw_reindex,114,913000,1000,250,914000,0.014,skipped,0,0.0,6886.268,0.014,,92047.975,,1.0,83.959,884000,30000,217,1637,9311,0.292,236
ivf_hnsw_spfresh,114,913000,1000,250,914000,0.014,spfresh,1250,4.967,257.716,4.981,251.685,250.97,1103.674,1.0,87.699,914000,0,195,1994,11675,0.312,236
ivf_rq_reindex,114,913000,1000,250,914000,0.013,skipped,0,0.0,40459.892,0.013,,92778.72,,1.0,6.376,884000,30000,217,1779,9251,0.309,236
ivf_rq_spfresh,114,913000,1000,250,914000,0.012,spfresh,1250,0.049,26629.446,0.061,25524.181,20337.163,10.883,0.8,6.39,914000,0,195,2164,10284,0.295,236
ivf_pq_reindex,114,913000,1000,250,914000,0.013,skipped,0,0.0,8228.924,0.013,,97119.747,,1.0,5.289,884000,30000,217,1688,9371,0.289,236
ivf_pq_spfresh,114,913000,1000,250,914000,0.013,spfresh,1250,0.038,33433.792,0.051,32517.4,24367.283,8.542,1.0,4.169,914000,0,195,2270,10647,0.317,236
ivf_pq_spfresh,115,914000,1000,250,915000,0.013,spfresh,1250,0.034,33417.219,0.047,36844.219,26422.336,7.539,0.9,3.492,915000,0,195,2273,10660,0.317,238
ivf_pq_reindex,115,914000,1000,250,915000,0.013,skipped,0,0.0,8228.924,0.013,,95075.109,,0.9,5.355,883750,31250,217,1688,9371,0.289,238
ivf_rq_spfresh,115,914000,1000,250,915000,0.027,spfresh,1250,0.047,26545.577,0.074,26499.66,16913.148,10.482,1.0,6.101,915000,0,195,2169,10300,0.295,238
ivf_rq_reindex,115,914000,1000,250,915000,0.013,skipped,0,0.0,40459.892,0.013,,96795.114,,1.0,5.342,883750,31250,217,1779,9251,0.309,238
ivf_hnsw_spfresh,115,914000,1000,250,915000,0.013,spfresh,1250,4.936,257.341,4.949,253.22,252.551,1096.98,1.0,87.423,915000,0,195,1994,11716,0.312,238
ivf_hnsw_reindex,115,914000,1000,250,915000,0.014,skipped,0,0.0,6886.268,0.014,,92190.818,,1.0,83.356,883750,31250,217,1637,9311,0.292,238
ivf_hnsw_reindex,116,915000,1000,250,916000,0.013,skipped,0,0.0,6886.268,0.013,,93796.312,,1.0,82.512,883500,32500,217,1637,9311,0.292,240
ivf_hnsw_spfresh,116,915000,1000,250,916000,0.013,spfresh,1250,4.981,256.997,4.994,250.955,250.287,1106.882,1.0,87.381,916000,0,195,1995,11732,0.312,240
ivf_rq_reindex,116,915000,1000,250,916000,0.013,skipped,0,0.0,40459.892,0.013,,92902.267,,0.9,5.06,883500,32500,217,1779,9251,0.309,240
ivf_rq_spfresh,116,915000,1000,250,916000,0.013,spfresh,1250,0.051,26563.259,0.064,24479.365,19475.878,11.347,1.0,8.567,916000,0,195,2174,10313,0.295,240
ivf_pq_reindex,116,915000,1000,250,916000,0.013,skipped,0,0.0,8228.924,0.013,,97016.103,,1.0,4.842,883500,32500,217,1688,9371,0.289,240
ivf_pq_spfresh,116,915000,1000,250,916000,0.013,spfresh,1250,0.039,33480.277,0.052,32149.517,24266.466,8.64,1.0,3.832,916000,0,195,2274,10670,0.317,240
ivf_pq_spfresh,117,916000,1000,250,917000,0.014,spfresh,1250,0.032,33478.023,0.046,38502.855,27063.599,7.214,1.0,3.728,917000,0,195,2274,10679,0.317,242
ivf_pq_reindex,117,916000,1000,250,917000,0.013,skipped,0,0.0,8228.924,0.013,,93439.026,,1.0,5.237,883250,33750,217,1688,9371,0.289,242
ivf_rq_spfresh,117,916000,1000,250,917000,0.014,spfresh,1250,0.045,26485.05,0.058,28077.452,21427.837,9.893,1.0,6.242,917000,0,195,2177,10325,0.295,242
ivf_rq_reindex,117,916000,1000,250,917000,0.013,skipped,0,0.0,40459.892,0.013,,94085.769,,0.8,6.295,883250,33750,217,1779,9251,0.309,242
ivf_hnsw_spfresh,117,916000,1000,250,917000,0.013,spfresh,1250,4.952,256.603,4.965,252.398,251.738,1100.553,1.0,87.565,917000,0,195,1995,11736,0.312,242
ivf_hnsw_reindex,117,916000,1000,250,917000,0.013,skipped,0,0.0,6886.268,0.013,,93037.103,,1.0,84.267,883250,33750,217,1637,9311,0.292,242
ivf_hnsw_reindex,118,917000,1000,250,918000,0.014,skipped,0,0.0,6886.268,0.014,,91977.989,,1.0,84.79,883000,35000,217,1637,9311,0.292,244
ivf_hnsw_spfresh,118,917000,1000,250,918000,0.014,spfresh,1250,5.002,256.171,5.016,249.883,249.208,1111.633,1.0,88.313,918000,0,195,1996,11739,0.312,244
ivf_rq_reindex,118,917000,1000,250,918000,0.013,skipped,0,0.0,40459.892,0.013,,93817.431,,1.0,6.23,883000,35000,217,1779,9251,0.309,244
ivf_rq_spfresh,118,917000,1000,250,918000,0.013,spfresh,1250,0.051,26532.226,0.065,24344.069,19356.163,11.41,0.6,6.382,918000,0,195,2186,10343,0.295,244
ivf_pq_reindex,118,917000,1000,250,918000,0.013,skipped,0,0.0,8228.924,0.013,,93212.567,,1.0,5.214,883000,35000,217,1688,9371,0.289,244
ivf_pq_spfresh,118,917000,1000,250,918000,0.013,spfresh,1250,0.04,33489.788,0.053,31324.526,23601.661,8.868,0.9,3.947,918000,0,195,2274,10697,0.317,244
ivf_pq_spfresh,119,918000,1000,250,919000,0.014,spfresh,1250,0.032,33517.662,0.046,38799.091,27044.96,7.159,1.0,3.933,919000,0,195,2277,10717,0.317,246
ivf_pq_reindex,119,918000,1000,250,919000,0.013,skipped,0,0.0,8228.924,0.013,,94326.275,,1.0,5.463,882750,36250,217,1688,9371,0.289,246
ivf_rq_spfresh,119,918000,1000,250,919000,0.013,spfresh,1250,0.042,26540.879,0.056,29427.488,22503.6,9.439,1.0,5.892,919000,0,195,2190,10362,0.295,246
ivf_rq_reindex,119,918000,1000,250,919000,0.013,skipped,0,0.0,40459.892,0.013,,93341.628,,1.0,6.259,882750,36250,217,1779,9251,0.309,246
ivf_hnsw_spfresh,119,918000,1000,250,919000,0.014,spfresh,1250,4.991,255.709,5.004,250.468,249.78,1109.035,1.0,88.934,919000,0,195,2001,11745,0.312,246
ivf_hnsw_reindex,119,918000,1000,250,919000,0.014,skipped,0,0.0,6886.268,0.014,,92340.933,,1.0,84.538,882750,36250,217,1637,9311,0.292,246
ivf_hnsw_reindex,120,919000,1000,250,920000,0.014,reindex,37500,5.652,6634.46,5.666,6634.46,220.601,41.869,1.0,84.832,920000,0,224,1876,9736,0.303,248
ivf_hnsw_spfresh,120,919000,1000,250,920000,0.013,spfresh,1250,5.057,255.553,5.07,247.199,246.543,1123.699,1.0,91.027,920000,0,195,2001,11754,0.313,248
ivf_rq_reindex,120,919000,1000,250,920000,0.014,reindex,37500,0.936,40077.665,0.949,40077.665,1316.821,6.931,0.9,4.524,920000,0,224,960,9465,0.336,248
ivf_rq_spfresh,120,919000,1000,250,920000,0.014,spfresh,1250,0.053,26580.36,0.067,23509.608,18632.082,11.815,0.9,7.919,920000,0,195,2191,10378,0.296,248
ivf_pq_reindex,120,919000,1000,250,920000,0.013,reindex,37500,4.673,8024.14,4.687,8024.14,266.707,34.618,0.9,4.298,920000,0,224,1741,9583,0.31,248
ivf_pq_spfresh,120,919000,1000,250,920000,0.014,spfresh,1250,0.039,33434.928,0.053,31913.841,23614.275,8.704,0.9,4.286,920000,0,195,2279,10732,0.318,248
ivf_pq_spfresh,121,920000,1000,250,921000,0.014,spfresh,1250,0.034,33436.522,0.048,36409.402,26101.301,7.629,1.0,3.66,921000,0,195,2282,10745,0.318,250
ivf_pq_reindex,121,920000,1000,250,921000,0.013,skipped,0,0.0,8024.14,0.013,,93566.67,,1.0,4.173,919750,1250,224,1741,9583,0.31,250
ivf_rq_spfresh,121,920000,1000,250,921000,0.014,spfresh,1250,0.041,26588.001,0.055,30217.445,22772.542,9.193,1.0,5.947,921000,0,195,2195,10395,0.296,250
ivf_rq_reindex,121,920000,1000,250,921000,0.013,skipped,0,0.0,40077.665,0.013,,94900.07,,1.0,3.863,919750,1250,224,960,9465,0.336,250
ivf_hnsw_spfresh,121,920000,1000,250,921000,0.013,spfresh,1250,4.993,255.196,5.006,250.375,249.721,1109.449,1.0,88.041,921000,0,195,2002,11771,0.313,250
ivf_hnsw_reindex,121,920000,1000,250,921000,0.014,skipped,0,0.0,6634.46,0.014,,89911.615,,1.0,90.488,919750,1250,224,1876,9736,0.303,250
ivf_hnsw_reindex,122,921000,1000,250,922000,0.014,skipped,0,0.0,6634.46,0.014,,89395.594,,1.0,86.487,919500,2500,224,1876,9736,0.303,252
ivf_hnsw_spfresh,122,921000,1000,250,922000,0.014,spfresh,1250,4.986,254.825,5.001,250.678,249.955,1108.108,1.0,88.425,922000,0,195,2002,11783,0.313,252
ivf_rq_reindex,122,921000,1000,250,922000,0.014,skipped,0,0.0,40077.665,0.014,,87435.009,,1.0,5.647,919500,2500,224,960,9465,0.336,252
ivf_rq_spfresh,122,921000,1000,250,922000,0.013,spfresh,1250,0.054,26526.121,0.067,23242.319,18643.464,11.951,1.0,7.496,922000,0,195,2202,10406,0.296,252
ivf_pq_reindex,122,921000,1000,250,922000,0.013,skipped,0,0.0,8024.14,0.013,,96978.161,,1.0,4.582,919500,2500,224,1741,9583,0.31,252
ivf_pq_spfresh,122,921000,1000,250,922000,0.015,spfresh,1250,0.041,33465.062,0.056,30444.984,22494.775,9.124,1.0,3.858,922000,0,195,2286,10760,0.318,252
ivf_pq_spfresh,123,922000,1000,250,923000,0.014,spfresh,1250,0.034,33504.529,0.048,36475.139,25954.206,7.616,1.0,3.702,923000,0,195,2290,10779,0.318,254
ivf_pq_reindex,123,922000,1000,250,923000,0.014,skipped,0,0.0,8024.14,0.014,,89167.885,,0.9,4.836,919250,3750,224,1741,9583,0.31,254
ivf_rq_spfresh,123,922000,1000,250,923000,0.014,spfresh,1250,0.042,26496.77,0.056,29687.01,22422.564,9.357,1.0,6.178,923000,0,195,2206,10425,0.296,254
ivf_rq_reindex,123,922000,1000,250,923000,0.013,skipped,0,0.0,40077.665,0.013,,94010.296,,1.0,5.058,919250,3750,224,960,9465,0.336,254
ivf_hnsw_spfresh,123,922000,1000,250,923000,0.015,spfresh,1250,5.034,254.389,5.049,248.302,247.586,1118.708,1.0,85.452,923000,0,195,2004,11802,0.313,254
ivf_hnsw_reindex,123,922000,1000,250,923000,0.013,skipped,0,0.0,6634.46,0.013,,93686.469,,1.0,88.549,919250,3750,224,1876,9736,0.303,254
ivf_hnsw_reindex,124,923000,1000,250,924000,0.014,skipped,0,0.0,6634.46,0.014,,88917.342,,1.0,84.839,919000,5000,224,1876,9736,0.303,256
ivf_hnsw_spfresh,124,923000,1000,250,924000,0.014,spfresh,1250,5.016,254.02,5.03,249.206,248.518,1114.653,1.0,89.07,924000,0,195,2004,11813,0.313,256
ivf_rq_reindex,124,923000,1000,250,924000,0.014,skipped,0,0.0,40077.665,0.014,,89158.612,,0.8,5.398,919000,5000,224,960,9465,0.336,256
ivf_rq_spfresh,124,923000,1000,250,924000,0.013,spfresh,1250,0.055,26420.766,0.069,22612.514,18184.97,12.284,0.9,5.402,924000,0,195,2207,10435,0.296,256
ivf_pq_reindex,124,923000,1000,250,924000,0.014,skipped,0,0.0,8024.14,0.014,,90230.987,,1.0,4.984,919000,5000,224,1741,9583,0.31,256
ivf_pq_spfresh,124,923000,1000,250,924000,0.013,spfresh,1250,0.04,33484.343,0.054,31137.807,23315.748,8.921,0.9,4.2,924000,0,195,2291,10788,0.319,256
ivf_pq_spfresh,125,924000,1000,250,925000,0.014,spfresh,1250,0.034,33462.73,0.048,36548.46,25897.231,7.6,0.7,3.582,925000,0,195,2293,10798,0.319,258
ivf_pq_reindex,125,924000,1000,250,925000,0.014,skipped,0,0.0,8024.14,0.014,,90895.592,,1.0,4.68,918750,6250,224,1741,9583,0.31,258
ivf_rq_spfresh,125,924000,1000,250,925000,0.014,spfresh,1250,0.043,26426.721,0.057,29122.877,21893.032,9.538,0.9,6.461,925000,0,195,2210,10448,0.296,258
ivf_rq_reindex,125,924000,1000,250,925000,0.013,skipped,0,0.0,40077.665,0.013,,93299.826,,0.7,5.366,918750,6250,224,960,9465,0.336,258
ivf_hnsw_spfresh,125,924000,1000,250,925000,0.013,spfresh,1250,5.037,253.623,5.05,248.185,247.523,1119.237,1.0,89.288,925000,0,195,2011,11822,0.313,258
ivf_hnsw_reindex,125,924000,1000,250,925000,0.014,skipped,0,0.0,6634.46,0.014,,89448.107,,1.0,90.093,918750,6250,224,1876,9736,0.303,258
ivf_hnsw_reindex,126,925000,1000,250,926000,0.014,skipped,0,0.0,6634.46,0.014,,87890.453,,1.0,86.855,918500,7500,224,1876,9736,0.303,260
ivf_hnsw_spfresh,126,925000,1000,250,926000,0.014,spfresh,1250,5.044,253.34,5.058,247.804,247.111,1120.959,1.0,89.434,926000,0,195,2013,11830,0.313,260
ivf_rq_reindex,126,925000,1000,250,926000,0.014,skipped,0,0.0,40077.665,0.014,,87901.529,,1.0,5.953,918500,7500,224,960,9465,0.336,260
ivf_rq_spfresh,126,925000,1000,250,926000,0.014,spfresh,1250,0.053,26387.041,0.067,23478.184,18637.997,11.831,1.0,6.922,926000,0,195,2216,10452,0.296,260
ivf_pq_reindex,126,925000,1000,250,926000,0.013,skipped,0,0.0,8024.14,0.013,,93050.373,,1.0,5.22,918500,7500,224,1741,9583,0.31,260
ivf_pq_spfresh,126,925000,1000,250,926000,0.014,spfresh,1250,0.039,33611.195,0.053,32052.001,23650.241,8.666,1.0,4.187,926000,0,195,2295,10799,0.318,260
ivf_pq_spfresh,127,926000,1000,250,927000,0.015,spfresh,1250,0.033,33722.289,0.047,38060.246,26400.595,7.298,1.0,3.481,927000,0,195,2301,10805,0.318,262
ivf_pq_reindex,127,926000,1000,250,927000,0.014,skipped,0,0.0,8024.14,0.014,,90944.642,,1.0,4.585,918250,8750,224,1741,9583,0.31,262
ivf_rq_spfresh,127,926000,1000,250,927000,0.014,spfresh,1250,0.044,26368.673,0.058,28219.65,21454.332,9.843,1.0,6.485,927000,0,195,2218,10461,0.296,262
ivf_rq_reindex,127,926000,1000,250,927000,0.014,skipped,0,0.0,40077.665,0.014,,92069.447,,1.0,5.515,918250,8750,224,960,9465,0.336,262
ivf_hnsw_spfresh,127,926000,1000,250,927000,0.014,spfresh,1250,5.065,252.994,5.079,246.784,246.119,1125.592,1.0,90.121,927000,0,195,2018,11836,0.313,262
ivf_hnsw_reindex,127,926000,1000,250,927000,0.014,skipped,0,0.0,6634.46,0.014,,89590.219,,1.0,86.494,918250,8750,224,1876,9736,0.303,262
ivf_hnsw_reindex,128,927000,1000,250,928000,0.014,skipped,0,0.0,6634.46,0.014,,88567.42,,1.0,85.89,918000,10000,224,1876,9736,0.303,264
ivf_hnsw_spfresh,128,927000,1000,250,928000,0.014,spfresh,1250,5.047,252.639,5.061,247.661,246.964,1121.607,1.0,87.25,928000,0,195,2019,11841,0.312,264
ivf_rq_reindex,128,927000,1000,250,928000,0.014,skipped,0,0.0,40077.665,0.014,,90411.277,,0.7,6.116,918000,10000,224,960,9465,0.336,264
ivf_rq_spfresh,128,927000,1000,250,928000,0.013,spfresh,1250,0.051,26348.544,0.065,24301.75,19300.573,11.43,1.0,6.816,928000,0,195,2224,10468,0.295,264
ivf_pq_reindex,128,927000,1000,250,928000,0.013,skipped,0,0.0,8024.14,0.013,,93168.575,,1.0,5.005,918000,10000,224,1741,9583,0.31,264
ivf_pq_spfresh,128,927000,1000,250,928000,0.013,spfresh,1250,0.041,33701.843,0.054,30385.624,22950.835,9.142,1.0,4.316,928000,0,195,2304,10811,0.317,264
ivf_pq_spfresh,129,928000,1000,250,929000,0.014,spfresh,1250,0.036,33721.826,0.051,34399.567,24608.56,8.075,1.0,3.999,929000,0,195,2307,10820,0.317,266
ivf_pq_reindex,129,928000,1000,250,929000,0.014,skipped,0,0.0,8024.14,0.014,,88546.246,,1.0,5.176,917750,11250,224,1741,9583,0.31,266
ivf_rq_spfresh,129,928000,1000,250,929000,0.014,spfresh,1250,0.043,26313.476,0.057,29261.526,21995.183,9.493,1.0,5.738,929000,0,195,2231,10479,0.295,266
ivf_rq_reindex,129,928000,1000,250,929000,0.014,skipped,0,0.0,40077.665,0.014,,91603.888,,1.0,6.06,917750,11250,224,960,9465,0.336,266
ivf_hnsw_spfresh,129,928000,1000,250,929000,0.014,spfresh,1250,5.055,252.274,5.068,247.3,246.636,1123.244,1.0,89.373,929000,0,195,2023,11847,0.312,266
ivf_hnsw_reindex,129,928000,1000,250,929000,0.014,skipped,0,0.0,6634.46,0.014,,88290.086,,1.0,87.164,917750,11250,224,1876,9736,0.303,266
ivf_hnsw_reindex,130,929000,1000,250,930000,0.014,skipped,0,0.0,6634.46,0.014,,86643.352,,1.0,85.758,917500,12500,224,1876,9736,0.303,268
ivf_hnsw_spfresh,130,929000,1000,250,930000,0.014,spfresh,1250,5.089,251.871,5.103,245.618,244.945,1130.932,1.0,87.87,930000,0,195,2028,11857,0.312,268
ivf_rq_reindex,130,929000,1000,250,930000,0.014,skipped,0,0.0,40077.665,0.014,,88207.28,,1.0,5.767,917500,12500,224,960,9465,0.336,268
ivf_rq_spfresh,130,929000,1000,250,930000,0.014,spfresh,1250,0.052,26308.503,0.066,24054.884,18945.47,11.548,0.9,7.582,930000,0,195,2234,10481,0.295,268
ivf_pq_reindex,130,929000,1000,250,930000,0.014,skipped,0,0.0,8024.14,0.014,,90190.304,,1.0,4.834,917500,12500,224,1741,9583,0.31,268
ivf_pq_spfresh,130,929000,1000,250,930000,0.014,spfresh,1250,0.042,33766.774,0.056,29998.56,22484.896,9.26,0.9,4.146,930000,0,195,2310,10824,0.317,268
ivf_pq_spfresh,131,930000,1000,250,931000,0.014,spfresh,1250,0.034,33822.933,0.049,36482.592,25744.51,7.614,1.0,3.634,931000,0,195,2310,10832,0.318,270
ivf_pq_reindex,131,930000,1000,250,931000,0.014,skipped,0,0.0,8024.14,0.014,,87735.208,,1.0,4.939,917250,13750,224,1741,9583,0.31,270
ivf_rq_spfresh,131,930000,1000,250,931000,0.014,spfresh,1250,0.042,26330.284,0.057,29537.822,22033.566,9.404,0.9,6.825,931000,0,195,2235,10486,0.296,270
ivf_rq_reindex,131,930000,1000,250,931000,0.014,skipped,0,0.0,40077.665,0.014,,91135.83,,1.0,5.708,917250,13750,224,960,9465,0.336,270
ivf_hnsw_spfresh,131,930000,1000,250,931000,0.014,spfresh,1250,5.086,251.492,5.1,245.782,245.122,1130.179,1.0,88.678,931000,0,195,2029,11867,0.312,270
ivf_hnsw_reindex,131,930000,1000,250,931000,0.014,skipped,0,0.0,6634.46,0.014,,90161.843,,1.0,86.351,917250,13750,224,1876,9736,0.303,270
ivf_hnsw_reindex,132,931000,1000,250,932000,0.014,skipped,0,0.0,6634.46,0.014,,87497.999,,1.0,85.644,917000,15000,224,1876,9736,0.303,272
ivf_hnsw_spfresh,132,931000,1000,250,932000,0.014,spfresh,1250,5.107,251.082,5.121,244.749,244.076,1134.948,1.0,89.396,932000,0,195,2030,11873,0.313,272
ivf_rq_reindex,132,931000,1000,250,932000,0.014,skipped,0,0.0,40077.665,0.014,,87715.451,,1.0,5.488,917000,15000,224,960,9465,0.336,272
ivf_rq_spfresh,132,931000,1000,250,932000,0.014,spfresh,1250,0.053,26315.897,0.068,23428.147,18515.593,11.857,1.0,6.175,932000,0,195,2237,10490,0.296,272
ivf_pq_reindex,132,931000,1000,250,932000,0.014,skipped,0,0.0,8024.14,0.014,,88338.18,,1.0,5.13,917000,15000,224,1741,9583,0.31,272
ivf_pq_spfresh,132,931000,1000,250,932000,0.014,spfresh,1250,0.04,33811.093,0.054,31629.054,23251.11,8.782,1.0,4.231,932000,0,195,2311,10833,0.318,272
ivf_pq_spfresh,133,932000,1000,250,933000,0.015,spfresh,1250,0.033,33916.407,0.048,37669.134,26207.625,7.374,0.8,3.918,933000,0,195,2311,10836,0.318,274
ivf_pq_reindex,133,932000,1000,250,933000,0.014,skipped,0,0.0,8024.14,0.014,,87605.823,,0.9,5.241,916750,16250,224,1741,9583,0.31,274
ivf_rq_spfresh,133,932000,1000,250,933000,0.014,spfresh,1250,0.042,26308.358,0.057,29488.435,22122.866,9.42,0.9,8.701,933000,0,195,2237,10497,0.296,274
ivf_rq_reindex,133,932000,1000,250,933000,0.014,skipped,0,0.0,40077.665,0.014,,91498.005,,0.9,5.511,916750,16250,224,960,9465,0.336,274
ivf_hnsw_spfresh,133,932000,1000,250,933000,0.014,spfresh,1250,5.091,250.716,5.105,245.513,244.836,1131.416,1.0,92.01,933000,0,195,2030,11875,0.313,274
ivf_hnsw_reindex,133,932000,1000,250,933000,0.014,skipped,0,0.0,6634.46,0.014,,87185.229,,1.0,85.136,916750,16250,224,1876,9736,0.303,274
ivf_hnsw_reindex,134,933000,1000,250,934000,0.014,skipped,0,0.0,6634.46,0.014,,86439.64,,1.0,86.632,916500,17500,224,1876,9736,0.303,276
ivf_hnsw_spfresh,134,933000,1000,250,934000,0.014,spfresh,1250,5.115,250.324,5.129,244.386,243.703,1136.635,1.0,89.602,934000,0,195,2030,11879,0.313,276
ivf_rq_reindex,134,933000,1000,250,934000,0.015,skipped,0,0.0,40077.665,0.015,,84298.08,,1.0,5.613,916500,17500,224,960,9465,0.336,276
ivf_rq_spfresh,134,933000,1000,250,934000,0.015,spfresh,1250,0.053,26266.958,0.068,23536.741,18436.148,11.802,1.0,9.036,934000,0,195,2238,10506,0.296,276
ivf_pq_reindex,134,933000,1000,250,934000,0.014,skipped,0,0.0,8024.14,0.014,,90079.268,,1.0,5.236,916500,17500,224,1741,9583,0.31,276
ivf_pq_spfresh,134,933000,1000,250,934000,0.015,spfresh,1250,0.041,33889.965,0.055,30628.997,22549.168,9.069,1.0,4.404,934000,0,195,2312,10845,0.318,276
ivf_pq_spfresh,135,934000,1000,250,935000,0.015,spfresh,1250,0.034,33881.529,0.048,37116.769,25866.997,7.484,1.0,3.872,935000,0,195,2313,10849,0.318,278
ivf_pq_reindex,135,934000,1000,250,935000,0.014,skipped,0,0.0,8024.14,0.014,,87844.389,,1.0,5.261,916250,18750,224,1741,9583,0.31,278
ivf_rq_spfresh,135,934000,1000,250,935000,0.014,spfresh,1250,0.042,26264.196,0.057,29437.421,21983.32,9.436,1.0,8.921,935000,0,195,2238,10509,0.296,278
ivf_rq_reindex,135,934000,1000,250,935000,0.014,skipped,0,0.0,40077.665,0.014,,89943.963,,1.0,5.18,916250,18750,224,960,9465,0.336,278
ivf_hnsw_spfresh,135,934000,1000,250,935000,0.014,spfresh,1250,5.071,249.984,5.085,246.512,245.822,1126.83,1.0,91.068,935000,0,195,2030,11886,0.313,278
ivf_hnsw_reindex,135,934000,1000,250,935000,0.014,skipped,0,0.0,6634.46,0.014,,87956.936,,1.0,86.202,916250,18750,224,1876,9736,0.303,278
ivf_hnsw_reindex,136,935000,1000,250,936000,0.015,skipped,0,0.0,6634.46,0.015,,84423.334,,0.8,86.418,916000,20000,224,1876,9736,0.303,280
ivf_hnsw_spfresh,136,935000,1000,250,936000,0.015,spfresh,1250,5.123,249.599,5.138,243.994,243.285,1138.463,1.0,87.055,936000,0,195,2030,11904,0.312,280
ivf_rq_reindex,136,935000,1000,250,936000,0.015,skipped,0,0.0,40077.665,0.015,,85646.749,,0.9,6.048,916000,20000,224,960,9465,0.336,280
ivf_rq_spfresh,136,935000,1000,250,936000,0.014,spfresh,1250,0.053,26282.894,0.067,23807.691,18782.105,11.668,0.6,8.045,936000,0,195,2238,10526,0.296,280
ivf_pq_reindex,136,935000,1000,250,936000,0.014,skipped,0,0.0,8024.14,0.014,,88311.918,,1.0,5.324,916000,20000,224,1741,9583,0.31,280
ivf_pq_spfresh,136,935000,1000,250,936000,0.014,spfresh,1250,0.041,33841.325,0.055,30850.042,22912.202,9.004,0.8,4.126,936000,0,195,2315,10864,0.318,280
ivf_pq_spfresh,137,936000,1000,250,937000,0.015,spfresh,1250,0.034,33812.75,0.049,36731.71,25606.489,7.562,1.0,3.921,937000,0,195,2318,10873,0.318,282
ivf_pq_reindex,137,936000,1000,250,937000,0.014,skipped,0,0.0,8024.14,0.014,,87215.134,,0.9,5.035,915750,21250,224,1741,9583,0.31,282
ivf_rq_spfresh,137,936000,1000,250,937000,0.014,spfresh,1250,0.042,26265.864,0.056,29734.058,22307.386,9.342,1.0,6.548,937000,0,195,2239,10535,0.296,282
ivf_rq_reindex,137,936000,1000,250,937000,0.014,skipped,0,0.0,40077.665,0.014,,87899.724,,1.0,5.364,915750,21250,224,960,9465,0.336,282
ivf_hnsw_spfresh,137,936000,1000,250,937000,0.014,spfresh,1250,5.111,249.225,5.125,244.586,243.899,1135.706,1.0,91.34,937000,0,195,2033,11914,0.312,282
ivf_hnsw_reindex,137,936000,1000,250,937000,0.014,skipped,0,0.0,6634.46,0.014,,87629.105,,1.0,85.195,915750,21250,224,1876,9736,0.303,282
ivf_hnsw_reindex,138,937000,1000,250,938000,0.015,skipped,0,0.0,6634.46,0.015,,83155.469,,1.0,85.396,915500,22500,224,1876,9736,0.303,284
ivf_hnsw_spfresh,138,937000,1000,250,938000,0.016,spfresh,1250,5.192,248.765,5.208,240.755,240.037,1153.777,1.0,91.255,938000,0,195,2034,11933,0.312,284
ivf_rq_reindex,138,937000,1000,250,938000,0.015,skipped,0,0.0,40077.665,0.015,,84857.228,,1.0,6.245,915500,22500,224,960,9465,0.336,284
ivf_rq_spfresh,138,937000,1000,250,938000,0.015,spfresh,1250,0.054,26282.117,0.069,23151.399,18222.814,11.998,1.0,7.544,938000,0,195,2242,10544,0.295,284
ivf_pq_reindex,138,937000,1000,250,938000,0.014,skipped,0,0.0,8024.14,0.014,,88989.874,,1.0,5.706,915500,22500,224,1741,9583,0.31,284
ivf_pq_spfresh,138,937000,1000,250,938000,0.014,spfresh,1250,0.042,33742.157,0.056,29709.265,22228.808,9.35,1.0,4.397,938000,0,195,2318,10883,0.317,284
ivf_pq_spfresh,139,938000,1000,250,939000,0.015,spfresh,1250,0.037,33803.789,0.052,33977.971,23909.603,8.175,1.0,3.87,939000,0,195,2319,10891,0.317,286
ivf_pq_reindex,139,938000,1000,250,939000,0.014,skipped,0,0.0,8024.14,0.014,,86719.992,,1.0,4.863,915250,23750,224,1741,9583,0.31,286
ivf_rq_spfresh,139,938000,1000,250,939000,0.014,spfresh,1250,0.042,26289.68,0.056,29839.997,22177.309,9.309,1.0,8.567,939000,0,195,2243,10551,0.295,286
ivf_rq_reindex,139,938000,1000,250,939000,0.014,skipped,0,0.0,40077.665,0.014,,87693.144,,1.0,5.516,915250,23750,224,960,9465,0.336,286
ivf_hnsw_spfresh,139,938000,1000,250,939000,0.015,spfresh,1250,5.131,248.338,5.145,243.638,242.948,1140.125,1.0,89.24,939000,0,195,2038,11960,0.311,286
ivf_hnsw_reindex,139,938000,1000,250,939000,0.015,skipped,0,0.0,6634.46,0.015,,84942.282,,1.0,86.397,915250,23750,224,1876,9736,0.303,286
ivf_hnsw_reindex,140,939000,1000,250,940000,0.015,skipped,0,0.0,6634.46,0.015,,82455.637,,0.9,85.029,915000,25000,224,1876,9736,0.303,288
ivf_hnsw_spfresh,140,939000,1000,250,940000,0.015,spfresh,1250,5.23,247.855,5.245,239.014,238.333,1162.181,1.0,88.413,940000,0,195,2040,11982,0.311,288
ivf_rq_reindex,140,939000,1000,250,940000,0.015,skipped,0,0.0,40077.665,0.015,,85924.436,,0.9,5.757,915000,25000,224,960,9465,0.336,288
ivf_rq_spfresh,140,939000,1000,250,940000,0.015,spfresh,1250,0.052,26249.591,0.067,24034.764,18532.303,11.557,0.8,7.706,940000,0,195,2247,10561,0.294,288
ivf_pq_reindex,140,939000,1000,250,940000,0.014,skipped,0,0.0,8024.14,0.014,,87367.529,,0.5,5.512,915000,25000,224,1741,9583,0.31,288
ivf_pq_spfresh,140,939000,1000,250,940000,0.014,spfresh,1250,0.04,33819.971,0.054,31414.303,23153.204,8.842,1.0,4.178,940000,0,195,2320,10902,0.317,288
ivf_pq_spfresh,141,940000,1000,250,941000,0.015,spfresh,1250,0.034,33812.087,0.049,36781.565,25406.978,7.552,0.7,3.974,941000,0,195,2323,10909,0.317,290
ivf_pq_reindex,141,940000,1000,250,941000,0.015,skipped,0,0.0,8024.14,0.015,,85909.177,,0.9,5.243,914750,26250,224,1741,9583,0.31,290
ivf_rq_spfresh,141,940000,1000,250,941000,0.015,spfresh,1250,0.042,26263.384,0.057,29864.653,22034.149,9.301,0.8,7.016,941000,0,195,2248,10569,0.294,290
ivf_rq_reindex,141,940000,1000,250,941000,0.014,skipped,0,0.0,40077.665,0.014,,86550.112,,0.9,6.01,914750,26250,224,960,9465,0.336,290
ivf_hnsw_spfresh,141,940000,1000,250,941000,0.015,spfresh,1250,5.157,247.471,5.173,242.381,241.655,1146.038,0.9,88.997,941000,0,195,2043,12053,0.311,290
ivf_hnsw_reindex,141,940000,1000,250,941000,0.015,skipped,0,0.0,6634.46,0.015,,83188.906,,0.9,86.716,914750,26250,224,1876,9736,0.303,290
ivf_hnsw_reindex,142,941000,1000,250,942000,0.015,skipped,0,0.0,6634.46,0.015,,83019.707,,1.0,87.117,914500,27500,224,1876,9736,0.303,292
ivf_hnsw_spfresh,142,941000,1000,250,942000,0.015,spfresh,1250,5.184,247.088,5.198,241.144,240.467,1151.916,1.0,86.924,942000,0,195,2043,12105,0.311,292
ivf_rq_reindex,142,941000,1000,250,942000,0.015,skipped,0,0.0,40077.665,0.015,,84836.115,,0.8,6.33,914500,27500,224,960,9465,0.336,292
ivf_rq_spfresh,142,941000,1000,250,942000,0.015,spfresh,1250,0.05,26296.901,0.065,24937.428,19291.761,11.139,0.9,8.696,942000,0,195,2251,10580,0.295,292
ivf_pq_reindex,142,941000,1000,250,942000,0.015,skipped,0,0.0,8024.14,0.015,,85824.875,,0.9,5.308,914500,27500,224,1741,9583,0.31,292
ivf_pq_spfresh,142,941000,1000,250,942000,0.015,spfresh,1250,0.039,33787.921,0.054,32291.606,23317.796,8.602,1.0,4.097,942000,0,195,2323,10921,0.317,292
ivf_pq_spfresh,143,942000,1000,250,943000,0.015,spfresh,1250,0.034,33746.685,0.049,36902.275,25532.306,7.527,1.0,3.754,943000,0,195,2323,10931,0.317,294
ivf_pq_reindex,143,942000,1000,250,943000,0.015,skipped,0,0.0,8024.14,0.015,,84245.521,,1.0,5.446,914250,28750,224,1741,9583,0.31,294
ivf_rq_spfresh,143,942000,1000,250,943000,0.015,spfresh,1250,0.043,26239.424,0.058,28890.434,21611.342,9.615,1.0,7.692,943000,0,195,2251,10590,0.295,294
ivf_rq_reindex,143,942000,1000,250,943000,0.015,skipped,0,0.0,40077.665,0.015,,86000.791,,1.0,6.025,914250,28750,224,960,9465,0.336,294
ivf_hnsw_spfresh,143,942000,1000,250,943000,0.015,spfresh,1250,5.306,246.459,5.321,235.583,234.937,1179.109,1.0,89.521,943000,0,195,2045,12129,0.311,294
ivf_hnsw_reindex,143,942000,1000,250,943000,0.015,skipped,0,0.0,6634.46,0.015,,82299.785,,1.0,87.286,914250,28750,224,1876,9736,0.303,294
ivf_hnsw_reindex,144,943000,1000,250,944000,0.016,skipped,0,0.0,6634.46,0.016,,78947.784,,1.0,86.14,914000,30000,224,1876,9736,0.303,296
ivf_hnsw_spfresh,144,943000,1000,250,944000,0.015,spfresh,1250,5.217,246.053,5.232,239.588,238.913,1159.396,1.0,90.772,944000,0,195,2045,12141,0.311,296
ivf_rq_reindex,144,943000,1000,250,944000,0.015,skipped,0,0.0,40077.665,0.015,,82550.709,,1.0,5.543,914000,30000,224,960,9465,0.336,296
ivf_rq_spfresh,144,943000,1000,250,944000,0.015,spfresh,1250,0.054,26149.016,0.069,23184.929,18108.287,11.981,1.0,8.881,944000,0,195,2252,10603,0.294,296
ivf_pq_reindex,144,943000,1000,250,944000,0.015,skipped,0,0.0,8024.14,0.015,,85850.174,,1.0,5.404,914000,30000,224,1741,9583,0.31,296
ivf_pq_spfresh,144,943000,1000,250,944000,0.015,spfresh,1250,0.041,33654.752,0.057,30137.608,22105.31,9.217,0.9,4.382,944000,0,195,2325,10943,0.317,296
ivf_pq_spfresh,145,944000,1000,250,945000,0.015,spfresh,1250,0.034,33653.829,0.049,36811.036,25371.674,7.546,1.0,4.246,945000,0,195,2330,10948,0.317,298
ivf_pq_reindex,145,944000,1000,250,945000,0.015,skipped,0,0.0,8024.14,0.015,,83493.134,,0.7,5.214,913750,31250,224,1741,9583,0.31,298
ivf_rq_spfresh,145,944000,1000,250,945000,0.015,spfresh,1250,0.046,26164.456,0.061,26983.78,20332.573,10.294,0.8,6.842,945000,0,195,2254,10609,0.294,298
ivf_rq_reindex,145,944000,1000,250,945000,0.015,skipped,0,0.0,40077.665,0.015,,84399.342,,1.0,5.461,913750,31250,224,960,9465,0.336,298
ivf_hnsw_spfresh,145,944000,1000,250,945000,0.015,spfresh,1250,5.183,245.657,5.198,241.194,240.476,1151.678,1.0,89.602,945000,0,195,2046,12147,0.311,298
ivf_hnsw_reindex,145,944000,1000,250,945000,0.015,skipped,0,0.0,6634.46,0.015,,82595.704,,1.0,86.345,913750,31250,224,1876,9736,0.303,298
ivf_hnsw_reindex,146,945000,1000,250,946000,0.015,skipped,0,0.0,6634.46,0.015,,81394.118,,1.0,86.655,913500,32500,224,1876,9736,0.303,300
ivf_hnsw_spfresh,146,945000,1000,250,946000,0.015,spfresh,1250,5.197,245.31,5.212,240.527,239.822,1154.874,1.0,91.187,946000,0,195,2049,12155,0.311,300
ivf_rq_reindex,146,945000,1000,250,946000,0.017,skipped,0,0.0,40077.665,0.017,,74586.602,,0.9,6.539,913500,32500,224,960,9465,0.336,300
ivf_rq_spfresh,146,945000,1000,250,946000,0.015,spfresh,1250,0.055,26098.755,0.07,22863.85,17973.963,12.149,1.0,7.94,946000,0,195,2256,10624,0.294,300
ivf_pq_reindex,146,945000,1000,250,946000,0.016,skipped,0,0.0,8024.14,0.016,,80392.961,,1.0,5.549,913500,32500,224,1741,9583,0.31,300
ivf_pq_spfresh,146,945000,1000,250,946000,0.015,spfresh,1250,0.042,33572.538,0.057,30063.313,21934.539,9.24,0.9,4.106,946000,0,195,2337,10966,0.316,300
ivf_pq_spfresh,147,946000,1000,250,947000,0.015,spfresh,1250,0.035,33505.004,0.05,36005.89,25181.411,7.715,0.9,4.006,947000,0,195,2339,10988,0.316,302
ivf_pq_reindex,147,946000,1000,250,947000,0.015,skipped,0,0.0,8024.14,0.015,,83238.07,,0.9,5.568,913250,33750,224,1741,9583,0.31,302
ivf_rq_spfresh,147,946000,1000,250,947000,0.015,spfresh,1250,0.045,26092.122,0.059,27848.947,21046.768,9.974,0.9,6.814,947000,0,195,2259,10646,0.294,302
ivf_rq_reindex,147,946000,1000,250,947000,0.015,skipped,0,0.0,40077.665,0.015,,81427.257,,1.0,5.899,913250,33750,224,960,9465,0.336,302
ivf_hnsw_spfresh,147,946000,1000,250,947000,0.015,spfresh,1250,5.183,244.94,5.198,241.155,240.468,1151.863,1.0,89.656,947000,0,195,2051,12183,0.311,302
ivf_hnsw_reindex,147,946000,1000,250,947000,0.015,skipped,0,0.0,6634.46,0.015,,84240.321,,1.0,86.724,913250,33750,224,1876,9736,0.303,302
ivf_hnsw_reindex,148,947000,1000,250,948000,0.016,skipped,0,0.0,6634.46,0.016,,77080.996,,1.0,86.264,913000,35000,224,1876,9736,0.303,304
ivf_hnsw_spfresh,148,947000,1000,250,948000,0.015,spfresh,1250,5.263,244.523,5.279,237.486,236.8,1169.658,0.9,89.879,948000,0,195,2051,12243,0.311,304
ivf_rq_reindex,148,947000,1000,250,948000,0.015,skipped,0,0.0,40077.665,0.015,,83392.175,,0.9,6.733,913000,35000,224,960,9465,0.336,304
ivf_rq_spfresh,148,947000,1000,250,948000,0.019,spfresh,1250,0.058,25963.585,0.077,21381.273,16223.504,12.992,0.9,6.189,948000,0,195,2259,10652,0.294,304
ivf_pq_reindex,148,947000,1000,250,948000,0.015,skipped,0,0.0,8024.14,0.015,,81210.143,,1.0,5.608,913000,35000,224,1741,9583,0.31,304
ivf_pq_spfresh,148,947000,1000,250,948000,0.015,spfresh,1250,0.041,33461.986,0.057,30234.346,22106.254,9.187,0.7,4.236,948000,0,195,2339,10998,0.317,304
ivf_pq_spfresh,149,948000,1000,250,949000,0.015,spfresh,1250,0.035,33388.567,0.05,36042.227,25014.175,7.707,1.0,3.798,949000,0,195,2340,11006,0.317,306
ivf_pq_reindex,149,948000,1000,250,949000,0.015,skipped,0,0.0,8024.14,0.015,,81362.553,,1.0,5.383,912750,36250,224,1741,9583,0.31,306
ivf_rq_spfresh,149,948000,1000,250,949000,0.015,spfresh,1250,0.043,25959.358,0.058,29265.438,21594.696,9.492,1.0,14.138,949000,0,195,2261,10661,0.294,306
ivf_rq_reindex,149,948000,1000,250,949000,0.015,skipped,0,0.0,40077.665,0.015,,84490.624,,0.9,6.409,912750,36250,224,960,9465,0.336,306
ivf_hnsw_spfresh,149,948000,1000,250,949000,0.015,spfresh,1250,5.235,244.134,5.25,238.797,238.111,1163.236,1.0,87.936,949000,0,195,2051,12278,0.311,306
ivf_hnsw_reindex,149,948000,1000,250,949000,0.015,skipped,0,0.0,6634.46,0.015,,82418.037,,1.0,86.759,912750,36250,224,1876,9736,0.303,306
ivf_hnsw_reindex,150,949000,1000,250,950000,0.015,reindex,37500,5.888,6368.965,5.903,6368.965,211.751,43.614,1.0,86.146,950000,0,231,2020,10118,0.341,308
ivf_hnsw_spfresh,150,949000,1000,250,950000,0.015,spfresh,1250,5.318,243.719,5.334,235.047,234.364,1181.797,1.0,91.008,950000,0,195,2051,12311,0.311,308
ivf_rq_reindex,150,949000,1000,250,950000,0.015,reindex,37500,0.946,39638.986,0.961,39638.986,1300.267,7.008,1.0,4.352,950000,0,231,1927,9315,0.317,308
ivf_rq_spfresh,150,949000,1000,250,950000,0.015,spfresh,1250,0.055,25926.684,0.07,22731.302,17807.378,12.22,1.0,6.54,950000,0,195,2262,10667,0.294,308
ivf_pq_reindex,150,949000,1000,250,950000,0.015,reindex,37500,4.77,7860.859,4.785,7860.859,261.216,35.337,1.0,4.023,950000,0,231,1581,8727,0.305,308
ivf_pq_spfresh,150,949000,1000,250,950000,0.015,spfresh,1250,0.043,33275.899,0.058,29089.555,21573.747,9.549,1.0,4.249,950000,0,195,2342,11013,0.317,308
