page_size_kb,iops
4,849816.115324
8,347093.804159
16,218877.041531
32,109923.826823
64,55077.651136
128,27572.092713
256,13786.095098
