page_size_kb,category,iterations_per_second,mem_bytes_per_second,disk_bytes_per_second
0,prompts,60.50593894395779,20229978442.024185,2567936306.088727
0,images,2.857356355587164,19663121663.417095,2458063283.716307
0,reviews,15.765106765308872,17406484676.257153,2243733679.9496055
0,websites,3.2470923832848473,19311736017.352486,2414369612.4007564
0,embeddings,2.2504249471801696,4147987763.4923835,2073993951.509365
0,names,239.17350204993747,6378960118.80157,2670872979.7008443
0,dates,10.255287409434848,4346535053.606249,1089319694.961105
0,code,3.2967396949674543,2735715247.0271516,2737205676.669329
