take_size,column,takes_per_second
1,scalar,234856.78731824394
1,string,133206.79194086767
1,vector,184104.2293189549
16,scalar,385329.39971945225
16,string,202573.7747806827
16,vector,325436.2783171377
256,scalar,447594.125327145
256,string,191955.5203091522
256,vector,360594.50824213866
