category,iterations_per_second,mem_bytes_per_second,disk_bytes_per_second
reviews,28.75079150670556,17877405003.35261,193098538.48540545
websites,0.16819477725521415,21208586660.989487,2796663.0318752816
names,462.73262974448704,7863093415.833817,2803403631.134589
code,1.7260153460733525,22007851733.70592,10193770.689233992
