encoding,size_bytes,takes_per_second
mb,32,258970.66816224743
mb,64,220724.097535007
mb,128,201067.2427407624
mb,256,140632.46552158316
mb,512,115996.72034405003
fz,32,427709.59929157083
fz,64,383978.1414303805
fz,128,346064.0410524113
fz,256,319547.3652880568
fz,512,351706.2781116871
