format,nesting_level,takes_per_second
parquet,1,285346.9457248613
parquet,2,229472.1614780292
parquet,3,181721.16977206263
parquet,4,134117.78653109295
parquet,5,103345.53265325335
lance2-0,1,487961.5533526244
lance2-0,2,340920.2544070983
lance2-0,3,255373.83711300042
lance2-0,4,187883.80019594912
lance2-0,5,127613.58985685252
lance2-1,1,478098.5240253354
lance2-1,2,339915.35378414893
lance2-1,3,255766.33109488635
lance2-1,4,201112.60732177112
lance2-1,5,171912.053981278