page_size_kb,iops
1,725463.161403
3,338765.610679
15,123761.836514
20,123763.738461
100,35236.481194
