segment_count,actual_segment_count,query_number,repetition,rows,data_fragments,rows_per_segment_min,rows_per_segment_max,total_ivf_partitions,build_workers,build_wall_seconds,build_cpu_seconds,segment_build_seconds_sum,segment_build_seconds_max,commit_wall_seconds,build_vectors_per_second,recall_k,recall_at_k,precision_at_k,ann_query_ms,query_throughput_qps,nprobes,refine_factor
1,1,1,1,1000000,60,1000000,1000000,244,1,4.5,65.341,4.498,4.498,0.001,222204.434,10,1.0,1.0,2.025,493.939,16,5
1,1,2,1,1000000,60,1000000,1000000,244,1,4.5,65.341,4.498,4.498,0.001,222204.434,10,0.7,0.7,2.123,470.958,16,5
1,1,3,1,1000000,60,1000000,1000000,244,1,4.5,65.341,4.498,4.498,0.001,222204.434,10,0.9,0.9,2.127,470.136,16,5
1,1,4,1,1000000,60,1000000,1000000,244,1,4.5,65.341,4.498,4.498,0.001,222204.434,10,1.0,1.0,1.884,530.891,16,5
1,1,5,1,1000000,60,1000000,1000000,244,1,4.5,65.341,4.498,4.498,0.001,222204.434,10,0.9,0.9,1.998,500.386,16,5
1,1,6,1,1000000,60,1000000,1000000,244,1,4.5,65.341,4.498,4.498,0.001,222204.434,10,1.0,1.0,2.135,468.42,16,5
1,1,7,1,1000000,60,1000000,1000000,244,1,4.5,65.341,4.498,4.498,0.001,222204.434,10,0.7,0.7,2.049,488.092,16,5
1,1,8,1,1000000,60,1000000,1000000,244,1,4.5,65.341,4.498,4.498,0.001,222204.434,10,1.0,1.0,2.038,490.627,16,5
1,1,9,1,1000000,60,1000000,1000000,244,1,4.5,65.341,4.498,4.498,0.001,222204.434,10,0.5,0.5,1.993,501.735,16,5
1,1,10,1,1000000,60,1000000,1000000,244,1,4.5,65.341,4.498,4.498,0.001,222204.434,10,1.0,1.0,2.03,492.662,16,5
1,1,11,1,1000000,60,1000000,1000000,244,1,4.5,65.341,4.498,4.498,0.001,222204.434,10,0.8,0.8,2.188,456.995,16,5
1,1,12,1,1000000,60,1000000,1000000,244,1,4.5,65.341,4.498,4.498,0.001,222204.434,10,0.8,0.8,2.422,412.825,16,5
1,1,13,1,1000000,60,1000000,1000000,244,1,4.5,65.341,4.498,4.498,0.001,222204.434,10,1.0,1.0,2.109,474.168,16,5
1,1,14,1,1000000,60,1000000,1000000,244,1,4.5,65.341,4.498,4.498,0.001,222204.434,10,0.8,0.8,2.059,485.663,16,5
1,1,15,1,1000000,60,1000000,1000000,244,1,4.5,65.341,4.498,4.498,0.001,222204.434,10,0.7,0.7,2.355,424.636,16,5
1,1,16,1,1000000,60,1000000,1000000,244,1,4.5,65.341,4.498,4.498,0.001,222204.434,10,1.0,1.0,2.264,441.769,16,5
1,1,17,1,1000000,60,1000000,1000000,244,1,4.5,65.341,4.498,4.498,0.001,222204.434,10,0.7,0.7,2.056,486.49,16,5
1,1,18,1,1000000,60,1000000,1000000,244,1,4.5,65.341,4.498,4.498,0.001,222204.434,10,0.8,0.8,1.929,518.336,16,5
1,1,19,1,1000000,60,1000000,1000000,244,1,4.5,65.341,4.498,4.498,0.001,222204.434,10,0.8,0.8,2.261,442.315,16,5
1,1,20,1,1000000,60,1000000,1000000,244,1,4.5,65.341,4.498,4.498,0.001,222204.434,10,0.9,0.9,1.949,513.062,16,5
1,1,21,1,1000000,60,1000000,1000000,244,1,4.5,65.341,4.498,4.498,0.001,222204.434,10,0.8,0.8,2.125,470.681,16,5
1,1,22,1,1000000,60,1000000,1000000,244,1,4.5,65.341,4.498,4.498,0.001,222204.434,10,1.0,1.0,2.213,451.782,16,5
1,1,23,1,1000000,60,1000000,1000000,244,1,4.5,65.341,4.498,4.498,0.001,222204.434,10,1.0,1.0,2.072,482.509,16,5
1,1,24,1,1000000,60,1000000,1000000,244,1,4.5,65.341,4.498,4.498,0.001,222204.434,10,0.9,0.9,2.098,476.644,16,5
1,1,25,1,1000000,60,1000000,1000000,244,1,4.5,65.341,4.498,4.498,0.001,222204.434,10,1.0,1.0,1.995,501.316,16,5
1,1,26,1,1000000,60,1000000,1000000,244,1,4.5,65.341,4.498,4.498,0.001,222204.434,10,1.0,1.0,2.069,483.257,16,5
1,1,27,1,1000000,60,1000000,1000000,244,1,4.5,65.341,4.498,4.498,0.001,222204.434,10,1.0,1.0,2.361,423.579,16,5
1,1,28,1,1000000,60,1000000,1000000,244,1,4.5,65.341,4.498,4.498,0.001,222204.434,10,1.0,1.0,2.011,497.317,16,5
1,1,29,1,1000000,60,1000000,1000000,244,1,4.5,65.341,4.498,4.498,0.001,222204.434,10,1.0,1.0,2.026,493.685,16,5
1,1,30,1,1000000,60,1000000,1000000,244,1,4.5,65.341,4.498,4.498,0.001,222204.434,10,0.9,0.9,1.905,524.957,16,5
1,1,31,1,1000000,60,1000000,1000000,244,1,4.5,65.341,4.498,4.498,0.001,222204.434,10,0.9,0.9,2.061,485.133,16,5
1,1,32,1,1000000,60,1000000,1000000,244,1,4.5,65.341,4.498,4.498,0.001,222204.434,10,1.0,1.0,1.843,542.642,16,5
1,1,33,1,1000000,60,1000000,1000000,244,1,4.5,65.341,4.498,4.498,0.001,222204.434,10,1.0,1.0,1.975,506.35,16,5
1,1,34,1,1000000,60,1000000,1000000,244,1,4.5,65.341,4.498,4.498,0.001,222204.434,10,1.0,1.0,1.966,508.582,16,5
1,1,35,1,1000000,60,1000000,1000000,244,1,4.5,65.341,4.498,4.498,0.001,222204.434,10,1.0,1.0,2.09,478.555,16,5
1,1,36,1,1000000,60,1000000,1000000,244,1,4.5,65.341,4.498,4.498,0.001,222204.434,10,1.0,1.0,2.074,482.218,16,5
1,1,37,1,1000000,60,1000000,1000000,244,1,4.5,65.341,4.498,4.498,0.001,222204.434,10,0.8,0.8,2.077,481.377,16,5
1,1,38,1,1000000,60,1000000,1000000,244,1,4.5,65.341,4.498,4.498,0.001,222204.434,10,1.0,1.0,2.262,442.054,16,5
1,1,39,1,1000000,60,1000000,1000000,244,1,4.5,65.341,4.498,4.498,0.001,222204.434,10,1.0,1.0,1.992,502.05,16,5
1,1,40,1,1000000,60,1000000,1000000,244,1,4.5,65.341,4.498,4.498,0.001,222204.434,10,0.9,0.9,2.305,433.753,16,5
1,1,41,1,1000000,60,1000000,1000000,244,1,4.5,65.341,4.498,4.498,0.001,222204.434,10,0.9,0.9,1.994,501.557,16,5
1,1,42,1,1000000,60,1000000,1000000,244,1,4.5,65.341,4.498,4.498,0.001,222204.434,10,0.9,0.9,3.529,283.36,16,5
1,1,43,1,1000000,60,1000000,1000000,244,1,4.5,65.341,4.498,4.498,0.001,222204.434,10,0.9,0.9,2.996,333.797,16,5
1,1,44,1,1000000,60,1000000,1000000,244,1,4.5,65.341,4.498,4.498,0.001,222204.434,10,0.8,0.8,2.643,378.304,16,5
1,1,45,1,1000000,60,1000000,1000000,244,1,4.5,65.341,4.498,4.498,0.001,222204.434,10,0.9,0.9,2.781,359.556,16,5
1,1,46,1,1000000,60,1000000,1000000,244,1,4.5,65.341,4.498,4.498,0.001,222204.434,10,1.0,1.0,3.6,277.762,16,5
1,1,47,1,1000000,60,1000000,1000000,244,1,4.5,65.341,4.498,4.498,0.001,222204.434,10,1.0,1.0,2.88,347.232,16,5
1,1,48,1,1000000,60,1000000,1000000,244,1,4.5,65.341,4.498,4.498,0.001,222204.434,10,0.7,0.7,3.021,330.984,16,5
1,1,49,1,1000000,60,1000000,1000000,244,1,4.5,65.341,4.498,4.498,0.001,222204.434,10,1.0,1.0,2.35,425.502,16,5
1,1,50,1,1000000,60,1000000,1000000,244,1,4.5,65.341,4.498,4.498,0.001,222204.434,10,1.0,1.0,2.064,484.584,16,5
1,1,51,1,1000000,60,1000000,1000000,244,1,4.5,65.341,4.498,4.498,0.001,222204.434,10,1.0,1.0,1.888,529.568,16,5
1,1,52,1,1000000,60,1000000,1000000,244,1,4.5,65.341,4.498,4.498,0.001,222204.434,10,0.8,0.8,2.06,485.368,16,5
1,1,53,1,1000000,60,1000000,1000000,244,1,4.5,65.341,4.498,4.498,0.001,222204.434,10,1.0,1.0,2.019,495.376,16,5
1,1,54,1,1000000,60,1000000,1000000,244,1,4.5,65.341,4.498,4.498,0.001,222204.434,10,0.9,0.9,1.872,534.283,16,5
1,1,55,1,1000000,60,1000000,1000000,244,1,4.5,65.341,4.498,4.498,0.001,222204.434,10,0.8,0.8,1.981,504.764,16,5
1,1,56,1,1000000,60,1000000,1000000,244,1,4.5,65.341,4.498,4.498,0.001,222204.434,10,1.0,1.0,1.95,512.853,16,5
1,1,57,1,1000000,60,1000000,1000000,244,1,4.5,65.341,4.498,4.498,0.001,222204.434,10,0.9,0.9,1.969,507.786,16,5
1,1,58,1,1000000,60,1000000,1000000,244,1,4.5,65.341,4.498,4.498,0.001,222204.434,10,0.9,0.9,2.15,465.017,16,5
1,1,59,1,1000000,60,1000000,1000000,244,1,4.5,65.341,4.498,4.498,0.001,222204.434,10,1.0,1.0,2.128,470.026,16,5
1,1,60,1,1000000,60,1000000,1000000,244,1,4.5,65.341,4.498,4.498,0.001,222204.434,10,1.0,1.0,1.828,546.984,16,5
1,1,61,1,1000000,60,1000000,1000000,244,1,4.5,65.341,4.498,4.498,0.001,222204.434,10,0.9,0.9,2.069,483.296,16,5
1,1,62,1,1000000,60,1000000,1000000,244,1,4.5,65.341,4.498,4.498,0.001,222204.434,10,1.0,1.0,2.064,484.604,16,5
1,1,63,1,1000000,60,1000000,1000000,244,1,4.5,65.341,4.498,4.498,0.001,222204.434,10,0.9,0.9,1.864,536.349,16,5
1,1,64,1,1000000,60,1000000,1000000,244,1,4.5,65.341,4.498,4.498,0.001,222204.434,10,0.9,0.9,1.956,511.334,16,5
1,1,65,1,1000000,60,1000000,1000000,244,1,4.5,65.341,4.498,4.498,0.001,222204.434,10,1.0,1.0,2.051,487.616,16,5
1,1,66,1,1000000,60,1000000,1000000,244,1,4.5,65.341,4.498,4.498,0.001,222204.434,10,1.0,1.0,2.003,499.23,16,5
1,1,67,1,1000000,60,1000000,1000000,244,1,4.5,65.341,4.498,4.498,0.001,222204.434,10,1.0,1.0,1.891,528.937,16,5
1,1,68,1,1000000,60,1000000,1000000,244,1,4.5,65.341,4.498,4.498,0.001,222204.434,10,1.0,1.0,1.833,545.554,16,5
1,1,69,1,1000000,60,1000000,1000000,244,1,4.5,65.341,4.498,4.498,0.001,222204.434,10,0.9,0.9,1.92,520.845,16,5
1,1,70,1,1000000,60,1000000,1000000,244,1,4.5,65.341,4.498,4.498,0.001,222204.434,10,1.0,1.0,2.071,482.859,16,5
1,1,71,1,1000000,60,1000000,1000000,244,1,4.5,65.341,4.498,4.498,0.001,222204.434,10,1.0,1.0,1.837,544.403,16,5
1,1,72,1,1000000,60,1000000,1000000,244,1,4.5,65.341,4.498,4.498,0.001,222204.434,10,0.9,0.9,1.932,517.52,16,5
1,1,73,1,1000000,60,1000000,1000000,244,1,4.5,65.341,4.498,4.498,0.001,222204.434,10,0.8,0.8,2.085,479.53,16,5
1,1,74,1,1000000,60,1000000,1000000,244,1,4.5,65.341,4.498,4.498,0.001,222204.434,10,1.0,1.0,1.968,508.109,16,5
1,1,75,1,1000000,60,1000000,1000000,244,1,4.5,65.341,4.498,4.498,0.001,222204.434,10,0.8,0.8,2.007,498.267,16,5
1,1,76,1,1000000,60,1000000,1000000,244,1,4.5,65.341,4.498,4.498,0.001,222204.434,10,1.0,1.0,1.981,504.859,16,5
1,1,77,1,1000000,60,1000000,1000000,244,1,4.5,65.341,4.498,4.498,0.001,222204.434,10,1.0,1.0,2.017,495.683,16,5
1,1,78,1,1000000,60,1000000,1000000,244,1,4.5,65.341,4.498,4.498,0.001,222204.434,10,1.0,1.0,2.015,496.319,16,5
1,1,79,1,1000000,60,1000000,1000000,244,1,4.5,65.341,4.498,4.498,0.001,222204.434,10,1.0,1.0,1.988,503.081,16,5
1,1,80,1,1000000,60,1000000,1000000,244,1,4.5,65.341,4.498,4.498,0.001,222204.434,10,1.0,1.0,1.878,532.564,16,5
1,1,81,1,1000000,60,1000000,1000000,244,1,4.5,65.341,4.498,4.498,0.001,222204.434,10,0.8,0.8,2.009,497.74,16,5
1,1,82,1,1000000,60,1000000,1000000,244,1,4.5,65.341,4.498,4.498,0.001,222204.434,10,0.9,0.9,1.802,554.952,16,5
1,1,83,1,1000000,60,1000000,1000000,244,1,4.5,65.341,4.498,4.498,0.001,222204.434,10,0.9,0.9,1.964,509.176,16,5
1,1,84,1,1000000,60,1000000,1000000,244,1,4.5,65.341,4.498,4.498,0.001,222204.434,10,1.0,1.0,2.098,476.569,16,5
1,1,85,1,1000000,60,1000000,1000000,244,1,4.5,65.341,4.498,4.498,0.001,222204.434,10,0.8,0.8,2.007,498.287,16,5
1,1,86,1,1000000,60,1000000,1000000,244,1,4.5,65.341,4.498,4.498,0.001,222204.434,10,1.0,1.0,1.857,538.479,16,5
1,1,87,1,1000000,60,1000000,1000000,244,1,4.5,65.341,4.498,4.498,0.001,222204.434,10,0.9,0.9,1.848,540.991,16,5
1,1,88,1,1000000,60,1000000,1000000,244,1,4.5,65.341,4.498,4.498,0.001,222204.434,10,1.0,1.0,1.917,521.524,16,5
1,1,89,1,1000000,60,1000000,1000000,244,1,4.5,65.341,4.498,4.498,0.001,222204.434,10,1.0,1.0,1.73,578.049,16,5
1,1,90,1,1000000,60,1000000,1000000,244,1,4.5,65.341,4.498,4.498,0.001,222204.434,10,1.0,1.0,1.93,518.012,16,5
1,1,91,1,1000000,60,1000000,1000000,244,1,4.5,65.341,4.498,4.498,0.001,222204.434,10,1.0,1.0,1.63,613.654,16,5
1,1,92,1,1000000,60,1000000,1000000,244,1,4.5,65.341,4.498,4.498,0.001,222204.434,10,0.8,0.8,1.889,529.392,16,5
1,1,93,1,1000000,60,1000000,1000000,244,1,4.5,65.341,4.498,4.498,0.001,222204.434,10,0.8,0.8,1.986,503.44,16,5
1,1,94,1,1000000,60,1000000,1000000,244,1,4.5,65.341,4.498,4.498,0.001,222204.434,10,0.8,0.8,1.946,513.809,16,5
1,1,95,1,1000000,60,1000000,1000000,244,1,4.5,65.341,4.498,4.498,0.001,222204.434,10,1.0,1.0,1.814,551.141,16,5
1,1,96,1,1000000,60,1000000,1000000,244,1,4.5,65.341,4.498,4.498,0.001,222204.434,10,0.9,0.9,2.098,476.692,16,5
1,1,97,1,1000000,60,1000000,1000000,244,1,4.5,65.341,4.498,4.498,0.001,222204.434,10,0.9,0.9,1.962,509.706,16,5
1,1,98,1,1000000,60,1000000,1000000,244,1,4.5,65.341,4.498,4.498,0.001,222204.434,10,1.0,1.0,1.949,513.138,16,5
1,1,99,1,1000000,60,1000000,1000000,244,1,4.5,65.341,4.498,4.498,0.001,222204.434,10,0.9,0.9,1.776,563.142,16,5
1,1,100,1,1000000,60,1000000,1000000,244,1,4.5,65.341,4.498,4.498,0.001,222204.434,10,1.0,1.0,1.972,507.132,16,5
1,1,100,2,1000000,60,1000000,1000000,244,1,4.5,65.341,4.498,4.498,0.001,222204.434,10,1.0,1.0,1.97,507.528,16,5
1,1,1,2,1000000,60,1000000,1000000,244,1,4.5,65.341,4.498,4.498,0.001,222204.434,10,1.0,1.0,1.916,521.853,16,5
1,1,2,2,1000000,60,1000000,1000000,244,1,4.5,65.341,4.498,4.498,0.001,222204.434,10,0.7,0.7,2.109,474.233,16,5
1,1,3,2,1000000,60,1000000,1000000,244,1,4.5,65.341,4.498,4.498,0.001,222204.434,10,0.9,0.9,2.081,480.634,16,5
1,1,4,2,1000000,60,1000000,1000000,244,1,4.5,65.341,4.498,4.498,0.001,222204.434,10,1.0,1.0,2.027,493.401,16,5
1,1,5,2,1000000,60,1000000,1000000,244,1,4.5,65.341,4.498,4.498,0.001,222204.434,10,0.9,0.9,1.994,501.536,16,5
1,1,6,2,1000000,60,1000000,1000000,244,1,4.5,65.341,4.498,4.498,0.001,222204.434,10,1.0,1.0,1.925,519.346,16,5
1,1,7,2,1000000,60,1000000,1000000,244,1,4.5,65.341,4.498,4.498,0.001,222204.434,10,0.7,0.7,1.772,564.374,16,5
1,1,8,2,1000000,60,1000000,1000000,244,1,4.5,65.341,4.498,4.498,0.001,222204.434,10,1.0,1.0,2.009,497.76,16,5
1,1,9,2,1000000,60,1000000,1000000,244,1,4.5,65.341,4.498,4.498,0.001,222204.434,10,0.5,0.5,1.966,508.766,16,5
1,1,10,2,1000000,60,1000000,1000000,244,1,4.5,65.341,4.498,4.498,0.001,222204.434,10,1.0,1.0,2.068,483.608,16,5
1,1,11,2,1000000,60,1000000,1000000,244,1,4.5,65.341,4.498,4.498,0.001,222204.434,10,0.8,0.8,2.115,472.729,16,5
1,1,12,2,1000000,60,1000000,1000000,244,1,4.5,65.341,4.498,4.498,0.001,222204.434,10,0.8,0.8,2.031,492.308,16,5
1,1,13,2,1000000,60,1000000,1000000,244,1,4.5,65.341,4.498,4.498,0.001,222204.434,10,1.0,1.0,1.945,514.183,16,5
1,1,14,2,1000000,60,1000000,1000000,244,1,4.5,65.341,4.498,4.498,0.001,222204.434,10,0.8,0.8,2.076,481.773,16,5
1,1,15,2,1000000,60,1000000,1000000,244,1,4.5,65.341,4.498,4.498,0.001,222204.434,10,0.7,0.7,2.003,499.22,16,5
1,1,16,2,1000000,60,1000000,1000000,244,1,4.5,65.341,4.498,4.498,0.001,222204.434,10,1.0,1.0,2.051,487.577,16,5
1,1,17,2,1000000,60,1000000,1000000,244,1,4.5,65.341,4.498,4.498,0.001,222204.434,10,0.7,0.7,2.022,494.621,16,5
1,1,18,2,1000000,60,1000000,1000000,244,1,4.5,65.341,4.498,4.498,0.001,222204.434,10,0.8,0.8,2.047,488.5,16,5
1,1,19,2,1000000,60,1000000,1000000,244,1,4.5,65.341,4.498,4.498,0.001,222204.434,10,0.8,0.8,2.086,479.463,16,5
1,1,20,2,1000000,60,1000000,1000000,244,1,4.5,65.341,4.498,4.498,0.001,222204.434,10,0.9,0.9,1.883,530.985,16,5
1,1,21,2,1000000,60,1000000,1000000,244,1,4.5,65.341,4.498,4.498,0.001,222204.434,10,0.8,0.8,1.871,534.378,16,5
1,1,22,2,1000000,60,1000000,1000000,244,1,4.5,65.341,4.498,4.498,0.001,222204.434,10,1.0,1.0,1.813,551.521,16,5
1,1,23,2,1000000,60,1000000,1000000,244,1,4.5,65.341,4.498,4.498,0.001,222204.434,10,1.0,1.0,1.961,509.955,16,5
1,1,24,2,1000000,60,1000000,1000000,244,1,4.5,65.341,4.498,4.498,0.001,222204.434,10,0.9,0.9,1.988,502.997,16,5
1,1,25,2,1000000,60,1000000,1000000,244,1,4.5,65.341,4.498,4.498,0.001,222204.434,10,1.0,1.0,1.984,503.948,16,5
1,1,26,2,1000000,60,1000000,1000000,244,1,4.5,65.341,4.498,4.498,0.001,222204.434,10,1.0,1.0,1.866,536.038,16,5
1,1,27,2,1000000,60,1000000,1000000,244,1,4.5,65.341,4.498,4.498,0.001,222204.434,10,1.0,1.0,1.914,522.512,16,5
1,1,28,2,1000000,60,1000000,1000000,244,1,4.5,65.341,4.498,4.498,0.001,222204.434,10,1.0,1.0,1.945,514.062,16,5
1,1,29,2,1000000,60,1000000,1000000,244,1,4.5,65.341,4.498,4.498,0.001,222204.434,10,1.0,1.0,1.914,522.375,16,5
1,1,30,2,1000000,60,1000000,1000000,244,1,4.5,65.341,4.498,4.498,0.001,222204.434,10,0.9,0.9,1.856,538.66,16,5
1,1,31,2,1000000,60,1000000,1000000,244,1,4.5,65.341,4.498,4.498,0.001,222204.434,10,0.9,0.9,1.929,518.426,16,5
1,1,32,2,1000000,60,1000000,1000000,244,1,4.5,65.341,4.498,4.498,0.001,222204.434,10,1.0,1.0,1.693,590.638,16,5
1,1,33,2,1000000,60,1000000,1000000,244,1,4.5,65.341,4.498,4.498,0.001,222204.434,10,1.0,1.0,1.884,530.915,16,5
1,1,34,2,1000000,60,1000000,1000000,244,1,4.5,65.341,4.498,4.498,0.001,222204.434,10,1.0,1.0,1.832,545.715,16,5
1,1,35,2,1000000,60,1000000,1000000,244,1,4.5,65.341,4.498,4.498,0.001,222204.434,10,1.0,1.0,1.914,522.591,16,5
1,1,36,2,1000000,60,1000000,1000000,244,1,4.5,65.341,4.498,4.498,0.001,222204.434,10,1.0,1.0,1.919,521.048,16,5
1,1,37,2,1000000,60,1000000,1000000,244,1,4.5,65.341,4.498,4.498,0.001,222204.434,10,0.8,0.8,1.799,555.774,16,5
1,1,38,2,1000000,60,1000000,1000000,244,1,4.5,65.341,4.498,4.498,0.001,222204.434,10,1.0,1.0,1.912,522.99,16,5
1,1,39,2,1000000,60,1000000,1000000,244,1,4.5,65.341,4.498,4.498,0.001,222204.434,10,1.0,1.0,1.879,532.092,16,5
1,1,40,2,1000000,60,1000000,1000000,244,1,4.5,65.341,4.498,4.498,0.001,222204.434,10,0.9,0.9,1.959,510.562,16,5
1,1,41,2,1000000,60,1000000,1000000,244,1,4.5,65.341,4.498,4.498,0.001,222204.434,10,0.9,0.9,1.874,533.665,16,5
1,1,42,2,1000000,60,1000000,1000000,244,1,4.5,65.341,4.498,4.498,0.001,222204.434,10,0.9,0.9,1.922,520.303,16,5
1,1,43,2,1000000,60,1000000,1000000,244,1,4.5,65.341,4.498,4.498,0.001,222204.434,10,0.9,0.9,1.799,555.98,16,5
1,1,44,2,1000000,60,1000000,1000000,244,1,4.5,65.341,4.498,4.498,0.001,222204.434,10,0.8,0.8,1.832,545.901,16,5
1,1,45,2,1000000,60,1000000,1000000,244,1,4.5,65.341,4.498,4.498,0.001,222204.434,10,0.9,0.9,1.858,538.201,16,5
1,1,46,2,1000000,60,1000000,1000000,244,1,4.5,65.341,4.498,4.498,0.001,222204.434,10,1.0,1.0,1.933,517.331,16,5
1,1,47,2,1000000,60,1000000,1000000,244,1,4.5,65.341,4.498,4.498,0.001,222204.434,10,1.0,1.0,2.064,484.506,16,5
1,1,48,2,1000000,60,1000000,1000000,244,1,4.5,65.341,4.498,4.498,0.001,222204.434,10,0.7,0.7,1.826,547.745,16,5
1,1,49,2,1000000,60,1000000,1000000,244,1,4.5,65.341,4.498,4.498,0.001,222204.434,10,1.0,1.0,1.982,504.594,16,5
1,1,50,2,1000000,60,1000000,1000000,244,1,4.5,65.341,4.498,4.498,0.001,222204.434,10,1.0,1.0,1.97,507.646,16,5
1,1,51,2,1000000,60,1000000,1000000,244,1,4.5,65.341,4.498,4.498,0.001,222204.434,10,1.0,1.0,1.835,545.071,16,5
1,1,52,2,1000000,60,1000000,1000000,244,1,4.5,65.341,4.498,4.498,0.001,222204.434,10,0.8,0.8,1.978,505.615,16,5
1,1,53,2,1000000,60,1000000,1000000,244,1,4.5,65.341,4.498,4.498,0.001,222204.434,10,1.0,1.0,1.861,537.478,16,5
1,1,54,2,1000000,60,1000000,1000000,244,1,4.5,65.341,4.498,4.498,0.001,222204.434,10,0.9,0.9,1.883,531.067,16,5
1,1,55,2,1000000,60,1000000,1000000,244,1,4.5,65.341,4.498,4.498,0.001,222204.434,10,0.8,0.8,1.879,532.104,16,5
1,1,56,2,1000000,60,1000000,1000000,244,1,4.5,65.341,4.498,4.498,0.001,222204.434,10,1.0,1.0,1.864,536.577,16,5
1,1,57,2,1000000,60,1000000,1000000,244,1,4.5,65.341,4.498,4.498,0.001,222204.434,10,0.9,0.9,1.977,505.742,16,5
1,1,58,2,1000000,60,1000000,1000000,244,1,4.5,65.341,4.498,4.498,0.001,222204.434,10,0.9,0.9,2.032,492.217,16,5
1,1,59,2,1000000,60,1000000,1000000,244,1,4.5,65.341,4.498,4.498,0.001,222204.434,10,1.0,1.0,2.005,498.784,16,5
1,1,60,2,1000000,60,1000000,1000000,244,1,4.5,65.341,4.498,4.498,0.001,222204.434,10,1.0,1.0,1.722,580.706,16,5
1,1,61,2,1000000,60,1000000,1000000,244,1,4.5,65.341,4.498,4.498,0.001,222204.434,10,0.9,0.9,2.029,492.783,16,5
1,1,62,2,1000000,60,1000000,1000000,244,1,4.5,65.341,4.498,4.498,0.001,222204.434,10,1.0,1.0,1.862,536.925,16,5
1,1,63,2,1000000,60,1000000,1000000,244,1,4.5,65.341,4.498,4.498,0.001,222204.434,10,0.9,0.9,1.861,537.454,16,5
1,1,64,2,1000000,60,1000000,1000000,244,1,4.5,65.341,4.498,4.498,0.001,222204.434,10,0.9,0.9,2.045,488.958,16,5
1,1,65,2,1000000,60,1000000,1000000,244,1,4.5,65.341,4.498,4.498,0.001,222204.434,10,1.0,1.0,2.124,470.727,16,5
1,1,66,2,1000000,60,1000000,1000000,244,1,4.5,65.341,4.498,4.498,0.001,222204.434,10,1.0,1.0,2.016,495.929,16,5
1,1,67,2,1000000,60,1000000,1000000,244,1,4.5,65.341,4.498,4.498,0.001,222204.434,10,1.0,1.0,1.939,515.619,16,5
1,1,68,2,1000000,60,1000000,1000000,244,1,4.5,65.341,4.498,4.498,0.001,222204.434,10,1.0,1.0,1.764,566.987,16,5
1,1,69,2,1000000,60,1000000,1000000,244,1,4.5,65.341,4.498,4.498,0.001,222204.434,10,0.9,0.9,1.817,550.282,16,5
1,1,70,2,1000000,60,1000000,1000000,244,1,4.5,65.341,4.498,4.498,0.001,222204.434,10,1.0,1.0,1.97,507.528,16,5
1,1,71,2,1000000,60,1000000,1000000,244,1,4.5,65.341,4.498,4.498,0.001,222204.434,10,1.0,1.0,1.854,539.411,16,5
1,1,72,2,1000000,60,1000000,1000000,244,1,4.5,65.341,4.498,4.498,0.001,222204.434,10,0.9,0.9,1.842,542.876,16,5
1,1,73,2,1000000,60,1000000,1000000,244,1,4.5,65.341,4.498,4.498,0.001,222204.434,10,0.8,0.8,1.994,501.609,16,5
1,1,74,2,1000000,60,1000000,1000000,244,1,4.5,65.341,4.498,4.498,0.001,222204.434,10,1.0,1.0,1.935,516.84,16,5
1,1,75,2,1000000,60,1000000,1000000,244,1,4.5,65.341,4.498,4.498,0.001,222204.434,10,0.8,0.8,2.015,496.216,16,5
1,1,76,2,1000000,60,1000000,1000000,244,1,4.5,65.341,4.498,4.498,0.001,222204.434,10,1.0,1.0,1.959,510.367,16,5
1,1,77,2,1000000,60,1000000,1000000,244,1,4.5,65.341,4.498,4.498,0.001,222204.434,10,1.0,1.0,1.988,502.997,16,5
1,1,78,2,1000000,60,1000000,1000000,244,1,4.5,65.341,4.498,4.498,0.001,222204.434,10,1.0,1.0,1.996,500.887,16,5
1,1,79,2,1000000,60,1000000,1000000,244,1,4.5,65.341,4.498,4.498,0.001,222204.434,10,1.0,1.0,1.901,526.074,16,5
1,1,80,2,1000000,60,1000000,1000000,244,1,4.5,65.341,4.498,4.498,0.001,222204.434,10,1.0,1.0,1.865,536.289,16,5
1,1,81,2,1000000,60,1000000,1000000,244,1,4.5,65.341,4.498,4.498,0.001,222204.434,10,0.8,0.8,1.921,520.506,16,5
1,1,82,2,1000000,60,1000000,1000000,244,1,4.5,65.341,4.498,4.498,0.001,222204.434,10,0.9,0.9,1.923,520.032,16,5
1,1,83,2,1000000,60,1000000,1000000,244,1,4.5,65.341,4.498,4.498,0.001,222204.434,10,0.9,0.9,2.056,486.372,16,5
1,1,84,2,1000000,60,1000000,1000000,244,1,4.5,65.341,4.498,4.498,0.001,222204.434,10,1.0,1.0,2.09,478.392,16,5
1,1,85,2,1000000,60,1000000,1000000,244,1,4.5,65.341,4.498,4.498,0.001,222204.434,10,0.8,0.8,1.975,506.286,16,5
1,1,86,2,1000000,60,1000000,1000000,244,1,4.5,65.341,4.498,4.498,0.001,222204.434,10,1.0,1.0,1.784,560.551,16,5
1,1,87,2,1000000,60,1000000,1000000,244,1,4.5,65.341,4.498,4.498,0.001,222204.434,10,0.9,0.9,1.819,549.702,16,5
1,1,88,2,1000000,60,1000000,1000000,244,1,4.5,65.341,4.498,4.498,0.001,222204.434,10,1.0,1.0,1.844,542.287,16,5
1,1,89,2,1000000,60,1000000,1000000,244,1,4.5,65.341,4.498,4.498,0.001,222204.434,10,1.0,1.0,1.709,585.138,16,5
1,1,90,2,1000000,60,1000000,1000000,244,1,4.5,65.341,4.498,4.498,0.001,222204.434,10,1.0,1.0,1.874,533.571,16,5
1,1,91,2,1000000,60,1000000,1000000,244,1,4.5,65.341,4.498,4.498,0.001,222204.434,10,1.0,1.0,1.658,603.06,16,5
1,1,92,2,1000000,60,1000000,1000000,244,1,4.5,65.341,4.498,4.498,0.001,222204.434,10,0.8,0.8,1.958,510.736,16,5
1,1,93,2,1000000,60,1000000,1000000,244,1,4.5,65.341,4.498,4.498,0.001,222204.434,10,0.8,0.8,1.94,515.364,16,5
1,1,94,2,1000000,60,1000000,1000000,244,1,4.5,65.341,4.498,4.498,0.001,222204.434,10,0.8,0.8,1.932,517.576,16,5
1,1,95,2,1000000,60,1000000,1000000,244,1,4.5,65.341,4.498,4.498,0.001,222204.434,10,1.0,1.0,1.867,535.487,16,5
1,1,96,2,1000000,60,1000000,1000000,244,1,4.5,65.341,4.498,4.498,0.001,222204.434,10,0.9,0.9,1.956,511.269,16,5
1,1,97,2,1000000,60,1000000,1000000,244,1,4.5,65.341,4.498,4.498,0.001,222204.434,10,0.9,0.9,2.107,474.646,16,5
1,1,98,2,1000000,60,1000000,1000000,244,1,4.5,65.341,4.498,4.498,0.001,222204.434,10,1.0,1.0,1.909,523.789,16,5
1,1,99,2,1000000,60,1000000,1000000,244,1,4.5,65.341,4.498,4.498,0.001,222204.434,10,0.9,0.9,1.789,559.076,16,5
1,1,99,3,1000000,60,1000000,1000000,244,1,4.5,65.341,4.498,4.498,0.001,222204.434,10,0.9,0.9,1.859,537.996,16,5
1,1,100,3,1000000,60,1000000,1000000,244,1,4.5,65.341,4.498,4.498,0.001,222204.434,10,1.0,1.0,1.943,514.756,16,5
1,1,1,3,1000000,60,1000000,1000000,244,1,4.5,65.341,4.498,4.498,0.001,222204.434,10,1.0,1.0,1.937,516.362,16,5
1,1,2,3,1000000,60,1000000,1000000,244,1,4.5,65.341,4.498,4.498,0.001,222204.434,10,0.7,0.7,2.258,442.804,16,5
1,1,3,3,1000000,60,1000000,1000000,244,1,4.5,65.341,4.498,4.498,0.001,222204.434,10,0.9,0.9,2.082,480.24,16,5
1,1,4,3,1000000,60,1000000,1000000,244,1,4.5,65.341,4.498,4.498,0.001,222204.434,10,1.0,1.0,1.883,531.091,16,5
1,1,5,3,1000000,60,1000000,1000000,244,1,4.5,65.341,4.498,4.498,0.001,222204.434,10,0.9,0.9,1.993,501.641,16,5
1,1,6,3,1000000,60,1000000,1000000,244,1,4.5,65.341,4.498,4.498,0.001,222204.434,10,1.0,1.0,1.983,504.329,16,5
1,1,7,3,1000000,60,1000000,1000000,244,1,4.5,65.341,4.498,4.498,0.001,222204.434,10,0.7,0.7,2.09,478.383,16,5
1,1,8,3,1000000,60,1000000,1000000,244,1,4.5,65.341,4.498,4.498,0.001,222204.434,10,1.0,1.0,1.934,517.018,16,5
1,1,9,3,1000000,60,1000000,1000000,244,1,4.5,65.341,4.498,4.498,0.001,222204.434,10,0.5,0.5,2.008,498.111,16,5
1,1,10,3,1000000,60,1000000,1000000,244,1,4.5,65.341,4.498,4.498,0.001,222204.434,10,1.0,1.0,1.982,504.647,16,5
1,1,11,3,1000000,60,1000000,1000000,244,1,4.5,65.341,4.498,4.498,0.001,222204.434,10,0.8,0.8,1.987,503.25,16,5
1,1,12,3,1000000,60,1000000,1000000,244,1,4.5,65.341,4.498,4.498,0.001,222204.434,10,0.8,0.8,2.024,494.122,16,5
1,1,13,3,1000000,60,1000000,1000000,244,1,4.5,65.341,4.498,4.498,0.001,222204.434,10,1.0,1.0,1.99,502.576,16,5
1,1,14,3,1000000,60,1000000,1000000,244,1,4.5,65.341,4.498,4.498,0.001,222204.434,10,0.8,0.8,2.025,493.939,16,5
1,1,15,3,1000000,60,1000000,1000000,244,1,4.5,65.341,4.498,4.498,0.001,222204.434,10,0.7,0.7,2.036,491.23,16,5
1,1,16,3,1000000,60,1000000,1000000,244,1,4.5,65.341,4.498,4.498,0.001,222204.434,10,1.0,1.0,2.092,478.04,16,5
1,1,17,3,1000000,60,1000000,1000000,244,1,4.5,65.341,4.498,4.498,0.001,222204.434,10,0.7,0.7,1.941,515.088,16,5
1,1,18,3,1000000,60,1000000,1000000,244,1,4.5,65.341,4.498,4.498,0.001,222204.434,10,0.8,0.8,1.982,504.594,16,5
1,1,19,3,1000000,60,1000000,1000000,244,1,4.5,65.341,4.498,4.498,0.001,222204.434,10,0.8,0.8,1.997,500.762,16,5
1,1,20,3,1000000,60,1000000,1000000,244,1,4.5,65.341,4.498,4.498,0.001,222204.434,10,0.9,0.9,1.904,525.198,16,5
1,1,21,3,1000000,60,1000000,1000000,244,1,4.5,65.341,4.498,4.498,0.001,222204.434,10,0.8,0.8,1.81,552.601,16,5
1,1,22,3,1000000,60,1000000,1000000,244,1,4.5,65.341,4.498,4.498,0.001,222204.434,10,1.0,1.0,1.9,526.2,16,5
1,1,23,3,1000000,60,1000000,1000000,244,1,4.5,65.341,4.498,4.498,0.001,222204.434,10,1.0,1.0,1.99,502.492,16,5
1,1,24,3,1000000,60,1000000,1000000,244,1,4.5,65.341,4.498,4.498,0.001,222204.434,10,0.9,0.9,2.077,481.502,16,5
1,1,25,3,1000000,60,1000000,1000000,244,1,4.5,65.341,4.498,4.498,0.001,222204.434,10,1.0,1.0,2.051,487.577,16,5
1,1,26,3,1000000,60,1000000,1000000,244,1,4.5,65.341,4.498,4.498,0.001,222204.434,10,1.0,1.0,1.888,529.754,16,5
1,1,27,3,1000000,60,1000000,1000000,244,1,4.5,65.341,4.498,4.498,0.001,222204.434,10,1.0,1.0,1.834,545.182,16,5
1,1,28,3,1000000,60,1000000,1000000,244,1,4.5,65.341,4.498,4.498,0.001,222204.434,10,1.0,1.0,1.753,570.302,16,5
1,1,29,3,1000000,60,1000000,1000000,244,1,4.5,65.341,4.498,4.498,0.001,222204.434,10,1.0,1.0,1.956,511.28,16,5
1,1,30,3,1000000,60,1000000,1000000,244,1,4.5,65.341,4.498,4.498,0.001,222204.434,10,0.9,0.9,1.849,540.967,16,5
1,1,31,3,1000000,60,1000000,1000000,244,1,4.5,65.341,4.498,4.498,0.001,222204.434,10,0.9,0.9,2.053,487.141,16,5
1,1,32,3,1000000,60,1000000,1000000,244,1,4.5,65.341,4.498,4.498,0.001,222204.434,10,1.0,1.0,1.801,555.247,16,5
1,1,33,3,1000000,60,1000000,1000000,244,1,4.5,65.341,4.498,4.498,0.001,222204.434,10,1.0,1.0,1.945,514.139,16,5
1,1,34,3,1000000,60,1000000,1000000,244,1,4.5,65.341,4.498,4.498,0.001,222204.434,10,1.0,1.0,1.846,541.577,16,5
1,1,35,3,1000000,60,1000000,1000000,244,1,4.5,65.341,4.498,4.498,0.001,222204.434,10,1.0,1.0,1.927,518.908,16,5
1,1,36,3,1000000,60,1000000,1000000,244,1,4.5,65.341,4.498,4.498,0.001,222204.434,10,1.0,1.0,1.818,549.967,16,5
1,1,37,3,1000000,60,1000000,1000000,244,1,4.5,65.341,4.498,4.498,0.001,222204.434,10,0.8,0.8,1.904,525.176,16,5
1,1,38,3,1000000,60,1000000,1000000,244,1,4.5,65.341,4.498,4.498,0.001,222204.434,10,1.0,1.0,2.003,499.147,16,5
1,1,39,3,1000000,60,1000000,1000000,244,1,4.5,65.341,4.498,4.498,0.001,222204.434,10,1.0,1.0,1.912,523.058,16,5
1,1,40,3,1000000,60,1000000,1000000,244,1,4.5,65.341,4.498,4.498,0.001,222204.434,10,0.9,0.9,2.053,487.092,16,5
1,1,41,3,1000000,60,1000000,1000000,244,1,4.5,65.341,4.498,4.498,0.001,222204.434,10,0.9,0.9,1.955,511.585,16,5
1,1,42,3,1000000,60,1000000,1000000,244,1,4.5,65.341,4.498,4.498,0.001,222204.434,10,0.9,0.9,2.067,483.9,16,5
1,1,43,3,1000000,60,1000000,1000000,244,1,4.5,65.341,4.498,4.498,0.001,222204.434,10,0.9,0.9,2.204,453.798,16,5
1,1,44,3,1000000,60,1000000,1000000,244,1,4.5,65.341,4.498,4.498,0.001,222204.434,10,0.8,0.8,2.121,471.476,16,5
1,1,45,3,1000000,60,1000000,1000000,244,1,4.5,65.341,4.498,4.498,0.001,222204.434,10,0.9,0.9,2.086,479.415,16,5
1,1,46,3,1000000,60,1000000,1000000,244,1,4.5,65.341,4.498,4.498,0.001,222204.434,10,1.0,1.0,2.09,478.498,16,5
1,1,47,3,1000000,60,1000000,1000000,244,1,4.5,65.341,4.498,4.498,0.001,222204.434,10,1.0,1.0,2.28,438.653,16,5
1,1,48,3,1000000,60,1000000,1000000,244,1,4.5,65.341,4.498,4.498,0.001,222204.434,10,0.7,0.7,1.942,515.066,16,5
1,1,49,3,1000000,60,1000000,1000000,244,1,4.5,65.341,4.498,4.498,0.001,222204.434,10,1.0,1.0,1.993,501.756,16,5
1,1,50,3,1000000,60,1000000,1000000,244,1,4.5,65.341,4.498,4.498,0.001,222204.434,10,1.0,1.0,2.165,461.867,16,5
1,1,51,3,1000000,60,1000000,1000000,244,1,4.5,65.341,4.498,4.498,0.001,222204.434,10,1.0,1.0,1.842,542.999,16,5
1,1,52,3,1000000,60,1000000,1000000,244,1,4.5,65.341,4.498,4.498,0.001,222204.434,10,0.8,0.8,1.945,514.183,16,5
1,1,53,3,1000000,60,1000000,1000000,244,1,4.5,65.341,4.498,4.498,0.001,222204.434,10,1.0,1.0,1.928,518.582,16,5
1,1,54,3,1000000,60,1000000,1000000,244,1,4.5,65.341,4.498,4.498,0.001,222204.434,10,0.9,0.9,2.031,492.358,16,5
1,1,55,3,1000000,60,1000000,1000000,244,1,4.5,65.341,4.498,4.498,0.001,222204.434,10,0.8,0.8,1.855,539.108,16,5
1,1,56,3,1000000,60,1000000,1000000,244,1,4.5,65.341,4.498,4.498,0.001,222204.434,10,1.0,1.0,1.818,550.08,16,5
1,1,57,3,1000000,60,1000000,1000000,244,1,4.5,65.341,4.498,4.498,0.001,222204.434,10,0.9,0.9,2.053,487.062,16,5
1,1,58,3,1000000,60,1000000,1000000,244,1,4.5,65.341,4.498,4.498,0.001,222204.434,10,0.9,0.9,2.054,486.934,16,5
1,1,59,3,1000000,60,1000000,1000000,244,1,4.5,65.341,4.498,4.498,0.001,222204.434,10,1.0,1.0,2.035,491.39,16,5
1,1,60,3,1000000,60,1000000,1000000,244,1,4.5,65.341,4.498,4.498,0.001,222204.434,10,1.0,1.0,1.716,582.623,16,5
1,1,61,3,1000000,60,1000000,1000000,244,1,4.5,65.341,4.498,4.498,0.001,222204.434,10,0.9,0.9,2.074,482.053,16,5
1,1,62,3,1000000,60,1000000,1000000,244,1,4.5,65.341,4.498,4.498,0.001,222204.434,10,1.0,1.0,1.928,518.773,16,5
1,1,63,3,1000000,60,1000000,1000000,244,1,4.5,65.341,4.498,4.498,0.001,222204.434,10,0.9,0.9,1.947,513.732,16,5
1,1,64,3,1000000,60,1000000,1000000,244,1,4.5,65.341,4.498,4.498,0.001,222204.434,10,0.9,0.9,2.06,485.535,16,5
1,1,65,3,1000000,60,1000000,1000000,244,1,4.5,65.341,4.498,4.498,0.001,222204.434,10,1.0,1.0,2.173,460.22,16,5
1,1,66,3,1000000,60,1000000,1000000,244,1,4.5,65.341,4.498,4.498,0.001,222204.434,10,1.0,1.0,2.004,499.064,16,5
1,1,67,3,1000000,60,1000000,1000000,244,1,4.5,65.341,4.498,4.498,0.001,222204.434,10,1.0,1.0,1.957,511.019,16,5
1,1,68,3,1000000,60,1000000,1000000,244,1,4.5,65.341,4.498,4.498,0.001,222204.434,10,1.0,1.0,1.802,555.08,16,5
1,1,69,3,1000000,60,1000000,1000000,244,1,4.5,65.341,4.498,4.498,0.001,222204.434,10,0.9,0.9,1.885,530.645,16,5
1,1,70,3,1000000,60,1000000,1000000,244,1,4.5,65.341,4.498,4.498,0.001,222204.434,10,1.0,1.0,2.101,475.936,16,5
1,1,71,3,1000000,60,1000000,1000000,244,1,4.5,65.341,4.498,4.498,0.001,222204.434,10,1.0,1.0,1.723,580.355,16,5
1,1,72,3,1000000,60,1000000,1000000,244,1,4.5,65.341,4.498,4.498,0.001,222204.434,10,0.9,0.9,1.813,551.572,16,5
1,1,73,3,1000000,60,1000000,1000000,244,1,4.5,65.341,4.498,4.498,0.001,222204.434,10,0.8,0.8,2.003,499.189,16,5
1,1,74,3,1000000,60,1000000,1000000,244,1,4.5,65.341,4.498,4.498,0.001,222204.434,10,1.0,1.0,1.928,518.75,16,5
1,1,75,3,1000000,60,1000000,1000000,244,1,4.5,65.341,4.498,4.498,0.001,222204.434,10,0.8,0.8,2.039,490.316,16,5
1,1,76,3,1000000,60,1000000,1000000,244,1,4.5,65.341,4.498,4.498,0.001,222204.434,10,1.0,1.0,1.977,505.753,16,5
1,1,77,3,1000000,60,1000000,1000000,244,1,4.5,65.341,4.498,4.498,0.001,222204.434,10,1.0,1.0,2.036,491.169,16,5
1,1,78,3,1000000,60,1000000,1000000,244,1,4.5,65.341,4.498,4.498,0.001,222204.434,10,1.0,1.0,1.862,536.925,16,5
1,1,79,3,1000000,60,1000000,1000000,244,1,4.5,65.341,4.498,4.498,0.001,222204.434,10,1.0,1.0,1.884,530.832,16,5
1,1,80,3,1000000,60,1000000,1000000,244,1,4.5,65.341,4.498,4.498,0.001,222204.434,10,1.0,1.0,1.781,561.601,16,5
1,1,81,3,1000000,60,1000000,1000000,244,1,4.5,65.341,4.498,4.498,0.001,222204.434,10,0.8,0.8,2.004,499.033,16,5
1,1,82,3,1000000,60,1000000,1000000,244,1,4.5,65.341,4.498,4.498,0.001,222204.434,10,0.9,0.9,1.889,529.346,16,5
1,1,83,3,1000000,60,1000000,1000000,244,1,4.5,65.341,4.498,4.498,0.001,222204.434,10,0.9,0.9,1.996,500.991,16,5
1,1,84,3,1000000,60,1000000,1000000,244,1,4.5,65.341,4.498,4.498,0.001,222204.434,10,1.0,1.0,2.157,463.643,16,5
1,1,85,3,1000000,60,1000000,1000000,244,1,4.5,65.341,4.498,4.498,0.001,222204.434,10,0.8,0.8,2.059,485.722,16,5
1,1,86,3,1000000,60,1000000,1000000,244,1,4.5,65.341,4.498,4.498,0.001,222204.434,10,1.0,1.0,1.821,549.237,16,5
1,1,87,3,1000000,60,1000000,1000000,244,1,4.5,65.341,4.498,4.498,0.001,222204.434,10,0.9,0.9,1.839,543.749,16,5
1,1,88,3,1000000,60,1000000,1000000,244,1,4.5,65.341,4.498,4.498,0.001,222204.434,10,1.0,1.0,1.844,542.41,16,5
1,1,89,3,1000000,60,1000000,1000000,244,1,4.5,65.341,4.498,4.498,0.001,222204.434,10,1.0,1.0,1.67,598.922,16,5
1,1,90,3,1000000,60,1000000,1000000,244,1,4.5,65.341,4.498,4.498,0.001,222204.434,10,1.0,1.0,1.966,508.701,16,5
1,1,91,3,1000000,60,1000000,1000000,244,1,4.5,65.341,4.498,4.498,0.001,222204.434,10,1.0,1.0,1.686,592.988,16,5
1,1,92,3,1000000,60,1000000,1000000,244,1,4.5,65.341,4.498,4.498,0.001,222204.434,10,0.8,0.8,1.992,502.103,16,5
1,1,93,3,1000000,60,1000000,1000000,244,1,4.5,65.341,4.498,4.498,0.001,222204.434,10,0.8,0.8,1.935,516.863,16,5
1,1,94,3,1000000,60,1000000,1000000,244,1,4.5,65.341,4.498,4.498,0.001,222204.434,10,0.8,0.8,1.994,501.389,16,5
1,1,95,3,1000000,60,1000000,1000000,244,1,4.5,65.341,4.498,4.498,0.001,222204.434,10,1.0,1.0,1.845,541.883,16,5
1,1,96,3,1000000,60,1000000,1000000,244,1,4.5,65.341,4.498,4.498,0.001,222204.434,10,0.9,0.9,2.004,499.106,16,5
1,1,97,3,1000000,60,1000000,1000000,244,1,4.5,65.341,4.498,4.498,0.001,222204.434,10,0.9,0.9,1.953,511.956,16,5
1,1,98,3,1000000,60,1000000,1000000,244,1,4.5,65.341,4.498,4.498,0.001,222204.434,10,1.0,1.0,1.947,513.49,16,5
1,1,98,4,1000000,60,1000000,1000000,244,1,4.5,65.341,4.498,4.498,0.001,222204.434,10,1.0,1.0,1.927,518.807,16,5
1,1,99,4,1000000,60,1000000,1000000,244,1,4.5,65.341,4.498,4.498,0.001,222204.434,10,0.9,0.9,1.783,560.984,16,5
1,1,100,4,1000000,60,1000000,1000000,244,1,4.5,65.341,4.498,4.498,0.001,222204.434,10,1.0,1.0,1.85,540.614,16,5
1,1,1,4,1000000,60,1000000,1000000,244,1,4.5,65.341,4.498,4.498,0.001,222204.434,10,1.0,1.0,2.087,479.243,16,5
1,1,2,4,1000000,60,1000000,1000000,244,1,4.5,65.341,4.498,4.498,0.001,222204.434,10,0.7,0.7,2.237,447.077,16,5
1,1,3,4,1000000,60,1000000,1000000,244,1,4.5,65.341,4.498,4.498,0.001,222204.434,10,0.9,0.9,1.966,508.626,16,5
1,1,4,4,1000000,60,1000000,1000000,244,1,4.5,65.341,4.498,4.498,0.001,222204.434,10,1.0,1.0,1.98,504.955,16,5
1,1,5,4,1000000,60,1000000,1000000,244,1,4.5,65.341,4.498,4.498,0.001,222204.434,10,0.9,0.9,2.045,489.097,16,5
1,1,6,4,1000000,60,1000000,1000000,244,1,4.5,65.341,4.498,4.498,0.001,222204.434,10,1.0,1.0,1.967,508.464,16,5
1,1,7,4,1000000,60,1000000,1000000,244,1,4.5,65.341,4.498,4.498,0.001,222204.434,10,0.7,0.7,2.012,497.121,16,5
1,1,8,4,1000000,60,1000000,1000000,244,1,4.5,65.341,4.498,4.498,0.001,222204.434,10,1.0,1.0,2.053,487.132,16,5
1,1,9,4,1000000,60,1000000,1000000,244,1,4.5,65.341,4.498,4.498,0.001,222204.434,10,0.5,0.5,1.99,502.534,16,5
1,1,10,4,1000000,60,1000000,1000000,244,1,4.5,65.341,4.498,4.498,0.001,222204.434,10,1.0,1.0,1.917,521.58,16,5
1,1,11,4,1000000,60,1000000,1000000,244,1,4.5,65.341,4.498,4.498,0.001,222204.434,10,0.8,0.8,1.898,526.963,16,5
1,1,12,4,1000000,60,1000000,1000000,244,1,4.5,65.341,4.498,4.498,0.001,222204.434,10,0.8,0.8,2.012,497.111,16,5
1,1,13,4,1000000,60,1000000,1000000,244,1,4.5,65.341,4.498,4.498,0.001,222204.434,10,1.0,1.0,2.057,486.037,16,5
1,1,14,4,1000000,60,1000000,1000000,244,1,4.5,65.341,4.498,4.498,0.001,222204.434,10,0.8,0.8,1.905,524.808,16,5
1,1,15,4,1000000,60,1000000,1000000,244,1,4.5,65.341,4.498,4.498,0.001,222204.434,10,0.7,0.7,2.134,468.64,16,5
1,1,16,4,1000000,60,1000000,1000000,244,1,4.5,65.341,4.498,4.498,0.001,222204.434,10,1.0,1.0,2.119,471.809,16,5
1,1,17,4,1000000,60,1000000,1000000,244,1,4.5,65.341,4.498,4.498,0.001,222204.434,10,0.7,0.7,1.926,519.132,16,5
1,1,18,4,1000000,60,1000000,1000000,244,1,4.5,65.341,4.498,4.498,0.001,222204.434,10,0.8,0.8,1.884,530.692,16,5
1,1,19,4,1000000,60,1000000,1000000,244,1,4.5,65.341,4.498,4.498,0.001,222204.434,10,0.8,0.8,2.003,499.147,16,5
1,1,20,4,1000000,60,1000000,1000000,244,1,4.5,65.341,4.498,4.498,0.001,222204.434,10,0.9,0.9,1.908,524.212,16,5
1,1,21,4,1000000,60,1000000,1000000,244,1,4.5,65.341,4.498,4.498,0.001,222204.434,10,0.8,0.8,1.857,538.358,16,5
1,1,22,4,1000000,60,1000000,1000000,244,1,4.5,65.341,4.498,4.498,0.001,222204.434,10,1.0,1.0,1.847,541.528,16,5
1,1,23,4,1000000,60,1000000,1000000,244,1,4.5,65.341,4.498,4.498,0.001,222204.434,10,1.0,1.0,1.996,500.877,16,5
1,1,24,4,1000000,60,1000000,1000000,244,1,4.5,65.341,4.498,4.498,0.001,222204.434,10,0.9,0.9,2.011,497.358,16,5
1,1,25,4,1000000,60,1000000,1000000,244,1,4.5,65.341,4.498,4.498,0.001,222204.434,10,1.0,1.0,2.018,495.417,16,5
1,1,26,4,1000000,60,1000000,1000000,244,1,4.5,65.341,4.498,4.498,0.001,222204.434,10,1.0,1.0,1.918,521.444,16,5
1,1,27,4,1000000,60,1000000,1000000,244,1,4.5,65.341,4.498,4.498,0.001,222204.434,10,1.0,1.0,1.881,531.514,16,5
1,1,28,4,1000000,60,1000000,1000000,244,1,4.5,65.341,4.498,4.498,0.001,222204.434,10,1.0,1.0,1.868,535.296,16,5
1,1,29,4,1000000,60,1000000,1000000,244,1,4.5,65.341,4.498,4.498,0.001,222204.434,10,1.0,1.0,1.941,515.232,16,5
1,1,30,4,1000000,60,1000000,1000000,244,1,4.5,65.341,4.498,4.498,0.001,222204.434,10,0.9,0.9,1.77,565.078,16,5
1,1,31,4,1000000,60,1000000,1000000,244,1,4.5,65.341,4.498,4.498,0.001,222204.434,10,0.9,0.9,1.962,509.576,16,5
1,1,32,4,1000000,60,1000000,1000000,244,1,4.5,65.341,4.498,4.498,0.001,222204.434,10,1.0,1.0,1.808,553.237,16,5
1,1,33,4,1000000,60,1000000,1000000,244,1,4.5,65.341,4.498,4.498,0.001,222204.434,10,1.0,1.0,1.928,518.695,16,5
1,1,34,4,1000000,60,1000000,1000000,244,1,4.5,65.341,4.498,4.498,0.001,222204.434,10,1.0,1.0,1.848,541.138,16,5
1,1,35,4,1000000,60,1000000,1000000,244,1,4.5,65.341,4.498,4.498,0.001,222204.434,10,1.0,1.0,1.971,507.442,16,5
1,1,36,4,1000000,60,1000000,1000000,244,1,4.5,65.341,4.498,4.498,0.001,222204.434,10,1.0,1.0,1.892,528.506,16,5
1,1,37,4,1000000,60,1000000,1000000,244,1,4.5,65.341,4.498,4.498,0.001,222204.434,10,0.8,0.8,1.862,537.129,16,5
1,1,38,4,1000000,60,1000000,1000000,244,1,4.5,65.341,4.498,4.498,0.001,222204.434,10,1.0,1.0,2.004,499.106,16,5
1,1,39,4,1000000,60,1000000,1000000,244,1,4.5,65.341,4.498,4.498,0.001,222204.434,10,1.0,1.0,1.894,528.053,16,5
1,1,40,4,1000000,60,1000000,1000000,244,1,4.5,65.341,4.498,4.498,0.001,222204.434,10,0.9,0.9,2.075,481.899,16,5
1,1,41,4,1000000,60,1000000,1000000,244,1,4.5,65.341,4.498,4.498,0.001,222204.434,10,0.9,0.9,1.946,514.007,16,5
1,1,42,4,1000000,60,1000000,1000000,244,1,4.5,65.341,4.498,4.498,0.001,222204.434,10,0.9,0.9,2.009,497.76,16,5
1,1,43,4,1000000,60,1000000,1000000,244,1,4.5,65.341,4.498,4.498,0.001,222204.434,10,0.9,0.9,1.821,549.149,16,5
1,1,44,4,1000000,60,1000000,1000000,244,1,4.5,65.341,4.498,4.498,0.001,222204.434,10,0.8,0.8,1.832,545.814,16,5
1,1,45,4,1000000,60,1000000,1000000,244,1,4.5,65.341,4.498,4.498,0.001,222204.434,10,0.9,0.9,1.848,541.065,16,5
1,1,46,4,1000000,60,1000000,1000000,244,1,4.5,65.341,4.498,4.498,0.001,222204.434,10,1.0,1.0,1.885,530.516,16,5
1,1,47,4,1000000,60,1000000,1000000,244,1,4.5,65.341,4.498,4.498,0.001,222204.434,10,1.0,1.0,2.01,497.636,16,5
1,1,48,4,1000000,60,1000000,1000000,244,1,4.5,65.341,4.498,4.498,0.001,222204.434,10,0.7,0.7,1.915,522.114,16,5
1,1,49,4,1000000,60,1000000,1000000,244,1,4.5,65.341,4.498,4.498,0.001,222204.434,10,1.0,1.0,1.994,501.442,16,5
1,1,50,4,1000000,60,1000000,1000000,244,1,4.5,65.341,4.498,4.498,0.001,222204.434,10,1.0,1.0,1.961,509.944,16,5
1,1,51,4,1000000,60,1000000,1000000,244,1,4.5,65.341,4.498,4.498,0.001,222204.434,10,1.0,1.0,1.895,527.612,16,5
1,1,52,4,1000000,60,1000000,1000000,244,1,4.5,65.341,4.498,4.498,0.001,222204.434,10,0.8,0.8,1.973,506.864,16,5
1,1,53,4,1000000,60,1000000,1000000,244,1,4.5,65.341,4.498,4.498,0.001,222204.434,10,1.0,1.0,1.894,527.879,16,5
1,1,54,4,1000000,60,1000000,1000000,244,1,4.5,65.341,4.498,4.498,0.001,222204.434,10,0.9,0.9,1.851,540.334,16,5
1,1,55,4,1000000,60,1000000,1000000,244,1,4.5,65.341,4.498,4.498,0.001,222204.434,10,0.8,0.8,1.821,549.036,16,5
1,1,56,4,1000000,60,1000000,1000000,244,1,4.5,65.341,4.498,4.498,0.001,222204.434,10,1.0,1.0,1.893,528.123,16,5
1,1,57,4,1000000,60,1000000,1000000,244,1,4.5,65.341,4.498,4.498,0.001,222204.434,10,0.9,0.9,1.917,521.58,16,5
1,1,58,4,1000000,60,1000000,1000000,244,1,4.5,65.341,4.498,4.498,0.001,222204.434,10,0.9,0.9,1.964,509.219,16,5
1,1,59,4,1000000,60,1000000,1000000,244,1,4.5,65.341,4.498,4.498,0.001,222204.434,10,1.0,1.0,1.987,503.303,16,5
1,1,60,4,1000000,60,1000000,1000000,244,1,4.5,65.341,4.498,4.498,0.001,222204.434,10,1.0,1.0,1.744,573.34,16,5
1,1,61,4,1000000,60,1000000,1000000,244,1,4.5,65.341,4.498,4.498,0.001,222204.434,10,0.9,0.9,2.014,496.637,16,5
1,1,62,4,1000000,60,1000000,1000000,244,1,4.5,65.341,4.498,4.498,0.001,222204.434,10,1.0,1.0,1.861,537.466,16,5
1,1,63,4,1000000,60,1000000,1000000,244,1,4.5,65.341,4.498,4.498,0.001,222204.434,10,0.9,0.9,1.766,566.345,16,5
1,1,64,4,1000000,60,1000000,1000000,244,1,4.5,65.341,4.498,4.498,0.001,222204.434,10,0.9,0.9,1.927,518.874,16,5
1,1,65,4,1000000,60,1000000,1000000,244,1,4.5,65.341,4.498,4.498,0.001,222204.434,10,1.0,1.0,2.013,496.853,16,5
1,1,66,4,1000000,60,1000000,1000000,244,1,4.5,65.341,4.498,4.498,0.001,222204.434,10,1.0,1.0,1.955,511.596,16,5
1,1,67,4,1000000,60,1000000,1000000,244,1,4.5,65.341,4.498,4.498,0.001,222204.434,10,1.0,1.0,1.875,533.238,16,5
1,1,68,4,1000000,60,1000000,1000000,244,1,4.5,65.341,4.498,4.498,0.001,222204.434,10,1.0,1.0,1.775,563.473,16,5
1,1,69,4,1000000,60,1000000,1000000,244,1,4.5,65.341,4.498,4.498,0.001,222204.434,10,0.9,0.9,1.867,535.762,16,5
1,1,70,4,1000000,60,1000000,1000000,244,1,4.5,65.341,4.498,4.498,0.001,222204.434,10,1.0,1.0,1.942,515.055,16,5
1,1,71,4,1000000,60,1000000,1000000,244,1,4.5,65.341,4.498,4.498,0.001,222204.434,10,1.0,1.0,1.749,571.782,16,5
1,1,72,4,1000000,60,1000000,1000000,244,1,4.5,65.341,4.498,4.498,0.001,222204.434,10,0.9,0.9,1.92,520.856,16,5
1,1,73,4,1000000,60,1000000,1000000,244,1,4.5,65.341,4.498,4.498,0.001,222204.434,10,0.8,0.8,1.93,518.246,16,5
1,1,74,4,1000000,60,1000000,1000000,244,1,4.5,65.341,4.498,4.498,0.001,222204.434,10,1.0,1.0,1.899,526.466,16,5
1,1,75,4,1000000,60,1000000,1000000,244,1,4.5,65.341,4.498,4.498,0.001,222204.434,10,0.8,0.8,1.903,525.498,16,5
1,1,76,4,1000000,60,1000000,1000000,244,1,4.5,65.341,4.498,4.498,0.001,222204.434,10,1.0,1.0,1.929,518.392,16,5
1,1,77,4,1000000,60,1000000,1000000,244,1,4.5,65.341,4.498,4.498,0.001,222204.434,10,1.0,1.0,2.088,478.899,16,5
1,1,78,4,1000000,60,1000000,1000000,244,1,4.5,65.341,4.498,4.498,0.001,222204.434,10,1.0,1.0,1.858,538.153,16,5
1,1,79,4,1000000,60,1000000,1000000,244,1,4.5,65.341,4.498,4.498,0.001,222204.434,10,1.0,1.0,1.837,544.415,16,5
1,1,80,4,1000000,60,1000000,1000000,244,1,4.5,65.341,4.498,4.498,0.001,222204.434,10,1.0,1.0,1.817,550.32,16,5
1,1,81,4,1000000,60,1000000,1000000,244,1,4.5,65.341,4.498,4.498,0.001,222204.434,10,0.8,0.8,2.047,488.53,16,5
1,1,82,4,1000000,60,1000000,1000000,244,1,4.5,65.341,4.498,4.498,0.001,222204.434,10,0.9,0.9,1.874,533.535,16,5
1,1,83,4,1000000,60,1000000,1000000,244,1,4.5,65.341,4.498,4.498,0.001,222204.434,10,0.9,0.9,1.965,508.798,16,5
1,1,84,4,1000000,60,1000000,1000000,244,1,4.5,65.341,4.498,4.498,0.001,222204.434,10,1.0,1.0,2.184,457.937,16,5
1,1,85,4,1000000,60,1000000,1000000,244,1,4.5,65.341,4.498,4.498,0.001,222204.434,10,0.8,0.8,2.047,488.619,16,5
1,1,86,4,1000000,60,1000000,1000000,244,1,4.5,65.341,4.498,4.498,0.001,222204.434,10,1.0,1.0,1.762,567.523,16,5
1,1,87,4,1000000,60,1000000,1000000,244,1,4.5,65.341,4.498,4.498,0.001,222204.434,10,0.9,0.9,1.83,546.386,16,5
1,1,88,4,1000000,60,1000000,1000000,244,1,4.5,65.341,4.498,4.498,0.001,222204.434,10,1.0,1.0,1.857,538.648,16,5
1,1,89,4,1000000,60,1000000,1000000,244,1,4.5,65.341,4.498,4.498,0.001,222204.434,10,1.0,1.0,1.696,589.565,16,5
1,1,90,4,1000000,60,1000000,1000000,244,1,4.5,65.341,4.498,4.498,0.001,222204.434,10,1.0,1.0,1.887,529.848,16,5
1,1,91,4,1000000,60,1000000,1000000,244,1,4.5,65.341,4.498,4.498,0.001,222204.434,10,1.0,1.0,1.595,626.779,16,5
1,1,92,4,1000000,60,1000000,1000000,244,1,4.5,65.341,4.498,4.498,0.001,222204.434,10,0.8,0.8,1.95,512.711,16,5
1,1,93,4,1000000,60,1000000,1000000,244,1,4.5,65.341,4.498,4.498,0.001,222204.434,10,0.8,0.8,1.986,503.641,16,5
1,1,94,4,1000000,60,1000000,1000000,244,1,4.5,65.341,4.498,4.498,0.001,222204.434,10,0.8,0.8,1.993,501.735,16,5
1,1,95,4,1000000,60,1000000,1000000,244,1,4.5,65.341,4.498,4.498,0.001,222204.434,10,1.0,1.0,1.774,563.552,16,5
1,1,96,4,1000000,60,1000000,1000000,244,1,4.5,65.341,4.498,4.498,0.001,222204.434,10,0.9,0.9,1.946,513.897,16,5
1,1,97,4,1000000,60,1000000,1000000,244,1,4.5,65.341,4.498,4.498,0.001,222204.434,10,0.9,0.9,1.988,503.06,16,5
1,1,97,5,1000000,60,1000000,1000000,244,1,4.5,65.341,4.498,4.498,0.001,222204.434,10,0.9,0.9,1.994,501.442,16,5
1,1,98,5,1000000,60,1000000,1000000,244,1,4.5,65.341,4.498,4.498,0.001,222204.434,10,1.0,1.0,1.873,533.808,16,5
1,1,99,5,1000000,60,1000000,1000000,244,1,4.5,65.341,4.498,4.498,0.001,222204.434,10,0.9,0.9,1.865,536.157,16,5
1,1,100,5,1000000,60,1000000,1000000,244,1,4.5,65.341,4.498,4.498,0.001,222204.434,10,1.0,1.0,2.028,493.056,16,5
1,1,1,5,1000000,60,1000000,1000000,244,1,4.5,65.341,4.498,4.498,0.001,222204.434,10,1.0,1.0,2.113,473.335,16,5
1,1,2,5,1000000,60,1000000,1000000,244,1,4.5,65.341,4.498,4.498,0.001,222204.434,10,0.7,0.7,2.15,465.125,16,5
1,1,3,5,1000000,60,1000000,1000000,244,1,4.5,65.341,4.498,4.498,0.001,222204.434,10,0.9,0.9,2.006,498.556,16,5
1,1,4,5,1000000,60,1000000,1000000,244,1,4.5,65.341,4.498,4.498,0.001,222204.434,10,1.0,1.0,1.812,551.762,16,5
1,1,5,5,1000000,60,1000000,1000000,244,1,4.5,65.341,4.498,4.498,0.001,222204.434,10,0.9,0.9,2.007,498.132,16,5
1,1,6,5,1000000,60,1000000,1000000,244,1,4.5,65.341,4.498,4.498,0.001,222204.434,10,1.0,1.0,1.885,530.516,16,5
1,1,7,5,1000000,60,1000000,1000000,244,1,4.5,65.341,4.498,4.498,0.001,222204.434,10,0.7,0.7,2.117,472.422,16,5
1,1,8,5,1000000,60,1000000,1000000,244,1,4.5,65.341,4.498,4.498,0.001,222204.434,10,1.0,1.0,2.036,491.209,16,5
1,1,9,5,1000000,60,1000000,1000000,244,1,4.5,65.341,4.498,4.498,0.001,222204.434,10,0.5,0.5,1.992,501.924,16,5
1,1,10,5,1000000,60,1000000,1000000,244,1,4.5,65.341,4.498,4.498,0.001,222204.434,10,1.0,1.0,1.95,512.798,16,5
1,1,11,5,1000000,60,1000000,1000000,244,1,4.5,65.341,4.498,4.498,0.001,222204.434,10,0.8,0.8,1.928,518.605,16,5
1,1,12,5,1000000,60,1000000,1000000,244,1,4.5,65.341,4.498,4.498,0.001,222204.434,10,0.8,0.8,2.075,481.996,16,5
1,1,13,5,1000000,60,1000000,1000000,244,1,4.5,65.341,4.498,4.498,0.001,222204.434,10,1.0,1.0,2.026,493.634,16,5
1,1,14,5,1000000,60,1000000,1000000,244,1,4.5,65.341,4.498,4.498,0.001,222204.434,10,0.8,0.8,2.018,495.591,16,5
1,1,15,5,1000000,60,1000000,1000000,244,1,4.5,65.341,4.498,4.498,0.001,222204.434,10,0.7,0.7,2.001,499.677,16,5
1,1,16,5,1000000,60,1000000,1000000,244,1,4.5,65.341,4.498,4.498,0.001,222204.434,10,1.0,1.0,2.079,480.991,16,5
1,1,17,5,1000000,60,1000000,1000000,244,1,4.5,65.341,4.498,4.498,0.001,222204.434,10,0.7,0.7,1.869,534.95,16,5
1,1,18,5,1000000,60,1000000,1000000,244,1,4.5,65.341,4.498,4.498,0.001,222204.434,10,0.8,0.8,1.994,501.62,16,5
1,1,19,5,1000000,60,1000000,1000000,244,1,4.5,65.341,4.498,4.498,0.001,222204.434,10,0.8,0.8,2.004,498.94,16,5
1,1,20,5,1000000,60,1000000,1000000,244,1,4.5,65.341,4.498,4.498,0.001,222204.434,10,0.9,0.9,1.955,511.574,16,5
1,1,21,5,1000000,60,1000000,1000000,244,1,4.5,65.341,4.498,4.498,0.001,222204.434,10,0.8,0.8,1.887,529.895,16,5
1,1,22,5,1000000,60,1000000,1000000,244,1,4.5,65.341,4.498,4.498,0.001,222204.434,10,1.0,1.0,1.908,523.995,16,5
1,1,23,5,1000000,60,1000000,1000000,244,1,4.5,65.341,4.498,4.498,0.001,222204.434,10,1.0,1.0,2.008,498.018,16,5
1,1,24,5,1000000,60,1000000,1000000,244,1,4.5,65.341,4.498,4.498,0.001,222204.434,10,0.9,0.9,2.085,479.655,16,5
1,1,25,5,1000000,60,1000000,1000000,244,1,4.5,65.341,4.498,4.498,0.001,222204.434,10,1.0,1.0,2.0,500.063,16,5
1,1,26,5,1000000,60,1000000,1000000,244,1,4.5,65.341,4.498,4.498,0.001,222204.434,10,1.0,1.0,1.952,512.251,16,5
1,1,27,5,1000000,60,1000000,1000000,244,1,4.5,65.341,4.498,4.498,0.001,222204.434,10,1.0,1.0,1.903,525.371,16,5
1,1,28,5,1000000,60,1000000,1000000,244,1,4.5,65.341,4.498,4.498,0.001,222204.434,10,1.0,1.0,1.882,531.35,16,5
1,1,29,5,1000000,60,1000000,1000000,244,1,4.5,65.341,4.498,4.498,0.001,222204.434,10,1.0,1.0,1.915,522.33,16,5
1,1,30,5,1000000,60,1000000,1000000,244,1,4.5,65.341,4.498,4.498,0.001,222204.434,10,0.9,0.9,1.797,556.47,16,5
1,1,31,5,1000000,60,1000000,1000000,244,1,4.5,65.341,4.498,4.498,0.001,222204.434,10,0.9,0.9,2.102,475.775,16,5
1,1,32,5,1000000,60,1000000,1000000,244,1,4.5,65.341,4.498,4.498,0.001,222204.434,10,1.0,1.0,1.81,552.601,16,5
1,1,33,5,1000000,60,1000000,1000000,244,1,4.5,65.341,4.498,4.498,0.001,222204.434,10,1.0,1.0,1.997,500.803,16,5
1,1,34,5,1000000,60,1000000,1000000,244,1,4.5,65.341,4.498,4.498,0.001,222204.434,10,1.0,1.0,1.803,554.772,16,5
1,1,35,5,1000000,60,1000000,1000000,244,1,4.5,65.341,4.498,4.498,0.001,222204.434,10,1.0,1.0,1.918,521.467,16,5
1,1,36,5,1000000,60,1000000,1000000,244,1,4.5,65.341,4.498,4.498,0.001,222204.434,10,1.0,1.0,1.836,544.761,16,5
1,1,37,5,1000000,60,1000000,1000000,244,1,4.5,65.341,4.498,4.498,0.001,222204.434,10,0.8,0.8,1.831,546.237,16,5
1,1,38,5,1000000,60,1000000,1000000,244,1,4.5,65.341,4.498,4.498,0.001,222204.434,10,1.0,1.0,2.005,498.836,16,5
1,1,39,5,1000000,60,1000000,1000000,244,1,4.5,65.341,4.498,4.498,0.001,222204.434,10,1.0,1.0,1.922,520.179,16,5
1,1,40,5,1000000,60,1000000,1000000,244,1,4.5,65.341,4.498,4.498,0.001,222204.434,10,0.9,0.9,2.103,475.445,16,5
1,1,41,5,1000000,60,1000000,1000000,244,1,4.5,65.341,4.498,4.498,0.001,222204.434,10,0.9,0.9,1.91,523.492,16,5
1,1,42,5,1000000,60,1000000,1000000,244,1,4.5,65.341,4.498,4.498,0.001,222204.434,10,0.9,0.9,1.938,516.007,16,5
1,1,43,5,1000000,60,1000000,1000000,244,1,4.5,65.341,4.498,4.498,0.001,222204.434,10,0.9,0.9,1.914,522.42,16,5
1,1,44,5,1000000,60,1000000,1000000,244,1,4.5,65.341,4.498,4.498,0.001,222204.434,10,0.8,0.8,1.854,539.277,16,5
1,1,45,5,1000000,60,1000000,1000000,244,1,4.5,65.341,4.498,4.498,0.001,222204.434,10,0.9,0.9,1.886,530.141,16,5
1,1,46,5,1000000,60,1000000,1000000,244,1,4.5,65.341,4.498,4.498,0.001,222204.434,10,1.0,1.0,1.856,538.757,16,5
1,1,47,5,1000000,60,1000000,1000000,244,1,4.5,65.341,4.498,4.498,0.001,222204.434,10,1.0,1.0,2.041,489.986,16,5
1,1,48,5,1000000,60,1000000,1000000,244,1,4.5,65.341,4.498,4.498,0.001,222204.434,10,0.7,0.7,1.925,519.413,16,5
1,1,49,5,1000000,60,1000000,1000000,244,1,4.5,65.341,4.498,4.498,0.001,222204.434,10,1.0,1.0,1.935,516.818,16,5
1,1,50,5,1000000,60,1000000,1000000,244,1,4.5,65.341,4.498,4.498,0.001,222204.434,10,1.0,1.0,2.007,498.298,16,5
1,1,51,5,1000000,60,1000000,1000000,244,1,4.5,65.341,4.498,4.498,0.001,222204.434,10,1.0,1.0,1.792,557.906,16,5
1,1,52,5,1000000,60,1000000,1000000,244,1,4.5,65.341,4.498,4.498,0.001,222204.434,10,0.8,0.8,1.956,511.138,16,5
1,1,53,5,1000000,60,1000000,1000000,244,1,4.5,65.341,4.498,4.498,0.001,222204.434,10,1.0,1.0,1.881,531.585,16,5
1,1,54,5,1000000,60,1000000,1000000,244,1,4.5,65.341,4.498,4.498,0.001,222204.434,10,0.9,0.9,1.889,529.299,16,5
1,1,55,5,1000000,60,1000000,1000000,244,1,4.5,65.341,4.498,4.498,0.001,222204.434,10,0.8,0.8,1.806,553.62,16,5
1,1,56,5,1000000,60,1000000,1000000,244,1,4.5,65.341,4.498,4.498,0.001,222204.434,10,1.0,1.0,1.767,565.811,16,5
1,1,57,5,1000000,60,1000000,1000000,244,1,4.5,65.341,4.498,4.498,0.001,222204.434,10,0.9,0.9,1.971,507.453,16,5
1,1,58,5,1000000,60,1000000,1000000,244,1,4.5,65.341,4.498,4.498,0.001,222204.434,10,0.9,0.9,1.857,538.503,16,5
1,1,59,5,1000000,60,1000000,1000000,244,1,4.5,65.341,4.498,4.498,0.001,222204.434,10,1.0,1.0,1.889,529.311,16,5
1,1,60,5,1000000,60,1000000,1000000,244,1,4.5,65.341,4.498,4.498,0.001,222204.434,10,1.0,1.0,1.685,593.325,16,5
1,1,61,5,1000000,60,1000000,1000000,244,1,4.5,65.341,4.498,4.498,0.001,222204.434,10,0.9,0.9,2.036,491.129,16,5
1,1,62,5,1000000,60,1000000,1000000,244,1,4.5,65.341,4.498,4.498,0.001,222204.434,10,1.0,1.0,1.875,533.215,16,5
1,1,63,5,1000000,60,1000000,1000000,244,1,4.5,65.341,4.498,4.498,0.001,222204.434,10,0.9,0.9,1.786,559.806,16,5
1,1,64,5,1000000,60,1000000,1000000,244,1,4.5,65.341,4.498,4.498,0.001,222204.434,10,0.9,0.9,2.008,497.998,16,5
1,1,65,5,1000000,60,1000000,1000000,244,1,4.5,65.341,4.498,4.498,0.001,222204.434,10,1.0,1.0,2.15,465.062,16,5
1,1,66,5,1000000,60,1000000,1000000,244,1,4.5,65.341,4.498,4.498,0.001,222204.434,10,1.0,1.0,1.878,532.493,16,5
1,1,67,5,1000000,60,1000000,1000000,244,1,4.5,65.341,4.498,4.498,0.001,222204.434,10,1.0,1.0,1.842,542.802,16,5
1,1,68,5,1000000,60,1000000,1000000,244,1,4.5,65.341,4.498,4.498,0.001,222204.434,10,1.0,1.0,1.815,551.015,16,5
1,1,69,5,1000000,60,1000000,1000000,244,1,4.5,65.341,4.498,4.498,0.001,222204.434,10,0.9,0.9,1.886,530.27,16,5
1,1,70,5,1000000,60,1000000,1000000,244,1,4.5,65.341,4.498,4.498,0.001,222204.434,10,1.0,1.0,2.03,492.651,16,5
1,1,71,5,1000000,60,1000000,1000000,244,1,4.5,65.341,4.498,4.498,0.001,222204.434,10,1.0,1.0,1.828,546.983,16,5
1,1,72,5,1000000,60,1000000,1000000,244,1,4.5,65.341,4.498,4.498,0.001,222204.434,10,0.9,0.9,1.866,535.99,16,5
1,1,73,5,1000000,60,1000000,1000000,244,1,4.5,65.341,4.498,4.498,0.001,222204.434,10,0.8,0.8,1.969,507.926,16,5
1,1,74,5,1000000,60,1000000,1000000,244,1,4.5,65.341,4.498,4.498,0.001,222204.434,10,1.0,1.0,1.887,529.801,16,5
1,1,75,5,1000000,60,1000000,1000000,244,1,4.5,65.341,4.498,4.498,0.001,222204.434,10,0.8,0.8,2.024,494.173,16,5
1,1,76,5,1000000,60,1000000,1000000,244,1,4.5,65.341,4.498,4.498,0.001,222204.434,10,1.0,1.0,1.991,502.334,16,5
1,1,77,5,1000000,60,1000000,1000000,244,1,4.5,65.341,4.498,4.498,0.001,222204.434,10,1.0,1.0,2.095,477.317,16,5
1,1,78,5,1000000,60,1000000,1000000,244,1,4.5,65.341,4.498,4.498,0.001,222204.434,10,1.0,1.0,1.914,522.432,16,5
1,1,79,5,1000000,60,1000000,1000000,244,1,4.5,65.341,4.498,4.498,0.001,222204.434,10,1.0,1.0,1.906,524.579,16,5
1,1,80,5,1000000,60,1000000,1000000,244,1,4.5,65.341,4.498,4.498,0.001,222204.434,10,1.0,1.0,1.81,552.639,16,5
1,1,81,5,1000000,60,1000000,1000000,244,1,4.5,65.341,4.498,4.498,0.001,222204.434,10,0.8,0.8,2.015,496.155,16,5
1,1,82,5,1000000,60,1000000,1000000,244,1,4.5,65.341,4.498,4.498,0.001,222204.434,10,0.9,0.9,1.925,519.368,16,5
1,1,83,5,1000000,60,1000000,1000000,244,1,4.5,65.341,4.498,4.498,0.001,222204.434,10,0.9,0.9,2.102,475.7,16,5
1,1,84,5,1000000,60,1000000,1000000,244,1,4.5,65.341,4.498,4.498,0.001,222204.434,10,1.0,1.0,2.191,456.456,16,5
1,1,85,5,1000000,60,1000000,1000000,244,1,4.5,65.341,4.498,4.498,0.001,222204.434,10,0.8,0.8,1.973,506.725,16,5
1,1,86,5,1000000,60,1000000,1000000,244,1,4.5,65.341,4.498,4.498,0.001,222204.434,10,1.0,1.0,1.771,564.693,16,5
1,1,87,5,1000000,60,1000000,1000000,244,1,4.5,65.341,4.498,4.498,0.001,222204.434,10,0.9,0.9,1.797,556.367,16,5
1,1,88,5,1000000,60,1000000,1000000,244,1,4.5,65.341,4.498,4.498,0.001,222204.434,10,1.0,1.0,1.877,532.753,16,5
1,1,89,5,1000000,60,1000000,1000000,244,1,4.5,65.341,4.498,4.498,0.001,222204.434,10,1.0,1.0,1.748,571.96,16,5
1,1,90,5,1000000,60,1000000,1000000,244,1,4.5,65.341,4.498,4.498,0.001,222204.434,10,1.0,1.0,1.954,511.869,16,5
1,1,91,5,1000000,60,1000000,1000000,244,1,4.5,65.341,4.498,4.498,0.001,222204.434,10,1.0,1.0,1.68,595.282,16,5
1,1,92,5,1000000,60,1000000,1000000,244,1,4.5,65.341,4.498,4.498,0.001,222204.434,10,0.8,0.8,1.937,516.151,16,5
1,1,93,5,1000000,60,1000000,1000000,244,1,4.5,65.341,4.498,4.498,0.001,222204.434,10,0.8,0.8,1.891,528.902,16,5
1,1,94,5,1000000,60,1000000,1000000,244,1,4.5,65.341,4.498,4.498,0.001,222204.434,10,0.8,0.8,2.008,498.029,16,5
1,1,95,5,1000000,60,1000000,1000000,244,1,4.5,65.341,4.498,4.498,0.001,222204.434,10,1.0,1.0,1.871,534.533,16,5
1,1,96,5,1000000,60,1000000,1000000,244,1,4.5,65.341,4.498,4.498,0.001,222204.434,10,0.9,0.9,1.908,524.097,16,5
2,2,1,1,1000000,60,499990,500010,244,2,6.605,109.623,13.085,6.603,0.002,151395.524,10,1.0,1.0,3.325,300.741,16,5
2,2,2,1,1000000,60,499990,500010,244,2,6.605,109.623,13.085,6.603,0.002,151395.524,10,0.8,0.8,2.955,338.414,16,5
2,2,3,1,1000000,60,499990,500010,244,2,6.605,109.623,13.085,6.603,0.002,151395.524,10,0.9,0.9,3.016,331.533,16,5
2,2,4,1,1000000,60,499990,500010,244,2,6.605,109.623,13.085,6.603,0.002,151395.524,10,0.8,0.8,2.85,350.836,16,5
2,2,5,1,1000000,60,499990,500010,244,2,6.605,109.623,13.085,6.603,0.002,151395.524,10,0.8,0.8,2.519,396.924,16,5
2,2,6,1,1000000,60,499990,500010,244,2,6.605,109.623,13.085,6.603,0.002,151395.524,10,1.0,1.0,2.211,452.216,16,5
2,2,7,1,1000000,60,499990,500010,244,2,6.605,109.623,13.085,6.603,0.002,151395.524,10,0.5,0.5,2.32,430.957,16,5
2,2,8,1,1000000,60,499990,500010,244,2,6.605,109.623,13.085,6.603,0.002,151395.524,10,1.0,1.0,2.476,403.85,16,5
2,2,9,1,1000000,60,499990,500010,244,2,6.605,109.623,13.085,6.603,0.002,151395.524,10,0.9,0.9,2.209,452.728,16,5
2,2,10,1,1000000,60,499990,500010,244,2,6.605,109.623,13.085,6.603,0.002,151395.524,10,0.8,0.8,2.214,451.62,16,5
2,2,11,1,1000000,60,499990,500010,244,2,6.605,109.623,13.085,6.603,0.002,151395.524,10,0.9,0.9,2.443,409.249,16,5
2,2,12,1,1000000,60,499990,500010,244,2,6.605,109.623,13.085,6.603,0.002,151395.524,10,1.0,1.0,2.587,386.598,16,5
2,2,13,1,1000000,60,499990,500010,244,2,6.605,109.623,13.085,6.603,0.002,151395.524,10,0.9,0.9,2.186,457.43,16,5
2,2,14,1,1000000,60,499990,500010,244,2,6.605,109.623,13.085,6.603,0.002,151395.524,10,0.8,0.8,2.502,399.74,16,5
2,2,15,1,1000000,60,499990,500010,244,2,6.605,109.623,13.085,6.603,0.002,151395.524,10,0.5,0.5,3.404,293.736,16,5
2,2,16,1,1000000,60,499990,500010,244,2,6.605,109.623,13.085,6.603,0.002,151395.524,10,0.9,0.9,2.887,346.395,16,5
2,2,17,1,1000000,60,499990,500010,244,2,6.605,109.623,13.085,6.603,0.002,151395.524,10,0.8,0.8,2.949,339.151,16,5
2,2,18,1,1000000,60,499990,500010,244,2,6.605,109.623,13.085,6.603,0.002,151395.524,10,0.6,0.6,3.132,319.251,16,5
2,2,19,1,1000000,60,499990,500010,244,2,6.605,109.623,13.085,6.603,0.002,151395.524,10,0.7,0.7,3.162,316.222,16,5
2,2,20,1,1000000,60,499990,500010,244,2,6.605,109.623,13.085,6.603,0.002,151395.524,10,0.7,0.7,3.068,325.941,16,5
2,2,21,1,1000000,60,499990,500010,244,2,6.605,109.623,13.085,6.603,0.002,151395.524,10,1.0,1.0,2.338,427.67,16,5
2,2,22,1,1000000,60,499990,500010,244,2,6.605,109.623,13.085,6.603,0.002,151395.524,10,0.8,0.8,2.452,407.879,16,5
2,2,23,1,1000000,60,499990,500010,244,2,6.605,109.623,13.085,6.603,0.002,151395.524,10,0.9,0.9,2.542,393.32,16,5
2,2,24,1,1000000,60,499990,500010,244,2,6.605,109.623,13.085,6.603,0.002,151395.524,10,1.0,1.0,2.543,393.281,16,5
2,2,25,1,1000000,60,499990,500010,244,2,6.605,109.623,13.085,6.603,0.002,151395.524,10,1.0,1.0,2.382,419.808,16,5
2,2,26,1,1000000,60,499990,500010,244,2,6.605,109.623,13.085,6.603,0.002,151395.524,10,0.9,0.9,2.448,408.518,16,5
2,2,27,1,1000000,60,499990,500010,244,2,6.605,109.623,13.085,6.603,0.002,151395.524,10,0.9,0.9,2.989,334.593,16,5
2,2,28,1,1000000,60,499990,500010,244,2,6.605,109.623,13.085,6.603,0.002,151395.524,10,0.8,0.8,2.696,370.983,16,5
2,2,29,1,1000000,60,499990,500010,244,2,6.605,109.623,13.085,6.603,0.002,151395.524,10,0.9,0.9,2.832,353.087,16,5
2,2,30,1,1000000,60,499990,500010,244,2,6.605,109.623,13.085,6.603,0.002,151395.524,10,0.9,0.9,2.329,429.4,16,5
2,2,31,1,1000000,60,499990,500010,244,2,6.605,109.623,13.085,6.603,0.002,151395.524,10,1.0,1.0,2.693,371.333,16,5
2,2,32,1,1000000,60,499990,500010,244,2,6.605,109.623,13.085,6.603,0.002,151395.524,10,0.9,0.9,2.727,366.737,16,5
2,2,33,1,1000000,60,499990,500010,244,2,6.605,109.623,13.085,6.603,0.002,151395.524,10,1.0,1.0,2.66,375.928,16,5
2,2,34,1,1000000,60,499990,500010,244,2,6.605,109.623,13.085,6.603,0.002,151395.524,10,1.0,1.0,2.586,386.642,16,5
2,2,35,1,1000000,60,499990,500010,244,2,6.605,109.623,13.085,6.603,0.002,151395.524,10,1.0,1.0,3.405,293.664,16,5
2,2,36,1,1000000,60,499990,500010,244,2,6.605,109.623,13.085,6.603,0.002,151395.524,10,1.0,1.0,2.986,334.859,16,5
2,2,37,1,1000000,60,499990,500010,244,2,6.605,109.623,13.085,6.603,0.002,151395.524,10,0.9,0.9,3.037,329.245,16,5
2,2,38,1,1000000,60,499990,500010,244,2,6.605,109.623,13.085,6.603,0.002,151395.524,10,1.0,1.0,3.207,311.846,16,5
2,2,39,1,1000000,60,499990,500010,244,2,6.605,109.623,13.085,6.603,0.002,151395.524,10,1.0,1.0,2.584,386.984,16,5
2,2,40,1,1000000,60,499990,500010,244,2,6.605,109.623,13.085,6.603,0.002,151395.524,10,0.8,0.8,2.868,348.7,16,5
2,2,41,1,1000000,60,499990,500010,244,2,6.605,109.623,13.085,6.603,0.002,151395.524,10,0.9,0.9,3.284,304.487,16,5
2,2,42,1,1000000,60,499990,500010,244,2,6.605,109.623,13.085,6.603,0.002,151395.524,10,1.0,1.0,2.985,335.064,16,5
2,2,43,1,1000000,60,499990,500010,244,2,6.605,109.623,13.085,6.603,0.002,151395.524,10,0.9,0.9,2.683,372.717,16,5
2,2,44,1,1000000,60,499990,500010,244,2,6.605,109.623,13.085,6.603,0.002,151395.524,10,0.9,0.9,3.477,287.601,16,5
2,2,45,1,1000000,60,499990,500010,244,2,6.605,109.623,13.085,6.603,0.002,151395.524,10,0.9,0.9,3.478,287.497,16,5
2,2,46,1,1000000,60,499990,500010,244,2,6.605,109.623,13.085,6.603,0.002,151395.524,10,1.0,1.0,2.652,377.133,16,5
2,2,47,1,1000000,60,499990,500010,244,2,6.605,109.623,13.085,6.603,0.002,151395.524,10,0.9,0.9,2.819,354.783,16,5
2,2,48,1,1000000,60,499990,500010,244,2,6.605,109.623,13.085,6.603,0.002,151395.524,10,0.5,0.5,3.227,309.873,16,5
2,2,49,1,1000000,60,499990,500010,244,2,6.605,109.623,13.085,6.603,0.002,151395.524,10,1.0,1.0,3.394,294.601,16,5
2,2,50,1,1000000,60,499990,500010,244,2,6.605,109.623,13.085,6.603,0.002,151395.524,10,1.0,1.0,2.977,335.937,16,5
2,2,51,1,1000000,60,499990,500010,244,2,6.605,109.623,13.085,6.603,0.002,151395.524,10,1.0,1.0,2.922,342.241,16,5
2,2,52,1,1000000,60,499990,500010,244,2,6.605,109.623,13.085,6.603,0.002,151395.524,10,0.9,0.9,3.043,328.659,16,5
2,2,53,1,1000000,60,499990,500010,244,2,6.605,109.623,13.085,6.603,0.002,151395.524,10,0.9,0.9,3.161,316.397,16,5
2,2,54,1,1000000,60,499990,500010,244,2,6.605,109.623,13.085,6.603,0.002,151395.524,10,0.7,0.7,3.12,320.513,16,5
2,2,55,1,1000000,60,499990,500010,244,2,6.605,109.623,13.085,6.603,0.002,151395.524,10,0.7,0.7,2.923,342.114,16,5
2,2,56,1,1000000,60,499990,500010,244,2,6.605,109.623,13.085,6.603,0.002,151395.524,10,1.0,1.0,2.621,381.491,16,5
2,2,57,1,1000000,60,499990,500010,244,2,6.605,109.623,13.085,6.603,0.002,151395.524,10,1.0,1.0,3.227,309.849,16,5
2,2,58,1,1000000,60,499990,500010,244,2,6.605,109.623,13.085,6.603,0.002,151395.524,10,1.0,1.0,3.155,316.928,16,5
2,2,59,1,1000000,60,499990,500010,244,2,6.605,109.623,13.085,6.603,0.002,151395.524,10,0.9,0.9,2.887,346.385,16,5
2,2,60,1,1000000,60,499990,500010,244,2,6.605,109.623,13.085,6.603,0.002,151395.524,10,1.0,1.0,3.131,319.361,16,5
2,2,61,1,1000000,60,499990,500010,244,2,6.605,109.623,13.085,6.603,0.002,151395.524,10,0.9,0.9,3.09,323.651,16,5
2,2,62,1,1000000,60,499990,500010,244,2,6.605,109.623,13.085,6.603,0.002,151395.524,10,1.0,1.0,2.967,336.998,16,5
2,2,63,1,1000000,60,499990,500010,244,2,6.605,109.623,13.085,6.603,0.002,151395.524,10,1.0,1.0,2.882,347.001,16,5
2,2,64,1,1000000,60,499990,500010,244,2,6.605,109.623,13.085,6.603,0.002,151395.524,10,0.9,0.9,3.194,313.079,16,5
2,2,65,1,1000000,60,499990,500010,244,2,6.605,109.623,13.085,6.603,0.002,151395.524,10,0.9,0.9,2.963,337.534,16,5
2,2,66,1,1000000,60,499990,500010,244,2,6.605,109.623,13.085,6.603,0.002,151395.524,10,0.9,0.9,3.103,322.221,16,5
2,2,67,1,1000000,60,499990,500010,244,2,6.605,109.623,13.085,6.603,0.002,151395.524,10,1.0,1.0,3.145,317.957,16,5
2,2,68,1,1000000,60,499990,500010,244,2,6.605,109.623,13.085,6.603,0.002,151395.524,10,1.0,1.0,2.965,337.244,16,5
2,2,69,1,1000000,60,499990,500010,244,2,6.605,109.623,13.085,6.603,0.002,151395.524,10,0.9,0.9,2.765,361.609,16,5
2,2,70,1,1000000,60,499990,500010,244,2,6.605,109.623,13.085,6.603,0.002,151395.524,10,0.9,0.9,3.067,326.02,16,5
2,2,71,1,1000000,60,499990,500010,244,2,6.605,109.623,13.085,6.603,0.002,151395.524,10,0.9,0.9,2.384,419.478,16,5
2,2,72,1,1000000,60,499990,500010,244,2,6.605,109.623,13.085,6.603,0.002,151395.524,10,0.8,0.8,2.67,374.567,16,5
2,2,73,1,1000000,60,499990,500010,244,2,6.605,109.623,13.085,6.603,0.002,151395.524,10,0.9,0.9,2.631,380.029,16,5
2,2,74,1,1000000,60,499990,500010,244,2,6.605,109.623,13.085,6.603,0.002,151395.524,10,0.9,0.9,2.648,377.697,16,5
2,2,75,1,1000000,60,499990,500010,244,2,6.605,109.623,13.085,6.603,0.002,151395.524,10,0.9,0.9,2.687,372.185,16,5
2,2,76,1,1000000,60,499990,500010,244,2,6.605,109.623,13.085,6.603,0.002,151395.524,10,0.9,0.9,2.337,427.907,16,5
2,2,77,1,1000000,60,499990,500010,244,2,6.605,109.623,13.085,6.603,0.002,151395.524,10,0.8,0.8,2.355,424.674,16,5
2,2,78,1,1000000,60,499990,500010,244,2,6.605,109.623,13.085,6.603,0.002,151395.524,10,0.9,0.9,2.378,420.603,16,5
2,2,79,1,1000000,60,499990,500010,244,2,6.605,109.623,13.085,6.603,0.002,151395.524,10,1.0,1.0,2.196,455.425,16,5
2,2,80,1,1000000,60,499990,500010,244,2,6.605,109.623,13.085,6.603,0.002,151395.524,10,1.0,1.0,2.152,464.603,16,5
2,2,81,1,1000000,60,499990,500010,244,2,6.605,109.623,13.085,6.603,0.002,151395.524,10,0.9,0.9,2.292,436.261,16,5
2,2,82,1,1000000,60,499990,500010,244,2,6.605,109.623,13.085,6.603,0.002,151395.524,10,0.9,0.9,2.151,465.008,16,5
2,2,83,1,1000000,60,499990,500010,244,2,6.605,109.623,13.085,6.603,0.002,151395.524,10,0.8,0.8,2.146,466.01,16,5
2,2,84,1,1000000,60,499990,500010,244,2,6.605,109.623,13.085,6.603,0.002,151395.524,10,0.9,0.9,2.308,433.307,16,5
2,2,85,1,1000000,60,499990,500010,244,2,6.605,109.623,13.085,6.603,0.002,151395.524,10,0.9,0.9,2.362,423.303,16,5
2,2,86,1,1000000,60,499990,500010,244,2,6.605,109.623,13.085,6.603,0.002,151395.524,10,1.0,1.0,2.121,471.54,16,5
2,2,87,1,1000000,60,499990,500010,244,2,6.605,109.623,13.085,6.603,0.002,151395.524,10,1.0,1.0,2.209,452.591,16,5
2,2,88,1,1000000,60,499990,500010,244,2,6.605,109.623,13.085,6.603,0.002,151395.524,10,0.9,0.9,2.231,448.204,16,5
2,2,89,1,1000000,60,499990,500010,244,2,6.605,109.623,13.085,6.603,0.002,151395.524,10,1.0,1.0,1.984,504.075,16,5
2,2,90,1,1000000,60,499990,500010,244,2,6.605,109.623,13.085,6.603,0.002,151395.524,10,1.0,1.0,2.19,456.569,16,5
2,2,91,1,1000000,60,499990,500010,244,2,6.605,109.623,13.085,6.603,0.002,151395.524,10,1.0,1.0,1.779,562.14,16,5
2,2,92,1,1000000,60,499990,500010,244,2,6.605,109.623,13.085,6.603,0.002,151395.524,10,1.0,1.0,2.135,468.311,16,5
2,2,93,1,1000000,60,499990,500010,244,2,6.605,109.623,13.085,6.603,0.002,151395.524,10,0.9,0.9,2.174,460.043,16,5
2,2,94,1,1000000,60,499990,500010,244,2,6.605,109.623,13.085,6.603,0.002,151395.524,10,0.8,0.8,2.162,462.499,16,5
2,2,95,1,1000000,60,499990,500010,244,2,6.605,109.623,13.085,6.603,0.002,151395.524,10,1.0,1.0,2.038,490.778,16,5
2,2,96,1,1000000,60,499990,500010,244,2,6.605,109.623,13.085,6.603,0.002,151395.524,10,1.0,1.0,2.296,435.461,16,5
2,2,97,1,1000000,60,499990,500010,244,2,6.605,109.623,13.085,6.603,0.002,151395.524,10,0.9,0.9,2.204,453.815,16,5
2,2,98,1,1000000,60,499990,500010,244,2,6.605,109.623,13.085,6.603,0.002,151395.524,10,0.9,0.9,2.108,474.327,16,5
2,2,99,1,1000000,60,499990,500010,244,2,6.605,109.623,13.085,6.603,0.002,151395.524,10,0.9,0.9,2.045,488.977,16,5
2,2,100,1,1000000,60,499990,500010,244,2,6.605,109.623,13.085,6.603,0.002,151395.524,10,0.9,0.9,2.405,415.786,16,5
2,2,100,2,1000000,60,499990,500010,244,2,6.605,109.623,13.085,6.603,0.002,151395.524,10,0.9,0.9,2.547,392.555,16,5
2,2,1,2,1000000,60,499990,500010,244,2,6.605,109.623,13.085,6.603,0.002,151395.524,10,1.0,1.0,2.281,438.428,16,5
2,2,2,2,1000000,60,499990,500010,244,2,6.605,109.623,13.085,6.603,0.002,151395.524,10,0.8,0.8,2.198,454.95,16,5
2,2,3,2,1000000,60,499990,500010,244,2,6.605,109.623,13.085,6.603,0.002,151395.524,10,0.9,0.9,2.159,463.285,16,5
2,2,4,2,1000000,60,499990,500010,244,2,6.605,109.623,13.085,6.603,0.002,151395.524,10,0.8,0.8,2.173,460.184,16,5
2,2,5,2,1000000,60,499990,500010,244,2,6.605,109.623,13.085,6.603,0.002,151395.524,10,0.8,0.8,2.288,436.975,16,5
2,2,6,2,1000000,60,499990,500010,244,2,6.605,109.623,13.085,6.603,0.002,151395.524,10,1.0,1.0,2.263,441.948,16,5
2,2,7,2,1000000,60,499990,500010,244,2,6.605,109.623,13.085,6.603,0.002,151395.524,10,0.5,0.5,2.28,438.548,16,5
2,2,8,2,1000000,60,499990,500010,244,2,6.605,109.623,13.085,6.603,0.002,151395.524,10,1.0,1.0,2.373,421.467,16,5
2,2,9,2,1000000,60,499990,500010,244,2,6.605,109.623,13.085,6.603,0.002,151395.524,10,0.9,0.9,2.181,458.514,16,5
2,2,10,2,1000000,60,499990,500010,244,2,6.605,109.623,13.085,6.603,0.002,151395.524,10,0.8,0.8,2.173,460.29,16,5
2,2,11,2,1000000,60,499990,500010,244,2,6.605,109.623,13.085,6.603,0.002,151395.524,10,0.9,0.9,2.275,439.536,16,5
2,2,12,2,1000000,60,499990,500010,244,2,6.605,109.623,13.085,6.603,0.002,151395.524,10,1.0,1.0,2.295,435.785,16,5
2,2,13,2,1000000,60,499990,500010,244,2,6.605,109.623,13.085,6.603,0.002,151395.524,10,0.9,0.9,2.264,441.721,16,5
2,2,14,2,1000000,60,499990,500010,244,2,6.605,109.623,13.085,6.603,0.002,151395.524,10,0.8,0.8,2.124,470.717,16,5
2,2,15,2,1000000,60,499990,500010,244,2,6.605,109.623,13.085,6.603,0.002,151395.524,10,0.5,0.5,2.195,455.589,16,5
2,2,16,2,1000000,60,499990,500010,244,2,6.605,109.623,13.085,6.603,0.002,151395.524,10,0.9,0.9,2.16,462.918,16,5
2,2,17,2,1000000,60,499990,500010,244,2,6.605,109.623,13.085,6.603,0.002,151395.524,10,0.8,0.8,2.177,459.277,16,5
2,2,18,2,1000000,60,499990,500010,244,2,6.605,109.623,13.085,6.603,0.002,151395.524,10,0.6,0.6,2.233,447.778,16,5
2,2,19,2,1000000,60,499990,500010,244,2,6.605,109.623,13.085,6.603,0.002,151395.524,10,0.7,0.7,2.23,448.473,16,5
2,2,20,2,1000000,60,499990,500010,244,2,6.605,109.623,13.085,6.603,0.002,151395.524,10,0.7,0.7,2.183,458.12,16,5
2,2,21,2,1000000,60,499990,500010,244,2,6.605,109.623,13.085,6.603,0.002,151395.524,10,1.0,1.0,2.183,458.164,16,5
2,2,22,2,1000000,60,499990,500010,244,2,6.605,109.623,13.085,6.603,0.002,151395.524,10,0.8,0.8,2.084,479.818,16,5
2,2,23,2,1000000,60,499990,500010,244,2,6.605,109.623,13.085,6.603,0.002,151395.524,10,0.9,0.9,2.226,449.304,16,5
2,2,24,2,1000000,60,499990,500010,244,2,6.605,109.623,13.085,6.603,0.002,151395.524,10,1.0,1.0,2.075,481.899,16,5
2,2,25,2,1000000,60,499990,500010,244,2,6.605,109.623,13.085,6.603,0.002,151395.524,10,1.0,1.0,2.062,485.064,16,5
2,2,26,2,1000000,60,499990,500010,244,2,6.605,109.623,13.085,6.603,0.002,151395.524,10,0.9,0.9,2.064,484.418,16,5
2,2,27,2,1000000,60,499990,500010,244,2,6.605,109.623,13.085,6.603,0.002,151395.524,10,0.9,0.9,2.093,477.812,16,5
2,2,28,2,1000000,60,499990,500010,244,2,6.605,109.623,13.085,6.603,0.002,151395.524,10,0.8,0.8,2.142,466.926,16,5
2,2,29,2,1000000,60,499990,500010,244,2,6.605,109.623,13.085,6.603,0.002,151395.524,10,0.9,0.9,2.239,446.611,16,5
2,2,30,2,1000000,60,499990,500010,244,2,6.605,109.623,13.085,6.603,0.002,151395.524,10,0.9,0.9,2.115,472.879,16,5
2,2,31,2,1000000,60,499990,500010,244,2,6.605,109.623,13.085,6.603,0.002,151395.524,10,1.0,1.0,2.482,402.948,16,5
2,2,32,2,1000000,60,499990,500010,244,2,6.605,109.623,13.085,6.603,0.002,151395.524,10,0.9,0.9,2.047,488.47,16,5
2,2,33,2,1000000,60,499990,500010,244,2,6.605,109.623,13.085,6.603,0.002,151395.524,10,1.0,1.0,2.309,433.119,16,5
2,2,34,2,1000000,60,499990,500010,244,2,6.605,109.623,13.085,6.603,0.002,151395.524,10,1.0,1.0,2.129,469.667,16,5
2,2,35,2,1000000,60,499990,500010,244,2,6.605,109.623,13.085,6.603,0.002,151395.524,10,1.0,1.0,2.34,427.404,16,5
2,2,36,2,1000000,60,499990,500010,244,2,6.605,109.623,13.085,6.603,0.002,151395.524,10,1.0,1.0,2.351,425.389,16,5
2,2,37,2,1000000,60,499990,500010,244,2,6.605,109.623,13.085,6.603,0.002,151395.524,10,0.9,0.9,2.279,438.853,16,5
2,2,38,2,1000000,60,499990,500010,244,2,6.605,109.623,13.085,6.603,0.002,151395.524,10,1.0,1.0,2.219,450.594,16,5
2,2,39,2,1000000,60,499990,500010,244,2,6.605,109.623,13.085,6.603,0.002,151395.524,10,1.0,1.0,2.001,499.823,16,5
2,2,40,2,1000000,60,499990,500010,244,2,6.605,109.623,13.085,6.603,0.002,151395.524,10,0.8,0.8,2.348,425.834,16,5
2,2,41,2,1000000,60,499990,500010,244,2,6.605,109.623,13.085,6.603,0.002,151395.524,10,0.9,0.9,2.166,461.601,16,5
2,2,42,2,1000000,60,499990,500010,244,2,6.605,109.623,13.085,6.603,0.002,151395.524,10,1.0,1.0,2.305,433.824,16,5
2,2,43,2,1000000,60,499990,500010,244,2,6.605,109.623,13.085,6.603,0.002,151395.524,10,0.9,0.9,2.272,440.125,16,5
2,2,44,2,1000000,60,499990,500010,244,2,6.605,109.623,13.085,6.603,0.002,151395.524,10,0.9,0.9,2.237,447.11,16,5
2,2,45,2,1000000,60,499990,500010,244,2,6.605,109.623,13.085,6.603,0.002,151395.524,10,0.9,0.9,2.294,435.88,16,5
2,2,46,2,1000000,60,499990,500010,244,2,6.605,109.623,13.085,6.603,0.002,151395.524,10,1.0,1.0,2.104,475.266,16,5
2,2,47,2,1000000,60,499990,500010,244,2,6.605,109.623,13.085,6.603,0.002,151395.524,10,0.9,0.9,2.415,414.007,16,5
2,2,48,2,1000000,60,499990,500010,244,2,6.605,109.623,13.085,6.603,0.002,151395.524,10,0.5,0.5,2.404,415.981,16,5
2,2,49,2,1000000,60,499990,500010,244,2,6.605,109.623,13.085,6.603,0.002,151395.524,10,1.0,1.0,2.209,452.711,16,5
2,2,50,2,1000000,60,499990,500010,244,2,6.605,109.623,13.085,6.603,0.002,151395.524,10,1.0,1.0,2.251,444.173,16,5
2,2,51,2,1000000,60,499990,500010,244,2,6.605,109.623,13.085,6.603,0.002,151395.524,10,1.0,1.0,2.075,481.957,16,5
2,2,52,2,1000000,60,499990,500010,244,2,6.605,109.623,13.085,6.603,0.002,151395.524,10,0.9,0.9,2.361,423.475,16,5
2,2,53,2,1000000,60,499990,500010,244,2,6.605,109.623,13.085,6.603,0.002,151395.524,10,0.9,0.9,2.459,406.745,16,5
2,2,54,2,1000000,60,499990,500010,244,2,6.605,109.623,13.085,6.603,0.002,151395.524,10,0.7,0.7,2.174,460.026,16,5
2,2,55,2,1000000,60,499990,500010,244,2,6.605,109.623,13.085,6.603,0.002,151395.524,10,0.7,0.7,2.284,437.86,16,5
2,2,56,2,1000000,60,499990,500010,244,2,6.605,109.623,13.085,6.603,0.002,151395.524,10,1.0,1.0,2.083,480.163,16,5
2,2,57,2,1000000,60,499990,500010,244,2,6.605,109.623,13.085,6.603,0.002,151395.524,10,1.0,1.0,2.222,450.028,16,5
2,2,58,2,1000000,60,499990,500010,244,2,6.605,109.623,13.085,6.603,0.002,151395.524,10,1.0,1.0,2.348,425.887,16,5
2,2,59,2,1000000,60,499990,500010,244,2,6.605,109.623,13.085,6.603,0.002,151395.524,10,0.9,0.9,2.186,457.518,16,5
2,2,60,2,1000000,60,499990,500010,244,2,6.605,109.623,13.085,6.603,0.002,151395.524,10,1.0,1.0,2.073,482.412,16,5
2,2,61,2,1000000,60,499990,500010,244,2,6.605,109.623,13.085,6.603,0.002,151395.524,10,0.9,0.9,2.523,396.399,16,5
2,2,62,2,1000000,60,499990,500010,244,2,6.605,109.623,13.085,6.603,0.002,151395.524,10,1.0,1.0,2.313,432.3,16,5
2,2,63,2,1000000,60,499990,500010,244,2,6.605,109.623,13.085,6.603,0.002,151395.524,10,1.0,1.0,1.983,504.234,16,5
2,2,64,2,1000000,60,499990,500010,244,2,6.605,109.623,13.085,6.603,0.002,151395.524,10,0.9,0.9,2.084,479.76,16,5
2,2,65,2,1000000,60,499990,500010,244,2,6.605,109.623,13.085,6.603,0.002,151395.524,10,0.9,0.9,2.34,427.366,16,5
2,2,66,2,1000000,60,499990,500010,244,2,6.605,109.623,13.085,6.603,0.002,151395.524,10,0.9,0.9,2.691,371.667,16,5
2,2,67,2,1000000,60,499990,500010,244,2,6.605,109.623,13.085,6.603,0.002,151395.524,10,1.0,1.0,2.098,476.644,16,5
2,2,68,2,1000000,60,499990,500010,244,2,6.605,109.623,13.085,6.603,0.002,151395.524,10,1.0,1.0,2.165,461.956,16,5
2,2,69,2,1000000,60,499990,500010,244,2,6.605,109.623,13.085,6.603,0.002,151395.524,10,0.9,0.9,2.062,484.848,16,5
2,2,70,2,1000000,60,499990,500010,244,2,6.605,109.623,13.085,6.603,0.002,151395.524,10,0.9,0.9,2.306,433.612,16,5
2,2,71,2,1000000,60,499990,500010,244,2,6.605,109.623,13.085,6.603,0.002,151395.524,10,0.9,0.9,2.045,489.117,16,5
2,2,72,2,1000000,60,499990,500010,244,2,6.605,109.623,13.085,6.603,0.002,151395.524,10,0.8,0.8,2.175,459.788,16,5
2,2,73,2,1000000,60,499990,500010,244,2,6.605,109.623,13.085,6.603,0.002,151395.524,10,0.9,0.9,2.148,465.531,16,5
2,2,74,2,1000000,60,499990,500010,244,2,6.605,109.623,13.085,6.603,0.002,151395.524,10,0.9,0.9,2.383,419.573,16,5
2,2,75,2,1000000,60,499990,500010,244,2,6.605,109.623,13.085,6.603,0.002,151395.524,10,0.9,0.9,2.49,401.64,16,5
2,2,76,2,1000000,60,499990,500010,244,2,6.605,109.623,13.085,6.603,0.002,151395.524,10,0.9,0.9,2.254,443.59,16,5
2,2,77,2,1000000,60,499990,500010,244,2,6.605,109.623,13.085,6.603,0.002,151395.524,10,0.8,0.8,2.231,448.297,16,5
2,2,78,2,1000000,60,499990,500010,244,2,6.605,109.623,13.085,6.603,0.002,151395.524,10,0.9,0.9,2.184,457.91,16,5
2,2,79,2,1000000,60,499990,500010,244,2,6.605,109.623,13.085,6.603,0.002,151395.524,10,1.0,1.0,2.526,395.961,16,5
2,2,80,2,1000000,60,499990,500010,244,2,6.605,109.623,13.085,6.603,0.002,151395.524,10,1.0,1.0,2.231,448.322,16,5
2,2,81,2,1000000,60,499990,500010,244,2,6.605,109.623,13.085,6.603,0.002,151395.524,10,0.9,0.9,2.418,413.522,16,5
2,2,82,2,1000000,60,499990,500010,244,2,6.605,109.623,13.085,6.603,0.002,151395.524,10,0.9,0.9,2.106,474.768,16,5
2,2,83,2,1000000,60,499990,500010,244,2,6.605,109.623,13.085,6.603,0.002,151395.524,10,0.8,0.8,2.398,417.072,16,5
2,2,84,2,1000000,60,499990,500010,244,2,6.605,109.623,13.085,6.603,0.002,151395.524,10,0.9,0.9,2.681,373.041,16,5
2,2,85,2,1000000,60,499990,500010,244,2,6.605,109.623,13.085,6.603,0.002,151395.524,10,0.9,0.9,3.068,325.936,16,5
2,2,86,2,1000000,60,499990,500010,244,2,6.605,109.623,13.085,6.603,0.002,151395.524,10,1.0,1.0,2.38,420.117,16,5
2,2,87,2,1000000,60,499990,500010,244,2,6.605,109.623,13.085,6.603,0.002,151395.524,10,1.0,1.0,2.514,397.772,16,5
2,2,88,2,1000000,60,499990,500010,244,2,6.605,109.623,13.085,6.603,0.002,151395.524,10,0.9,0.9,2.27,440.545,16,5
2,2,89,2,1000000,60,499990,500010,244,2,6.605,109.623,13.085,6.603,0.002,151395.524,10,1.0,1.0,2.076,481.715,16,5
2,2,90,2,1000000,60,499990,500010,244,2,6.605,109.623,13.085,6.603,0.002,151395.524,10,1.0,1.0,2.143,466.717,16,5
2,2,91,2,1000000,60,499990,500010,244,2,6.605,109.623,13.085,6.603,0.002,151395.524,10,1.0,1.0,1.906,524.567,16,5
2,2,92,2,1000000,60,499990,500010,244,2,6.605,109.623,13.085,6.603,0.002,151395.524,10,1.0,1.0,2.782,359.497,16,5
2,2,93,2,1000000,60,499990,500010,244,2,6.605,109.623,13.085,6.603,0.002,151395.524,10,0.9,0.9,2.476,403.952,16,5
2,2,94,2,1000000,60,499990,500010,244,2,6.605,109.623,13.085,6.603,0.002,151395.524,10,0.8,0.8,2.323,430.424,16,5
2,2,95,2,1000000,60,499990,500010,244,2,6.605,109.623,13.085,6.603,0.002,151395.524,10,1.0,1.0,2.122,471.17,16,5
2,2,96,2,1000000,60,499990,500010,244,2,6.605,109.623,13.085,6.603,0.002,151395.524,10,1.0,1.0,2.46,406.497,16,5
2,2,97,2,1000000,60,499990,500010,244,2,6.605,109.623,13.085,6.603,0.002,151395.524,10,0.9,0.9,2.223,449.8,16,5
2,2,98,2,1000000,60,499990,500010,244,2,6.605,109.623,13.085,6.603,0.002,151395.524,10,0.9,0.9,2.078,481.155,16,5
2,2,99,2,1000000,60,499990,500010,244,2,6.605,109.623,13.085,6.603,0.002,151395.524,10,0.9,0.9,2.075,481.879,16,5
2,2,99,3,1000000,60,499990,500010,244,2,6.605,109.623,13.085,6.603,0.002,151395.524,10,0.9,0.9,2.057,486.243,16,5
2,2,100,3,1000000,60,499990,500010,244,2,6.605,109.623,13.085,6.603,0.002,151395.524,10,0.9,0.9,2.167,461.547,16,5
2,2,1,3,1000000,60,499990,500010,244,2,6.605,109.623,13.085,6.603,0.002,151395.524,10,1.0,1.0,2.298,435.248,16,5
2,2,2,3,1000000,60,499990,500010,244,2,6.605,109.623,13.085,6.603,0.002,151395.524,10,0.8,0.8,2.247,444.947,16,5
2,2,3,3,1000000,60,499990,500010,244,2,6.605,109.623,13.085,6.603,0.002,151395.524,10,0.9,0.9,2.272,440.181,16,5
2,2,4,3,1000000,60,499990,500010,244,2,6.605,109.623,13.085,6.603,0.002,151395.524,10,0.8,0.8,2.488,401.996,16,5
2,2,5,3,1000000,60,499990,500010,244,2,6.605,109.623,13.085,6.603,0.002,151395.524,10,0.8,0.8,2.199,454.83,16,5
2,2,6,3,1000000,60,499990,500010,244,2,6.605,109.623,13.085,6.603,0.002,151395.524,10,1.0,1.0,2.196,455.33,16,5
2,2,7,3,1000000,60,499990,500010,244,2,6.605,109.623,13.085,6.603,0.002,151395.524,10,0.5,0.5,2.712,368.681,16,5
2,2,8,3,1000000,60,499990,500010,244,2,6.605,109.623,13.085,6.603,0.002,151395.524,10,1.0,1.0,2.424,412.52,16,5
2,2,9,3,1000000,60,499990,500010,244,2,6.605,109.623,13.085,6.603,0.002,151395.524,10,0.9,0.9,2.02,495.152,16,5
2,2,10,3,1000000,60,499990,500010,244,2,6.605,109.623,13.085,6.603,0.002,151395.524,10,0.8,0.8,2.193,455.944,16,5
2,2,11,3,1000000,60,499990,500010,244,2,6.605,109.623,13.085,6.603,0.002,151395.524,10,0.9,0.9,2.396,417.333,16,5
2,2,12,3,1000000,60,499990,500010,244,2,6.605,109.623,13.085,6.603,0.002,151395.524,10,1.0,1.0,2.287,437.278,16,5
2,2,13,3,1000000,60,499990,500010,244,2,6.605,109.623,13.085,6.603,0.002,151395.524,10,0.9,0.9,2.198,454.959,16,5
2,2,14,3,1000000,60,499990,500010,244,2,6.605,109.623,13.085,6.603,0.002,151395.524,10,0.8,0.8,2.294,435.951,16,5
2,2,15,3,1000000,60,499990,500010,244,2,6.605,109.623,13.085,6.603,0.002,151395.524,10,0.5,0.5,2.161,462.838,16,5
2,2,16,3,1000000,60,499990,500010,244,2,6.605,109.623,13.085,6.603,0.002,151395.524,10,0.9,0.9,2.203,453.849,16,5
2,2,17,3,1000000,60,499990,500010,244,2,6.605,109.623,13.085,6.603,0.002,151395.524,10,0.8,0.8,2.144,466.364,16,5
2,2,18,3,1000000,60,499990,500010,244,2,6.605,109.623,13.085,6.603,0.002,151395.524,10,0.6,0.6,2.471,404.763,16,5
2,2,19,3,1000000,60,499990,500010,244,2,6.605,109.623,13.085,6.603,0.002,151395.524,10,0.7,0.7,2.252,444.148,16,5
2,2,20,3,1000000,60,499990,500010,244,2,6.605,109.623,13.085,6.603,0.002,151395.524,10,0.7,0.7,2.189,456.882,16,5
2,2,21,3,1000000,60,499990,500010,244,2,6.605,109.623,13.085,6.603,0.002,151395.524,10,1.0,1.0,2.191,456.404,16,5
2,2,22,3,1000000,60,499990,500010,244,2,6.605,109.623,13.085,6.603,0.002,151395.524,10,0.8,0.8,2.16,462.963,16,5
2,2,23,3,1000000,60,499990,500010,244,2,6.605,109.623,13.085,6.603,0.002,151395.524,10,0.9,0.9,2.223,449.927,16,5
2,2,24,3,1000000,60,499990,500010,244,2,6.605,109.623,13.085,6.603,0.002,151395.524,10,1.0,1.0,2.203,453.901,16,5
2,2,25,3,1000000,60,499990,500010,244,2,6.605,109.623,13.085,6.603,0.002,151395.524,10,1.0,1.0,2.122,471.18,16,5
2,2,26,3,1000000,60,499990,500010,244,2,6.605,109.623,13.085,6.603,0.002,151395.524,10,0.9,0.9,2.015,496.175,16,5
2,2,27,3,1000000,60,499990,500010,244,2,6.605,109.623,13.085,6.603,0.002,151395.524,10,0.9,0.9,2.087,479.051,16,5
2,2,28,3,1000000,60,499990,500010,244,2,6.605,109.623,13.085,6.603,0.002,151395.524,10,0.8,0.8,2.107,474.561,16,5
2,2,29,3,1000000,60,499990,500010,244,2,6.605,109.623,13.085,6.603,0.002,151395.524,10,0.9,0.9,2.154,464.226,16,5
2,2,30,3,1000000,60,499990,500010,244,2,6.605,109.623,13.085,6.603,0.002,151395.524,10,0.9,0.9,2.032,492.015,16,5
2,2,31,3,1000000,60,499990,500010,244,2,6.605,109.623,13.085,6.603,0.002,151395.524,10,1.0,1.0,2.236,447.244,16,5
2,2,32,3,1000000,60,499990,500010,244,2,6.605,109.623,13.085,6.603,0.002,151395.524,10,0.9,0.9,2.01,497.399,16,5
2,2,33,3,1000000,60,499990,500010,244,2,6.605,109.623,13.085,6.603,0.002,151395.524,10,1.0,1.0,2.202,454.064,16,5
2,2,34,3,1000000,60,499990,500010,244,2,6.605,109.623,13.085,6.603,0.002,151395.524,10,1.0,1.0,2.16,463.052,16,5
2,2,35,3,1000000,60,499990,500010,244,2,6.605,109.623,13.085,6.603,0.002,151395.524,10,1.0,1.0,2.49,401.687,16,5
2,2,36,3,1000000,60,499990,500010,244,2,6.605,109.623,13.085,6.603,0.002,151395.524,10,1.0,1.0,2.305,433.785,16,5
2,2,37,3,1000000,60,499990,500010,244,2,6.605,109.623,13.085,6.603,0.002,151395.524,10,0.9,0.9,2.231,448.196,16,5
2,2,38,3,1000000,60,499990,500010,244,2,6.605,109.623,13.085,6.603,0.002,151395.524,10,1.0,1.0,2.3,434.869,16,5
2,2,39,3,1000000,60,499990,500010,244,2,6.605,109.623,13.085,6.603,0.002,151395.524,10,1.0,1.0,2.167,461.529,16,5
2,2,40,3,1000000,60,499990,500010,244,2,6.605,109.623,13.085,6.603,0.002,151395.524,10,0.8,0.8,2.344,426.583,16,5
2,2,41,3,1000000,60,499990,500010,244,2,6.605,109.623,13.085,6.603,0.002,151395.524,10,0.9,0.9,2.187,457.169,16,5
2,2,42,3,1000000,60,499990,500010,244,2,6.605,109.623,13.085,6.603,0.002,151395.524,10,1.0,1.0,2.235,447.385,16,5
2,2,43,3,1000000,60,499990,500010,244,2,6.605,109.623,13.085,6.603,0.002,151395.524,10,0.9,0.9,2.269,440.788,16,5
2,2,44,3,1000000,60,499990,500010,244,2,6.605,109.623,13.085,6.603,0.002,151395.524,10,0.9,0.9,2.089,478.66,16,5
2,2,45,3,1000000,60,499990,500010,244,2,6.605,109.623,13.085,6.603,0.002,151395.524,10,0.9,0.9,1.994,501.567,16,5
2,2,46,3,1000000,60,499990,500010,244,2,6.605,109.623,13.085,6.603,0.002,151395.524,10,1.0,1.0,2.044,489.247,16,5
2,2,47,3,1000000,60,499990,500010,244,2,6.605,109.623,13.085,6.603,0.002,151395.524,10,0.9,0.9,2.355,424.689,16,5
2,2,48,3,1000000,60,499990,500010,244,2,6.605,109.623,13.085,6.603,0.002,151395.524,10,0.5,0.5,2.342,427.008,16,5
2,2,49,3,1000000,60,499990,500010,244,2,6.605,109.623,13.085,6.603,0.002,151395.524,10,1.0,1.0,2.158,463.499,16,5
2,2,50,3,1000000,60,499990,500010,244,2,6.605,109.623,13.085,6.603,0.002,151395.524,10,1.0,1.0,2.179,458.988,16,5
2,2,51,3,1000000,60,499990,500010,244,2,6.605,109.623,13.085,6.603,0.002,151395.524,10,1.0,1.0,1.944,514.293,16,5
2,2,52,3,1000000,60,499990,500010,244,2,6.605,109.623,13.085,6.603,0.002,151395.524,10,0.9,0.9,2.17,460.883,16,5
2,2,53,3,1000000,60,499990,500010,244,2,6.605,109.623,13.085,6.603,0.002,151395.524,10,0.9,0.9,2.224,449.624,16,5
2,2,54,3,1000000,60,499990,500010,244,2,6.605,109.623,13.085,6.603,0.002,151395.524,10,0.7,0.7,2.078,481.338,16,5
2,2,55,3,1000000,60,499990,500010,244,2,6.605,109.623,13.085,6.603,0.002,151395.524,10,0.7,0.7,2.075,482.015,16,5
2,2,56,3,1000000,60,499990,500010,244,2,6.605,109.623,13.085,6.603,0.002,151395.524,10,1.0,1.0,2.029,492.752,16,5
2,2,57,3,1000000,60,499990,500010,244,2,6.605,109.623,13.085,6.603,0.002,151395.524,10,1.0,1.0,2.105,475.05,16,5
2,2,58,3,1000000,60,499990,500010,244,2,6.605,109.623,13.085,6.603,0.002,151395.524,10,1.0,1.0,2.13,469.493,16,5
2,2,59,3,1000000,60,499990,500010,244,2,6.605,109.623,13.085,6.603,0.002,151395.524,10,0.9,0.9,2.215,451.535,16,5
2,2,60,3,1000000,60,499990,500010,244,2,6.605,109.623,13.085,6.603,0.002,151395.524,10,1.0,1.0,2.11,473.971,16,5
2,2,61,3,1000000,60,499990,500010,244,2,6.605,109.623,13.085,6.603,0.002,151395.524,10,0.9,0.9,2.169,461.077,16,5
2,2,62,3,1000000,60,499990,500010,244,2,6.605,109.623,13.085,6.603,0.002,151395.524,10,1.0,1.0,2.017,495.858,16,5
2,2,63,3,1000000,60,499990,500010,244,2,6.605,109.623,13.085,6.603,0.002,151395.524,10,1.0,1.0,1.95,512.7,16,5
2,2,64,3,1000000,60,499990,500010,244,2,6.605,109.623,13.085,6.603,0.002,151395.524,10,0.9,0.9,2.145,466.137,16,5
2,2,65,3,1000000,60,499990,500010,244,2,6.605,109.623,13.085,6.603,0.002,151395.524,10,0.9,0.9,2.27,440.618,16,5
2,2,66,3,1000000,60,499990,500010,244,2,6.605,109.623,13.085,6.603,0.002,151395.524,10,0.9,0.9,2.176,459.462,16,5
2,2,67,3,1000000,60,499990,500010,244,2,6.605,109.623,13.085,6.603,0.002,151395.524,10,1.0,1.0,2.073,482.325,16,5
2,2,68,3,1000000,60,499990,500010,244,2,6.605,109.623,13.085,6.603,0.002,151395.524,10,1.0,1.0,2.062,484.956,16,5
2,2,69,3,1000000,60,499990,500010,244,2,6.605,109.623,13.085,6.603,0.002,151395.524,10,0.9,0.9,2.006,498.515,16,5
2,2,70,3,1000000,60,499990,500010,244,2,6.605,109.623,13.085,6.603,0.002,151395.524,10,0.9,0.9,2.211,452.335,16,5
2,2,71,3,1000000,60,499990,500010,244,2,6.605,109.623,13.085,6.603,0.002,151395.524,10,0.9,0.9,1.799,556.006,16,5
2,2,72,3,1000000,60,499990,500010,244,2,6.605,109.623,13.085,6.603,0.002,151395.524,10,0.8,0.8,2.024,494.091,16,5
2,2,73,3,1000000,60,499990,500010,244,2,6.605,109.623,13.085,6.603,0.002,151395.524,10,0.9,0.9,2.261,442.347,16,5
2,2,74,3,1000000,60,499990,500010,244,2,6.605,109.623,13.085,6.603,0.002,151395.524,10,0.9,0.9,2.237,446.986,16,5
2,2,75,3,1000000,60,499990,500010,244,2,6.605,109.623,13.085,6.603,0.002,151395.524,10,0.9,0.9,2.35,425.547,16,5
2,2,76,3,1000000,60,499990,500010,244,2,6.605,109.623,13.085,6.603,0.002,151395.524,10,0.9,0.9,2.329,429.338,16,5
2,2,77,3,1000000,60,499990,500010,244,2,6.605,109.623,13.085,6.603,0.002,151395.524,10,0.8,0.8,2.391,418.22,16,5
2,2,78,3,1000000,60,499990,500010,244,2,6.605,109.623,13.085,6.603,0.002,151395.524,10,0.9,0.9,2.117,472.404,16,5
2,2,79,3,1000000,60,499990,500010,244,2,6.605,109.623,13.085,6.603,0.002,151395.524,10,1.0,1.0,2.23,448.422,16,5
2,2,80,3,1000000,60,499990,500010,244,2,6.605,109.623,13.085,6.603,0.002,151395.524,10,1.0,1.0,2.235,447.452,16,5
2,2,81,3,1000000,60,499990,500010,244,2,6.605,109.623,13.085,6.603,0.002,151395.524,10,0.9,0.9,2.304,434.012,16,5
2,2,82,3,1000000,60,499990,500010,244,2,6.605,109.623,13.085,6.603,0.002,151395.524,10,0.9,0.9,2.161,462.793,16,5
2,2,83,3,1000000,60,499990,500010,244,2,6.605,109.623,13.085,6.603,0.002,151395.524,10,0.8,0.8,2.259,442.633,16,5
2,2,84,3,1000000,60,499990,500010,244,2,6.605,109.623,13.085,6.603,0.002,151395.524,10,0.9,0.9,2.324,430.223,16,5
2,2,85,3,1000000,60,499990,500010,244,2,6.605,109.623,13.085,6.603,0.002,151395.524,10,0.9,0.9,2.354,424.854,16,5
2,2,86,3,1000000,60,499990,500010,244,2,6.605,109.623,13.085,6.603,0.002,151395.524,10,1.0,1.0,2.07,483.024,16,5
2,2,87,3,1000000,60,499990,500010,244,2,6.605,109.623,13.085,6.603,0.002,151395.524,10,1.0,1.0,2.087,479.262,16,5
2,2,88,3,1000000,60,499990,500010,244,2,6.605,109.623,13.085,6.603,0.002,151395.524,10,0.9,0.9,2.3,434.72,16,5
2,2,89,3,1000000,60,499990,500010,244,2,6.605,109.623,13.085,6.603,0.002,151395.524,10,1.0,1.0,2.103,475.539,16,5
2,2,90,3,1000000,60,499990,500010,244,2,6.605,109.623,13.085,6.603,0.002,151395.524,10,1.0,1.0,2.077,481.377,16,5
2,2,91,3,1000000,60,499990,500010,244,2,6.605,109.623,13.085,6.603,0.002,151395.524,10,1.0,1.0,1.889,529.392,16,5
2,2,92,3,1000000,60,499990,500010,244,2,6.605,109.623,13.085,6.603,0.002,151395.524,10,1.0,1.0,2.26,442.429,16,5
2,2,93,3,1000000,60,499990,500010,244,2,6.605,109.623,13.085,6.603,0.002,151395.524,10,0.9,0.9,2.32,431.12,16,5
2,2,94,3,1000000,60,499990,500010,244,2,6.605,109.623,13.085,6.603,0.002,151395.524,10,0.8,0.8,2.181,458.444,16,5
2,2,95,3,1000000,60,499990,500010,244,2,6.605,109.623,13.085,6.603,0.002,151395.524,10,1.0,1.0,2.006,498.525,16,5
2,2,96,3,1000000,60,499990,500010,244,2,6.605,109.623,13.085,6.603,0.002,151395.524,10,1.0,1.0,2.374,421.245,16,5
2,2,97,3,1000000,60,499990,500010,244,2,6.605,109.623,13.085,6.603,0.002,151395.524,10,0.9,0.9,2.232,448.012,16,5
2,2,98,3,1000000,60,499990,500010,244,2,6.605,109.623,13.085,6.603,0.002,151395.524,10,0.9,0.9,2.125,470.653,16,5
2,2,98,4,1000000,60,499990,500010,244,2,6.605,109.623,13.085,6.603,0.002,151395.524,10,0.9,0.9,2.203,454.012,16,5
2,2,99,4,1000000,60,499990,500010,244,2,6.605,109.623,13.085,6.603,0.002,151395.524,10,0.9,0.9,2.027,493.36,16,5
2,2,100,4,1000000,60,499990,500010,244,2,6.605,109.623,13.085,6.603,0.002,151395.524,10,0.9,0.9,2.134,468.503,16,5
2,2,1,4,1000000,60,499990,500010,244,2,6.605,109.623,13.085,6.603,0.002,151395.524,10,1.0,1.0,2.257,443.05,16,5
2,2,2,4,1000000,60,499990,500010,244,2,6.605,109.623,13.085,6.603,0.002,151395.524,10,0.8,0.8,2.098,476.644,16,5
2,2,3,4,1000000,60,499990,500010,244,2,6.605,109.623,13.085,6.603,0.002,151395.524,10,0.9,0.9,2.213,451.96,16,5
2,2,4,4,1000000,60,499990,500010,244,2,6.605,109.623,13.085,6.603,0.002,151395.524,10,0.8,0.8,2.069,483.247,16,5
2,2,5,4,1000000,60,499990,500010,244,2,6.605,109.623,13.085,6.603,0.002,151395.524,10,0.8,0.8,2.134,468.64,16,5
2,2,6,4,1000000,60,499990,500010,244,2,6.605,109.623,13.085,6.603,0.002,151395.524,10,1.0,1.0,2.352,425.155,16,5
2,2,7,4,1000000,60,499990,500010,244,2,6.605,109.623,13.085,6.603,0.002,151395.524,10,0.5,0.5,2.408,415.304,16,5
2,2,8,4,1000000,60,499990,500010,244,2,6.605,109.623,13.085,6.603,0.002,151395.524,10,1.0,1.0,2.293,436.142,16,5
2,2,9,4,1000000,60,499990,500010,244,2,6.605,109.623,13.085,6.603,0.002,151395.524,10,0.9,0.9,2.217,451.085,16,5
2,2,10,4,1000000,60,499990,500010,244,2,6.605,109.623,13.085,6.603,0.002,151395.524,10,0.8,0.8,2.299,435.059,16,5
2,2,11,4,1000000,60,499990,500010,244,2,6.605,109.623,13.085,6.603,0.002,151395.524,10,0.9,0.9,2.083,480.067,16,5
2,2,12,4,1000000,60,499990,500010,244,2,6.605,109.623,13.085,6.603,0.002,151395.524,10,1.0,1.0,2.227,449.009,16,5
2,2,13,4,1000000,60,499990,500010,244,2,6.605,109.623,13.085,6.603,0.002,151395.524,10,0.9,0.9,2.17,460.936,16,5
2,2,14,4,1000000,60,499990,500010,244,2,6.605,109.623,13.085,6.603,0.002,151395.524,10,0.8,0.8,2.274,439.689,16,5
2,2,15,4,1000000,60,499990,500010,244,2,6.605,109.623,13.085,6.603,0.002,151395.524,10,0.5,0.5,2.235,447.461,16,5
2,2,16,4,1000000,60,499990,500010,244,2,6.605,109.623,13.085,6.603,0.002,151395.524,10,0.9,0.9,2.103,475.605,16,5
2,2,17,4,1000000,60,499990,500010,244,2,6.605,109.623,13.085,6.603,0.002,151395.524,10,0.8,0.8,2.21,452.565,16,5
2,2,18,4,1000000,60,499990,500010,244,2,6.605,109.623,13.085,6.603,0.002,151395.524,10,0.6,0.6,2.179,459.014,16,5
2,2,19,4,1000000,60,499990,500010,244,2,6.605,109.623,13.085,6.603,0.002,151395.524,10,0.7,0.7,2.41,414.981,16,5
2,2,20,4,1000000,60,499990,500010,244,2,6.605,109.623,13.085,6.603,0.002,151395.524,10,0.7,0.7,2.074,482.063,16,5
2,2,21,4,1000000,60,499990,500010,244,2,6.605,109.623,13.085,6.603,0.002,151395.524,10,1.0,1.0,2.108,474.308,16,5
2,2,22,4,1000000,60,499990,500010,244,2,6.605,109.623,13.085,6.603,0.002,151395.524,10,0.8,0.8,2.253,443.853,16,5
2,2,23,4,1000000,60,499990,500010,244,2,6.605,109.623,13.085,6.603,0.002,151395.524,10,0.9,0.9,2.34,427.381,16,5
2,2,24,4,1000000,60,499990,500010,244,2,6.605,109.623,13.085,6.603,0.002,151395.524,10,1.0,1.0,1.993,501.872,16,5
2,2,25,4,1000000,60,499990,500010,244,2,6.605,109.623,13.085,6.603,0.002,151395.524,10,1.0,1.0,2.052,487.369,16,5
2,2,26,4,1000000,60,499990,500010,244,2,6.605,109.623,13.085,6.603,0.002,151395.524,10,0.9,0.9,2.177,459.409,16,5
2,2,27,4,1000000,60,499990,500010,244,2,6.605,109.623,13.085,6.603,0.002,151395.524,10,0.9,0.9,2.124,470.801,16,5
2,2,28,4,1000000,60,499990,500010,244,2,6.605,109.623,13.085,6.603,0.002,151395.524,10,0.8,0.8,2.117,472.413,16,5
2,2,29,4,1000000,60,499990,500010,244,2,6.605,109.623,13.085,6.603,0.002,151395.524,10,0.9,0.9,2.081,480.644,16,5
2,2,30,4,1000000,60,499990,500010,244,2,6.605,109.623,13.085,6.603,0.002,151395.524,10,0.9,0.9,1.95,512.864,16,5
2,2,31,4,1000000,60,499990,500010,244,2,6.605,109.623,13.085,6.603,0.002,151395.524,10,1.0,1.0,2.203,454.021,16,5
2,2,32,4,1000000,60,499990,500010,244,2,6.605,109.623,13.085,6.603,0.002,151395.524,10,0.9,0.9,1.976,506.19,16,5
2,2,33,4,1000000,60,499990,500010,244,2,6.605,109.623,13.085,6.603,0.002,151395.524,10,1.0,1.0,2.222,449.952,16,5
2,2,34,4,1000000,60,499990,500010,244,2,6.605,109.623,13.085,6.603,0.002,151395.524,10,1.0,1.0,1.978,505.518,16,5
2,2,35,4,1000000,60,499990,500010,244,2,6.605,109.623,13.085,6.603,0.002,151395.524,10,1.0,1.0,2.148,465.612,16,5
2,2,36,4,1000000,60,499990,500010,244,2,6.605,109.623,13.085,6.603,0.002,151395.524,10,1.0,1.0,2.178,459.19,16,5
2,2,37,4,1000000,60,499990,500010,244,2,6.605,109.623,13.085,6.603,0.002,151395.524,10,0.9,0.9,2.213,451.858,16,5
2,2,38,4,1000000,60,499990,500010,244,2,6.605,109.623,13.085,6.603,0.002,151395.524,10,1.0,1.0,2.336,428.029,16,5
2,2,39,4,1000000,60,499990,500010,244,2,6.605,109.623,13.085,6.603,0.002,151395.524,10,1.0,1.0,1.981,504.753,16,5
2,2,40,4,1000000,60,499990,500010,244,2,6.605,109.623,13.085,6.603,0.002,151395.524,10,0.8,0.8,2.213,451.858,16,5
2,2,41,4,1000000,60,499990,500010,244,2,6.605,109.623,13.085,6.603,0.002,151395.524,10,0.9,0.9,2.233,447.778,16,5
2,2,42,4,1000000,60,499990,500010,244,2,6.605,109.623,13.085,6.603,0.002,151395.524,10,1.0,1.0,2.202,454.064,16,5
2,2,43,4,1000000,60,499990,500010,244,2,6.605,109.623,13.085,6.603,0.002,151395.524,10,0.9,0.9,2.103,475.549,16,5
2,2,44,4,1000000,60,499990,500010,244,2,6.605,109.623,13.085,6.603,0.002,151395.524,10,0.9,0.9,2.053,487.181,16,5
2,2,45,4,1000000,60,499990,500010,244,2,6.605,109.623,13.085,6.603,0.002,151395.524,10,0.9,0.9,2.085,479.626,16,5
2,2,46,4,1000000,60,499990,500010,244,2,6.605,109.623,13.085,6.603,0.002,151395.524,10,1.0,1.0,2.085,479.521,16,5
2,2,47,4,1000000,60,499990,500010,244,2,6.605,109.623,13.085,6.603,0.002,151395.524,10,0.9,0.9,2.279,438.781,16,5
2,2,48,4,1000000,60,499990,500010,244,2,6.605,109.623,13.085,6.603,0.002,151395.524,10,0.5,0.5,2.216,451.289,16,5
2,2,49,4,1000000,60,499990,500010,244,2,6.605,109.623,13.085,6.603,0.002,151395.524,10,1.0,1.0,2.143,466.545,16,5
2,2,50,4,1000000,60,499990,500010,244,2,6.605,109.623,13.085,6.603,0.002,151395.524,10,1.0,1.0,2.048,488.232,16,5
2,2,51,4,1000000,60,499990,500010,244,2,6.605,109.623,13.085,6.603,0.002,151395.524,10,1.0,1.0,2.001,499.781,16,5
2,2,52,4,1000000,60,499990,500010,244,2,6.605,109.623,13.085,6.603,0.002,151395.524,10,0.9,0.9,2.154,464.279,16,5
2,2,53,4,1000000,60,499990,500010,244,2,6.605,109.623,13.085,6.603,0.002,151395.524,10,0.9,0.9,2.078,481.309,16,5
2,2,54,4,1000000,60,499990,500010,244,2,6.605,109.623,13.085,6.603,0.002,151395.524,10,0.7,0.7,2.14,467.281,16,5
2,2,55,4,1000000,60,499990,500010,244,2,6.605,109.623,13.085,6.603,0.002,151395.524,10,0.7,0.7,2.191,456.491,16,5
2,2,56,4,1000000,60,499990,500010,244,2,6.605,109.623,13.085,6.603,0.002,151395.524,10,1.0,1.0,2.2,454.554,16,5
2,2,57,4,1000000,60,499990,500010,244,2,6.605,109.623,13.085,6.603,0.002,151395.524,10,1.0,1.0,2.213,451.96,16,5
2,2,58,4,1000000,60,499990,500010,244,2,6.605,109.623,13.085,6.603,0.002,151395.524,10,1.0,1.0,2.174,460.087,16,5
2,2,59,4,1000000,60,499990,500010,244,2,6.605,109.623,13.085,6.603,0.002,151395.524,10,0.9,0.9,2.114,473.074,16,5
2,2,60,4,1000000,60,499990,500010,244,2,6.605,109.623,13.085,6.603,0.002,151395.524,10,1.0,1.0,2.034,491.551,16,5
2,2,61,4,1000000,60,499990,500010,244,2,6.605,109.623,13.085,6.603,0.002,151395.524,10,0.9,0.9,2.215,451.425,16,5
2,2,62,4,1000000,60,499990,500010,244,2,6.605,109.623,13.085,6.603,0.002,151395.524,10,1.0,1.0,2.028,493.036,16,5
2,2,63,4,1000000,60,499990,500010,244,2,6.605,109.623,13.085,6.603,0.002,151395.524,10,1.0,1.0,1.986,503.482,16,5
2,2,64,4,1000000,60,499990,500010,244,2,6.605,109.623,13.085,6.603,0.002,151395.524,10,0.9,0.9,2.073,482.383,16,5
2,2,65,4,1000000,60,499990,500010,244,2,6.605,109.623,13.085,6.603,0.002,151395.524,10,0.9,0.9,2.204,453.618,16,5
2,2,66,4,1000000,60,499990,500010,244,2,6.605,109.623,13.085,6.603,0.002,151395.524,10,0.9,0.9,2.249,444.642,16,5
2,2,67,4,1000000,60,499990,500010,244,2,6.605,109.623,13.085,6.603,0.002,151395.524,10,1.0,1.0,1.987,503.187,16,5
2,2,68,4,1000000,60,499990,500010,244,2,6.605,109.623,13.085,6.603,0.002,151395.524,10,1.0,1.0,2.091,478.288,16,5
2,2,69,4,1000000,60,499990,500010,244,2,6.605,109.623,13.085,6.603,0.002,151395.524,10,0.9,0.9,2.057,486.155,16,5
2,2,70,4,1000000,60,499990,500010,244,2,6.605,109.623,13.085,6.603,0.002,151395.524,10,0.9,0.9,2.302,434.366,16,5
2,2,71,4,1000000,60,499990,500010,244,2,6.605,109.623,13.085,6.603,0.002,151395.524,10,0.9,0.9,1.825,547.995,16,5
2,2,72,4,1000000,60,499990,500010,244,2,6.605,109.623,13.085,6.603,0.002,151395.524,10,0.8,0.8,2.06,485.349,16,5
2,2,73,4,1000000,60,499990,500010,244,2,6.605,109.623,13.085,6.603,0.002,151395.524,10,0.9,0.9,2.063,484.721,16,5
2,2,74,4,1000000,60,499990,500010,244,2,6.605,109.623,13.085,6.603,0.002,151395.524,10,0.9,0.9,2.186,457.395,16,5
2,2,75,4,1000000,60,499990,500010,244,2,6.605,109.623,13.085,6.603,0.002,151395.524,10,0.9,0.9,2.335,428.35,16,5
2,2,76,4,1000000,60,499990,500010,244,2,6.605,109.623,13.085,6.603,0.002,151395.524,10,0.9,0.9,2.139,467.599,16,5
2,2,77,4,1000000,60,499990,500010,244,2,6.605,109.623,13.085,6.603,0.002,151395.524,10,0.8,0.8,2.223,449.902,16,5
2,2,78,4,1000000,60,499990,500010,244,2,6.605,109.623,13.085,6.603,0.002,151395.524,10,0.9,0.9,2.097,476.919,16,5
2,2,79,4,1000000,60,499990,500010,244,2,6.605,109.623,13.085,6.603,0.002,151395.524,10,1.0,1.0,2.181,458.444,16,5
2,2,80,4,1000000,60,499990,500010,244,2,6.605,109.623,13.085,6.603,0.002,151395.524,10,1.0,1.0,2.16,463.035,16,5
2,2,81,4,1000000,60,499990,500010,244,2,6.605,109.623,13.085,6.603,0.002,151395.524,10,0.9,0.9,2.229,448.59,16,5
2,2,82,4,1000000,60,499990,500010,244,2,6.605,109.623,13.085,6.603,0.002,151395.524,10,0.9,0.9,2.12,471.698,16,5
2,2,83,4,1000000,60,499990,500010,244,2,6.605,109.623,13.085,6.603,0.002,151395.524,10,0.8,0.8,2.194,455.866,16,5
2,2,84,4,1000000,60,499990,500010,244,2,6.605,109.623,13.085,6.603,0.002,151395.524,10,0.9,0.9,2.228,448.766,16,5
2,2,85,4,1000000,60,499990,500010,244,2,6.605,109.623,13.085,6.603,0.002,151395.524,10,0.9,0.9,2.316,431.826,16,5
2,2,86,4,1000000,60,499990,500010,244,2,6.605,109.623,13.085,6.603,0.002,151395.524,10,1.0,1.0,2.033,491.944,16,5
2,2,87,4,1000000,60,499990,500010,244,2,6.605,109.623,13.085,6.603,0.002,151395.524,10,1.0,1.0,2.14,467.235,16,5
2,2,88,4,1000000,60,499990,500010,244,2,6.605,109.623,13.085,6.603,0.002,151395.524,10,0.9,0.9,2.182,458.278,16,5
2,2,89,4,1000000,60,499990,500010,244,2,6.605,109.623,13.085,6.603,0.002,151395.524,10,1.0,1.0,1.986,503.419,16,5
2,2,90,4,1000000,60,499990,500010,244,2,6.605,109.623,13.085,6.603,0.002,151395.524,10,1.0,1.0,2.144,466.382,16,5
2,2,91,4,1000000,60,499990,500010,244,2,6.605,109.623,13.085,6.603,0.002,151395.524,10,1.0,1.0,1.833,545.616,16,5
2,2,92,4,1000000,60,499990,500010,244,2,6.605,109.623,13.085,6.603,0.002,151395.524,10,1.0,1.0,2.104,475.172,16,5
2,2,93,4,1000000,60,499990,500010,244,2,6.605,109.623,13.085,6.603,0.002,151395.524,10,0.9,0.9,2.268,441.006,16,5
2,2,94,4,1000000,60,499990,500010,244,2,6.605,109.623,13.085,6.603,0.002,151395.524,10,0.8,0.8,2.124,470.791,16,5
2,2,95,4,1000000,60,499990,500010,244,2,6.605,109.623,13.085,6.603,0.002,151395.524,10,1.0,1.0,1.991,502.281,16,5
2,2,96,4,1000000,60,499990,500010,244,2,6.605,109.623,13.085,6.603,0.002,151395.524,10,1.0,1.0,2.24,446.47,16,5
2,2,97,4,1000000,60,499990,500010,244,2,6.605,109.623,13.085,6.603,0.002,151395.524,10,0.9,0.9,2.078,481.184,16,5
2,2,97,5,1000000,60,499990,500010,244,2,6.605,109.623,13.085,6.603,0.002,151395.524,10,0.9,0.9,2.056,486.371,16,5
2,2,98,5,1000000,60,499990,500010,244,2,6.605,109.623,13.085,6.603,0.002,151395.524,10,0.9,0.9,2.017,495.858,16,5
2,2,99,5,1000000,60,499990,500010,244,2,6.605,109.623,13.085,6.603,0.002,151395.524,10,0.9,0.9,1.954,511.651,16,5
2,2,100,5,1000000,60,499990,500010,244,2,6.605,109.623,13.085,6.603,0.002,151395.524,10,0.9,0.9,2.193,456.066,16,5
2,2,1,5,1000000,60,499990,500010,244,2,6.605,109.623,13.085,6.603,0.002,151395.524,10,1.0,1.0,2.236,447.244,16,5
2,2,2,5,1000000,60,499990,500010,244,2,6.605,109.623,13.085,6.603,0.002,151395.524,10,0.8,0.8,2.272,440.084,16,5
2,2,3,5,1000000,60,499990,500010,244,2,6.605,109.623,13.085,6.603,0.002,151395.524,10,0.9,0.9,2.11,473.84,16,5
2,2,4,5,1000000,60,499990,500010,244,2,6.605,109.623,13.085,6.603,0.002,151395.524,10,0.8,0.8,1.994,501.525,16,5
2,2,5,5,1000000,60,499990,500010,244,2,6.605,109.623,13.085,6.603,0.002,151395.524,10,0.8,0.8,2.204,453.798,16,5
2,2,6,5,1000000,60,499990,500010,244,2,6.605,109.623,13.085,6.603,0.002,151395.524,10,1.0,1.0,2.174,459.99,16,5
2,2,7,5,1000000,60,499990,500010,244,2,6.605,109.623,13.085,6.603,0.002,151395.524,10,0.5,0.5,2.364,422.989,16,5
2,2,8,5,1000000,60,499990,500010,244,2,6.605,109.623,13.085,6.603,0.002,151395.524,10,1.0,1.0,2.357,424.186,16,5
2,2,9,5,1000000,60,499990,500010,244,2,6.605,109.623,13.085,6.603,0.002,151395.524,10,0.9,0.9,2.144,466.355,16,5
2,2,10,5,1000000,60,499990,500010,244,2,6.605,109.623,13.085,6.603,0.002,151395.524,10,0.8,0.8,2.156,463.804,16,5
2,2,11,5,1000000,60,499990,500010,244,2,6.605,109.623,13.085,6.603,0.002,151395.524,10,0.9,0.9,2.164,462.018,16,5
2,2,12,5,1000000,60,499990,500010,244,2,6.605,109.623,13.085,6.603,0.002,151395.524,10,1.0,1.0,2.238,446.844,16,5
2,2,13,5,1000000,60,499990,500010,244,2,6.605,109.623,13.085,6.603,0.002,151395.524,10,0.9,0.9,2.143,466.644,16,5
2,2,14,5,1000000,60,499990,500010,244,2,6.605,109.623,13.085,6.603,0.002,151395.524,10,0.8,0.8,2.438,410.165,16,5
2,2,15,5,1000000,60,499990,500010,244,2,6.605,109.623,13.085,6.603,0.002,151395.524,10,0.5,0.5,2.089,478.612,16,5
2,2,16,5,1000000,60,499990,500010,244,2,6.605,109.623,13.085,6.603,0.002,151395.524,10,0.9,0.9,2.087,479.224,16,5
2,2,17,5,1000000,60,499990,500010,244,2,6.605,109.623,13.085,6.603,0.002,151395.524,10,0.8,0.8,2.246,445.319,16,5
2,2,18,5,1000000,60,499990,500010,244,2,6.605,109.623,13.085,6.603,0.002,151395.524,10,0.6,0.6,2.338,427.723,16,5
2,2,19,5,1000000,60,499990,500010,244,2,6.605,109.623,13.085,6.603,0.002,151395.524,10,0.7,0.7,2.289,436.928,16,5
2,2,20,5,1000000,60,499990,500010,244,2,6.605,109.623,13.085,6.603,0.002,151395.524,10,0.7,0.7,2.235,447.452,16,5
2,2,21,5,1000000,60,499990,500010,244,2,6.605,109.623,13.085,6.603,0.002,151395.524,10,1.0,1.0,2.099,476.502,16,5
2,2,22,5,1000000,60,499990,500010,244,2,6.605,109.623,13.085,6.603,0.002,151395.524,10,0.8,0.8,2.225,449.396,16,5
2,2,23,5,1000000,60,499990,500010,244,2,6.605,109.623,13.085,6.603,0.002,151395.524,10,0.9,0.9,2.368,422.357,16,5
2,2,24,5,1000000,60,499990,500010,244,2,6.605,109.623,13.085,6.603,0.002,151395.524,10,1.0,1.0,2.155,464.145,16,5
2,2,25,5,1000000,60,499990,500010,244,2,6.605,109.623,13.085,6.603,0.002,151395.524,10,1.0,1.0,2.062,485.044,16,5
2,2,26,5,1000000,60,499990,500010,244,2,6.605,109.623,13.085,6.603,0.002,151395.524,10,0.9,0.9,2.1,476.228,16,5
2,2,27,5,1000000,60,499990,500010,244,2,6.605,109.623,13.085,6.603,0.002,151395.524,10,0.9,0.9,2.241,446.188,16,5
2,2,28,5,1000000,60,499990,500010,244,2,6.605,109.623,13.085,6.603,0.002,151395.524,10,0.8,0.8,2.133,468.732,16,5
2,2,29,5,1000000,60,499990,500010,244,2,6.605,109.623,13.085,6.603,0.002,151395.524,10,0.9,0.9,2.152,464.756,16,5
2,2,30,5,1000000,60,499990,500010,244,2,6.605,109.623,13.085,6.603,0.002,151395.524,10,0.9,0.9,2.022,494.489,16,5
2,2,31,5,1000000,60,499990,500010,244,2,6.605,109.623,13.085,6.603,0.002,151395.524,10,1.0,1.0,2.219,450.67,16,5
2,2,32,5,1000000,60,499990,500010,244,2,6.605,109.623,13.085,6.603,0.002,151395.524,10,0.9,0.9,2.032,492.156,16,5
2,2,33,5,1000000,60,499990,500010,244,2,6.605,109.623,13.085,6.603,0.002,151395.524,10,1.0,1.0,2.184,457.884,16,5
2,2,34,5,1000000,60,499990,500010,244,2,6.605,109.623,13.085,6.603,0.002,151395.524,10,1.0,1.0,2.025,493.919,16,5
2,2,35,5,1000000,60,499990,500010,244,2,6.605,109.623,13.085,6.603,0.002,151395.524,10,1.0,1.0,2.165,461.983,16,5
2,2,36,5,1000000,60,499990,500010,244,2,6.605,109.623,13.085,6.603,0.002,151395.524,10,1.0,1.0,2.147,465.875,16,5
2,2,37,5,1000000,60,499990,500010,244,2,6.605,109.623,13.085,6.603,0.002,151395.524,10,0.9,0.9,2.284,437.733,16,5
2,2,38,5,1000000,60,499990,500010,244,2,6.605,109.623,13.085,6.603,0.002,151395.524,10,1.0,1.0,2.294,435.983,16,5
2,2,39,5,1000000,60,499990,500010,244,2,6.605,109.623,13.085,6.603,0.002,151395.524,10,1.0,1.0,2.167,461.388,16,5
2,2,40,5,1000000,60,499990,500010,244,2,6.605,109.623,13.085,6.603,0.002,151395.524,10,0.8,0.8,2.181,458.47,16,5
2,2,41,5,1000000,60,499990,500010,244,2,6.605,109.623,13.085,6.603,0.002,151395.524,10,0.9,0.9,2.124,470.884,16,5
2,2,42,5,1000000,60,499990,500010,244,2,6.605,109.623,13.085,6.603,0.002,151395.524,10,1.0,1.0,2.138,467.681,16,5
2,2,43,5,1000000,60,499990,500010,244,2,6.605,109.623,13.085,6.603,0.002,151395.524,10,0.9,0.9,2.041,489.856,16,5
2,2,44,5,1000000,60,499990,500010,244,2,6.605,109.623,13.085,6.603,0.002,151395.524,10,0.9,0.9,2.243,445.798,16,5
2,2,45,5,1000000,60,499990,500010,244,2,6.605,109.623,13.085,6.603,0.002,151395.524,10,0.9,0.9,2.168,461.343,16,5
2,2,46,5,1000000,60,499990,500010,244,2,6.605,109.623,13.085,6.603,0.002,151395.524,10,1.0,1.0,2.044,489.157,16,5
2,2,47,5,1000000,60,499990,500010,244,2,6.605,109.623,13.085,6.603,0.002,151395.524,10,0.9,0.9,2.201,454.279,16,5
2,2,48,5,1000000,60,499990,500010,244,2,6.605,109.623,13.085,6.603,0.002,151395.524,10,0.5,0.5,2.301,434.57,16,5
2,2,49,5,1000000,60,499990,500010,244,2,6.605,109.623,13.085,6.603,0.002,151395.524,10,1.0,1.0,2.027,493.299,16,5
2,2,50,5,1000000,60,499990,500010,244,2,6.605,109.623,13.085,6.603,0.002,151395.524,10,1.0,1.0,2.124,470.81,16,5
2,2,51,5,1000000,60,499990,500010,244,2,6.605,109.623,13.085,6.603,0.002,151395.524,10,1.0,1.0,2.098,476.54,16,5
2,2,52,5,1000000,60,499990,500010,244,2,6.605,109.623,13.085,6.603,0.002,151395.524,10,0.9,0.9,2.122,471.337,16,5
2,2,53,5,1000000,60,499990,500010,244,2,6.605,109.623,13.085,6.603,0.002,151395.524,10,0.9,0.9,2.195,455.641,16,5
2,2,54,5,1000000,60,499990,500010,244,2,6.605,109.623,13.085,6.603,0.002,151395.524,10,0.7,0.7,2.177,459.286,16,5
2,2,55,5,1000000,60,499990,500010,244,2,6.605,109.623,13.085,6.603,0.002,151395.524,10,0.7,0.7,2.226,449.304,16,5
2,2,56,5,1000000,60,499990,500010,244,2,6.605,109.623,13.085,6.603,0.002,151395.524,10,1.0,1.0,2.071,482.868,16,5
2,2,57,5,1000000,60,499990,500010,244,2,6.605,109.623,13.085,6.603,0.002,151395.524,10,1.0,1.0,2.077,481.444,16,5
2,2,58,5,1000000,60,499990,500010,244,2,6.605,109.623,13.085,6.603,0.002,151395.524,10,1.0,1.0,2.243,445.881,16,5
2,2,59,5,1000000,60,499990,500010,244,2,6.605,109.623,13.085,6.603,0.002,151395.524,10,0.9,0.9,2.154,464.199,16,5
2,2,60,5,1000000,60,499990,500010,244,2,6.605,109.623,13.085,6.603,0.002,151395.524,10,1.0,1.0,2.174,459.938,16,5
2,2,61,5,1000000,60,499990,500010,244,2,6.605,109.623,13.085,6.603,0.002,151395.524,10,0.9,0.9,2.268,440.869,16,5
2,2,62,5,1000000,60,499990,500010,244,2,6.605,109.623,13.085,6.603,0.002,151395.524,10,1.0,1.0,2.019,495.203,16,5
2,2,63,5,1000000,60,499990,500010,244,2,6.605,109.623,13.085,6.603,0.002,151395.524,10,1.0,1.0,2.038,490.777,16,5
2,2,64,5,1000000,60,499990,500010,244,2,6.605,109.623,13.085,6.603,0.002,151395.524,10,0.9,0.9,2.077,481.473,16,5
2,2,65,5,1000000,60,499990,500010,244,2,6.605,109.623,13.085,6.603,0.002,151395.524,10,0.9,0.9,2.052,487.409,16,5
2,2,66,5,1000000,60,499990,500010,244,2,6.605,109.623,13.085,6.603,0.002,151395.524,10,0.9,0.9,2.188,456.978,16,5
2,2,67,5,1000000,60,499990,500010,244,2,6.605,109.623,13.085,6.603,0.002,151395.524,10,1.0,1.0,2.04,490.166,16,5
2,2,68,5,1000000,60,499990,500010,244,2,6.605,109.623,13.085,6.603,0.002,151395.524,10,1.0,1.0,2.288,437.111,16,5
2,2,69,5,1000000,60,499990,500010,244,2,6.605,109.623,13.085,6.603,0.002,151395.524,10,0.9,0.9,2.135,468.274,16,5
2,2,70,5,1000000,60,499990,500010,244,2,6.605,109.623,13.085,6.603,0.002,151395.524,10,0.9,0.9,2.468,405.125,16,5
2,2,71,5,1000000,60,499990,500010,244,2,6.605,109.623,13.085,6.603,0.002,151395.524,10,0.9,0.9,1.973,506.896,16,5
2,2,72,5,1000000,60,499990,500010,244,2,6.605,109.623,13.085,6.603,0.002,151395.524,10,0.8,0.8,2.195,455.572,16,5
2,2,73,5,1000000,60,499990,500010,244,2,6.605,109.623,13.085,6.603,0.002,151395.524,10,0.9,0.9,2.336,428.029,16,5
2,2,74,5,1000000,60,499990,500010,244,2,6.605,109.623,13.085,6.603,0.002,151395.524,10,0.9,0.9,2.458,406.869,16,5
2,2,75,5,1000000,60,499990,500010,244,2,6.605,109.623,13.085,6.603,0.002,151395.524,10,0.9,0.9,2.437,410.27,16,5
2,2,76,5,1000000,60,499990,500010,244,2,6.605,109.623,13.085,6.603,0.002,151395.524,10,0.9,0.9,2.455,407.346,16,5
2,2,77,5,1000000,60,499990,500010,244,2,6.605,109.623,13.085,6.603,0.002,151395.524,10,0.8,0.8,2.864,349.218,16,5
2,2,78,5,1000000,60,499990,500010,244,2,6.605,109.623,13.085,6.603,0.002,151395.524,10,0.9,0.9,2.455,407.401,16,5
2,2,79,5,1000000,60,499990,500010,244,2,6.605,109.623,13.085,6.603,0.002,151395.524,10,1.0,1.0,2.347,426.03,16,5
2,2,80,5,1000000,60,499990,500010,244,2,6.605,109.623,13.085,6.603,0.002,151395.524,10,1.0,1.0,2.467,405.385,16,5
2,2,81,5,1000000,60,499990,500010,244,2,6.605,109.623,13.085,6.603,0.002,151395.524,10,0.9,0.9,2.903,344.432,16,5
2,2,82,5,1000000,60,499990,500010,244,2,6.605,109.623,13.085,6.603,0.002,151395.524,10,0.9,0.9,2.385,419.331,16,5
2,2,83,5,1000000,60,499990,500010,244,2,6.605,109.623,13.085,6.603,0.002,151395.524,10,0.8,0.8,2.5,400.007,16,5
2,2,84,5,1000000,60,499990,500010,244,2,6.605,109.623,13.085,6.603,0.002,151395.524,10,0.9,0.9,2.344,426.568,16,5
2,2,85,5,1000000,60,499990,500010,244,2,6.605,109.623,13.085,6.603,0.002,151395.524,10,0.9,0.9,2.539,393.849,16,5
2,2,86,5,1000000,60,499990,500010,244,2,6.605,109.623,13.085,6.603,0.002,151395.524,10,1.0,1.0,2.161,462.749,16,5
2,2,87,5,1000000,60,499990,500010,244,2,6.605,109.623,13.085,6.603,0.002,151395.524,10,1.0,1.0,2.288,437.047,16,5
2,2,88,5,1000000,60,499990,500010,244,2,6.605,109.623,13.085,6.603,0.002,151395.524,10,0.9,0.9,2.232,448.07,16,5
2,2,89,5,1000000,60,499990,500010,244,2,6.605,109.623,13.085,6.603,0.002,151395.524,10,1.0,1.0,1.947,513.578,16,5
2,2,90,5,1000000,60,499990,500010,244,2,6.605,109.623,13.085,6.603,0.002,151395.524,10,1.0,1.0,2.376,420.802,16,5
2,2,91,5,1000000,60,499990,500010,244,2,6.605,109.623,13.085,6.603,0.002,151395.524,10,1.0,1.0,1.871,534.605,16,5
2,2,92,5,1000000,60,499990,500010,244,2,6.605,109.623,13.085,6.603,0.002,151395.524,10,1.0,1.0,2.176,459.515,16,5
2,2,93,5,1000000,60,499990,500010,244,2,6.605,109.623,13.085,6.603,0.002,151395.524,10,0.9,0.9,2.278,439.03,16,5
2,2,94,5,1000000,60,499990,500010,244,2,6.605,109.623,13.085,6.603,0.002,151395.524,10,0.8,0.8,2.397,417.145,16,5
2,2,95,5,1000000,60,499990,500010,244,2,6.605,109.623,13.085,6.603,0.002,151395.524,10,1.0,1.0,2.116,472.655,16,5
2,2,96,5,1000000,60,499990,500010,244,2,6.605,109.623,13.085,6.603,0.002,151395.524,10,1.0,1.0,2.254,443.705,16,5
3,3,1,1,1000000,60,333320,333340,243,3,8.666,149.96,25.762,8.663,0.002,115392.492,10,1.0,1.0,2.333,428.702,16,5
3,3,2,1,1000000,60,333320,333340,243,3,8.666,149.96,25.762,8.663,0.002,115392.492,10,0.9,0.9,2.378,420.595,16,5
3,3,3,1,1000000,60,333320,333340,243,3,8.666,149.96,25.762,8.663,0.002,115392.492,10,0.8,0.8,2.347,426.159,16,5
3,3,4,1,1000000,60,333320,333340,243,3,8.666,149.96,25.762,8.663,0.002,115392.492,10,0.9,0.9,2.264,441.729,16,5
3,3,5,1,1000000,60,333320,333340,243,3,8.666,149.96,25.762,8.663,0.002,115392.492,10,0.9,0.9,2.315,432.012,16,5
3,3,6,1,1000000,60,333320,333340,243,3,8.666,149.96,25.762,8.663,0.002,115392.492,10,1.0,1.0,2.313,432.277,16,5
3,3,7,1,1000000,60,333320,333340,243,3,8.666,149.96,25.762,8.663,0.002,115392.492,10,0.8,0.8,2.421,412.974,16,5
3,3,8,1,1000000,60,333320,333340,243,3,8.666,149.96,25.762,8.663,0.002,115392.492,10,1.0,1.0,2.551,391.952,16,5
3,3,9,1,1000000,60,333320,333340,243,3,8.666,149.96,25.762,8.663,0.002,115392.492,10,0.9,0.9,2.582,387.309,16,5
3,3,10,1,1000000,60,333320,333340,243,3,8.666,149.96,25.762,8.663,0.002,115392.492,10,1.0,1.0,2.467,405.296,16,5
3,3,11,1,1000000,60,333320,333340,243,3,8.666,149.96,25.762,8.663,0.002,115392.492,10,0.9,0.9,2.541,393.507,16,5
3,3,12,1,1000000,60,333320,333340,243,3,8.666,149.96,25.762,8.663,0.002,115392.492,10,0.9,0.9,2.695,371.029,16,5
3,3,13,1,1000000,60,333320,333340,243,3,8.666,149.96,25.762,8.663,0.002,115392.492,10,0.7,0.7,2.331,429.054,16,5
3,3,14,1,1000000,60,333320,333340,243,3,8.666,149.96,25.762,8.663,0.002,115392.492,10,0.9,0.9,2.585,386.866,16,5
3,3,15,1,1000000,60,333320,333340,243,3,8.666,149.96,25.762,8.663,0.002,115392.492,10,0.8,0.8,2.972,336.516,16,5
3,3,16,1,1000000,60,333320,333340,243,3,8.666,149.96,25.762,8.663,0.002,115392.492,10,0.8,0.8,2.583,387.091,16,5
3,3,17,1,1000000,60,333320,333340,243,3,8.666,149.96,25.762,8.663,0.002,115392.492,10,0.8,0.8,2.464,405.865,16,5
3,3,18,1,1000000,60,333320,333340,243,3,8.666,149.96,25.762,8.663,0.002,115392.492,10,0.9,0.9,2.525,395.974,16,5
3,3,19,1,1000000,60,333320,333340,243,3,8.666,149.96,25.762,8.663,0.002,115392.492,10,0.7,0.7,2.618,381.983,16,5
3,3,20,1,1000000,60,333320,333340,243,3,8.666,149.96,25.762,8.663,0.002,115392.492,10,0.6,0.6,2.336,428.136,16,5
3,3,21,1,1000000,60,333320,333340,243,3,8.666,149.96,25.762,8.663,0.002,115392.492,10,1.0,1.0,2.363,423.221,16,5
3,3,22,1,1000000,60,333320,333340,243,3,8.666,149.96,25.762,8.663,0.002,115392.492,10,0.9,0.9,2.255,443.524,16,5
3,3,23,1,1000000,60,333320,333340,243,3,8.666,149.96,25.762,8.663,0.002,115392.492,10,1.0,1.0,2.275,439.625,16,5
3,3,24,1,1000000,60,333320,333340,243,3,8.666,149.96,25.762,8.663,0.002,115392.492,10,1.0,1.0,2.369,422.178,16,5
3,3,25,1,1000000,60,333320,333340,243,3,8.666,149.96,25.762,8.663,0.002,115392.492,10,0.9,0.9,2.42,413.28,16,5
3,3,26,1,1000000,60,333320,333340,243,3,8.666,149.96,25.762,8.663,0.002,115392.492,10,0.8,0.8,2.738,365.169,16,5
3,3,27,1,1000000,60,333320,333340,243,3,8.666,149.96,25.762,8.663,0.002,115392.492,10,0.9,0.9,2.792,358.188,16,5
3,3,28,1,1000000,60,333320,333340,243,3,8.666,149.96,25.762,8.663,0.002,115392.492,10,0.9,0.9,2.591,385.939,16,5
3,3,29,1,1000000,60,333320,333340,243,3,8.666,149.96,25.762,8.663,0.002,115392.492,10,1.0,1.0,2.476,403.952,16,5
3,3,30,1,1000000,60,333320,333340,243,3,8.666,149.96,25.762,8.663,0.002,115392.492,10,0.9,0.9,2.285,437.629,16,5
3,3,31,1,1000000,60,333320,333340,243,3,8.666,149.96,25.762,8.663,0.002,115392.492,10,1.0,1.0,2.508,398.718,16,5
3,3,32,1,1000000,60,333320,333340,243,3,8.666,149.96,25.762,8.663,0.002,115392.492,10,0.8,0.8,2.692,371.465,16,5
3,3,33,1,1000000,60,333320,333340,243,3,8.666,149.96,25.762,8.663,0.002,115392.492,10,1.0,1.0,2.431,411.346,16,5
3,3,34,1,1000000,60,333320,333340,243,3,8.666,149.96,25.762,8.663,0.002,115392.492,10,1.0,1.0,2.592,385.809,16,5
3,3,35,1,1000000,60,333320,333340,243,3,8.666,149.96,25.762,8.663,0.002,115392.492,10,0.9,0.9,2.572,388.809,16,5
3,3,36,1,1000000,60,333320,333340,243,3,8.666,149.96,25.762,8.663,0.002,115392.492,10,1.0,1.0,2.488,401.949,16,5
3,3,37,1,1000000,60,333320,333340,243,3,8.666,149.96,25.762,8.663,0.002,115392.492,10,1.0,1.0,2.361,423.579,16,5
3,3,38,1,1000000,60,333320,333340,243,3,8.666,149.96,25.762,8.663,0.002,115392.492,10,0.9,0.9,2.495,400.768,16,5
3,3,39,1,1000000,60,333320,333340,243,3,8.666,149.96,25.762,8.663,0.002,115392.492,10,0.9,0.9,2.505,399.168,16,5
3,3,40,1,1000000,60,333320,333340,243,3,8.666,149.96,25.762,8.663,0.002,115392.492,10,0.9,0.9,2.56,390.568,16,5
3,3,41,1,1000000,60,333320,333340,243,3,8.666,149.96,25.762,8.663,0.002,115392.492,10,1.0,1.0,2.383,419.712,16,5
3,3,42,1,1000000,60,333320,333340,243,3,8.666,149.96,25.762,8.663,0.002,115392.492,10,0.9,0.9,2.47,404.858,16,5
3,3,43,1,1000000,60,333320,333340,243,3,8.666,149.96,25.762,8.663,0.002,115392.492,10,0.9,0.9,2.309,433.151,16,5
3,3,44,1,1000000,60,333320,333340,243,3,8.666,149.96,25.762,8.663,0.002,115392.492,10,0.8,0.8,2.48,403.192,16,5
3,3,45,1,1000000,60,333320,333340,243,3,8.666,149.96,25.762,8.663,0.002,115392.492,10,1.0,1.0,2.118,472.106,16,5
3,3,46,1,1000000,60,333320,333340,243,3,8.666,149.96,25.762,8.663,0.002,115392.492,10,1.0,1.0,2.52,396.838,16,5
3,3,47,1,1000000,60,333320,333340,243,3,8.666,149.96,25.762,8.663,0.002,115392.492,10,0.9,0.9,2.436,410.446,16,5
3,3,48,1,1000000,60,333320,333340,243,3,8.666,149.96,25.762,8.663,0.002,115392.492,10,0.6,0.6,2.354,424.809,16,5
3,3,49,1,1000000,60,333320,333340,243,3,8.666,149.96,25.762,8.663,0.002,115392.492,10,1.0,1.0,2.371,421.822,16,5
3,3,50,1,1000000,60,333320,333340,243,3,8.666,149.96,25.762,8.663,0.002,115392.492,10,1.0,1.0,2.446,408.873,16,5
3,3,51,1,1000000,60,333320,333340,243,3,8.666,149.96,25.762,8.663,0.002,115392.492,10,1.0,1.0,2.396,417.37,16,5
3,3,52,1,1000000,60,333320,333340,243,3,8.666,149.96,25.762,8.663,0.002,115392.492,10,0.7,0.7,2.214,451.595,16,5
3,3,53,1,1000000,60,333320,333340,243,3,8.666,149.96,25.762,8.663,0.002,115392.492,10,0.9,0.9,2.311,432.799,16,5
3,3,54,1,1000000,60,333320,333340,243,3,8.666,149.96,25.762,8.663,0.002,115392.492,10,0.7,0.7,2.436,410.481,16,5
3,3,55,1,1000000,60,333320,333340,243,3,8.666,149.96,25.762,8.663,0.002,115392.492,10,0.8,0.8,2.088,479.013,16,5
3,3,56,1,1000000,60,333320,333340,243,3,8.666,149.96,25.762,8.663,0.002,115392.492,10,1.0,1.0,2.24,446.379,16,5
3,3,57,1,1000000,60,333320,333340,243,3,8.666,149.96,25.762,8.663,0.002,115392.492,10,0.8,0.8,2.284,437.828,16,5
3,3,58,1,1000000,60,333320,333340,243,3,8.666,149.96,25.762,8.663,0.002,115392.492,10,1.0,1.0,2.408,415.318,16,5
3,3,59,1,1000000,60,333320,333340,243,3,8.666,149.96,25.762,8.663,0.002,115392.492,10,0.9,0.9,2.392,418.14,16,5
3,3,60,1,1000000,60,333320,333340,243,3,8.666,149.96,25.762,8.663,0.002,115392.492,10,1.0,1.0,2.111,473.7,16,5
3,3,61,1,1000000,60,333320,333340,243,3,8.666,149.96,25.762,8.663,0.002,115392.492,10,0.6,0.6,2.653,376.902,16,5
3,3,62,1,1000000,60,333320,333340,243,3,8.666,149.96,25.762,8.663,0.002,115392.492,10,0.8,0.8,2.356,424.493,16,5
3,3,63,1,1000000,60,333320,333340,243,3,8.666,149.96,25.762,8.663,0.002,115392.492,10,0.9,0.9,2.104,475.21,16,5
3,3,64,1,1000000,60,333320,333340,243,3,8.666,149.96,25.762,8.663,0.002,115392.492,10,0.8,0.8,2.325,430.138,16,5
3,3,65,1,1000000,60,333320,333340,243,3,8.666,149.96,25.762,8.663,0.002,115392.492,10,1.0,1.0,2.277,439.198,16,5
3,3,66,1,1000000,60,333320,333340,243,3,8.666,149.96,25.762,8.663,0.002,115392.492,10,1.0,1.0,2.516,397.47,16,5
3,3,67,1,1000000,60,333320,333340,243,3,8.666,149.96,25.762,8.663,0.002,115392.492,10,1.0,1.0,2.246,445.145,16,5
3,3,68,1,1000000,60,333320,333340,243,3,8.666,149.96,25.762,8.663,0.002,115392.492,10,0.9,0.9,2.283,437.996,16,5
3,3,69,1,1000000,60,333320,333340,243,3,8.666,149.96,25.762,8.663,0.002,115392.492,10,1.0,1.0,2.364,422.96,16,5
3,3,70,1,1000000,60,333320,333340,243,3,8.666,149.96,25.762,8.663,0.002,115392.492,10,0.6,0.6,2.595,385.431,16,5
3,3,71,1,1000000,60,333320,333340,243,3,8.666,149.96,25.762,8.663,0.002,115392.492,10,1.0,1.0,2.027,493.279,16,5
3,3,72,1,1000000,60,333320,333340,243,3,8.666,149.96,25.762,8.663,0.002,115392.492,10,0.9,0.9,2.43,411.551,16,5
3,3,73,1,1000000,60,333320,333340,243,3,8.666,149.96,25.762,8.663,0.002,115392.492,10,0.8,0.8,2.306,433.706,16,5
3,3,74,1,1000000,60,333320,333340,243,3,8.666,149.96,25.762,8.663,0.002,115392.492,10,1.0,1.0,2.408,415.361,16,5
3,3,75,1,1000000,60,333320,333340,243,3,8.666,149.96,25.762,8.663,0.002,115392.492,10,0.7,0.7,2.254,443.59,16,5
3,3,76,1,1000000,60,333320,333340,243,3,8.666,149.96,25.762,8.663,0.002,115392.492,10,1.0,1.0,2.368,422.335,16,5
3,3,77,1,1000000,60,333320,333340,243,3,8.666,149.96,25.762,8.663,0.002,115392.492,10,0.9,0.9,2.5,399.973,16,5
3,3,78,1,1000000,60,333320,333340,243,3,8.666,149.96,25.762,8.663,0.002,115392.492,10,1.0,1.0,2.307,433.557,16,5
3,3,79,1,1000000,60,333320,333340,243,3,8.666,149.96,25.762,8.663,0.002,115392.492,10,1.0,1.0,2.488,401.923,16,5
3,3,80,1,1000000,60,333320,333340,243,3,8.666,149.96,25.762,8.663,0.002,115392.492,10,1.0,1.0,2.204,453.721,16,5
3,3,81,1,1000000,60,333320,333340,243,3,8.666,149.96,25.762,8.663,0.002,115392.492,10,1.0,1.0,2.478,403.599,16,5
3,3,82,1,1000000,60,333320,333340,243,3,8.666,149.96,25.762,8.663,0.002,115392.492,10,0.8,0.8,2.28,438.612,16,5
3,3,83,1,1000000,60,333320,333340,243,3,8.666,149.96,25.762,8.663,0.002,115392.492,10,0.9,0.9,2.449,408.392,16,5
3,3,84,1,1000000,60,333320,333340,243,3,8.666,149.96,25.762,8.663,0.002,115392.492,10,1.0,1.0,2.421,413.095,16,5
3,3,85,1,1000000,60,333320,333340,243,3,8.666,149.96,25.762,8.663,0.002,115392.492,10,0.7,0.7,2.471,404.633,16,5
3,3,86,1,1000000,60,333320,333340,243,3,8.666,149.96,25.762,8.663,0.002,115392.492,10,1.0,1.0,2.219,450.569,16,5
3,3,87,1,1000000,60,333320,333340,243,3,8.666,149.96,25.762,8.663,0.002,115392.492,10,1.0,1.0,2.357,424.283,16,5
3,3,88,1,1000000,60,333320,333340,243,3,8.666,149.96,25.762,8.663,0.002,115392.492,10,1.0,1.0,2.43,411.452,16,5
3,3,89,1,1000000,60,333320,333340,243,3,8.666,149.96,25.762,8.663,0.002,115392.492,10,1.0,1.0,2.159,463.249,16,5
3,3,90,1,1000000,60,333320,333340,243,3,8.666,149.96,25.762,8.663,0.002,115392.492,10,1.0,1.0,2.408,415.225,16,5
3,3,91,1,1000000,60,333320,333340,243,3,8.666,149.96,25.762,8.663,0.002,115392.492,10,0.9,0.9,2.043,489.476,16,5
3,3,92,1,1000000,60,333320,333340,243,3,8.666,149.96,25.762,8.663,0.002,115392.492,10,1.0,1.0,2.276,439.327,16,5
3,3,93,1,1000000,60,333320,333340,243,3,8.666,149.96,25.762,8.663,0.002,115392.492,10,1.0,1.0,2.521,396.635,16,5
3,3,94,1,1000000,60,333320,333340,243,3,8.666,149.96,25.762,8.663,0.002,115392.492,10,0.8,0.8,2.327,429.746,16,5
3,3,95,1,1000000,60,333320,333340,243,3,8.666,149.96,25.762,8.663,0.002,115392.492,10,1.0,1.0,2.212,452.003,16,5
3,3,96,1,1000000,60,333320,333340,243,3,8.666,149.96,25.762,8.663,0.002,115392.492,10,0.9,0.9,2.389,418.6,16,5
3,3,97,1,1000000,60,333320,333340,243,3,8.666,149.96,25.762,8.663,0.002,115392.492,10,0.9,0.9,2.365,422.796,16,5
3,3,98,1,1000000,60,333320,333340,243,3,8.666,149.96,25.762,8.663,0.002,115392.492,10,0.9,0.9,2.386,419.141,16,5
3,3,99,1,1000000,60,333320,333340,243,3,8.666,149.96,25.762,8.663,0.002,115392.492,10,1.0,1.0,2.211,452.207,16,5
3,3,100,1,1000000,60,333320,333340,243,3,8.666,149.96,25.762,8.663,0.002,115392.492,10,1.0,1.0,2.296,435.477,16,5
3,3,100,2,1000000,60,333320,333340,243,3,8.666,149.96,25.762,8.663,0.002,115392.492,10,1.0,1.0,2.371,421.793,16,5
3,3,1,2,1000000,60,333320,333340,243,3,8.666,149.96,25.762,8.663,0.002,115392.492,10,1.0,1.0,2.301,434.539,16,5
3,3,2,2,1000000,60,333320,333340,243,3,8.666,149.96,25.762,8.663,0.002,115392.492,10,0.9,0.9,2.62,381.716,16,5
3,3,3,2,1000000,60,333320,333340,243,3,8.666,149.96,25.762,8.663,0.002,115392.492,10,0.8,0.8,2.477,403.796,16,5
3,3,4,2,1000000,60,333320,333340,243,3,8.666,149.96,25.762,8.663,0.002,115392.492,10,0.9,0.9,2.178,459.137,16,5
3,3,5,2,1000000,60,333320,333340,243,3,8.666,149.96,25.762,8.663,0.002,115392.492,10,0.9,0.9,2.474,404.176,16,5
3,3,6,2,1000000,60,333320,333340,243,3,8.666,149.96,25.762,8.663,0.002,115392.492,10,1.0,1.0,2.548,392.445,16,5
3,3,7,2,1000000,60,333320,333340,243,3,8.666,149.96,25.762,8.663,0.002,115392.492,10,0.8,0.8,2.53,395.303,16,5
3,3,8,2,1000000,60,333320,333340,243,3,8.666,149.96,25.762,8.663,0.002,115392.492,10,1.0,1.0,2.369,422.164,16,5
3,3,9,2,1000000,60,333320,333340,243,3,8.666,149.96,25.762,8.663,0.002,115392.492,10,0.9,0.9,2.43,411.445,16,5
3,3,10,2,1000000,60,333320,333340,243,3,8.666,149.96,25.762,8.663,0.002,115392.492,10,1.0,1.0,2.375,421.03,16,5
3,3,11,2,1000000,60,333320,333340,243,3,8.666,149.96,25.762,8.663,0.002,115392.492,10,0.9,0.9,2.577,388.054,16,5
3,3,12,2,1000000,60,333320,333340,243,3,8.666,149.96,25.762,8.663,0.002,115392.492,10,0.9,0.9,2.674,373.925,16,5
3,3,13,2,1000000,60,333320,333340,243,3,8.666,149.96,25.762,8.663,0.002,115392.492,10,0.7,0.7,2.303,434.224,16,5
3,3,14,2,1000000,60,333320,333340,243,3,8.666,149.96,25.762,8.663,0.002,115392.492,10,0.9,0.9,2.546,392.767,16,5
3,3,15,2,1000000,60,333320,333340,243,3,8.666,149.96,25.762,8.663,0.002,115392.492,10,0.8,0.8,2.376,420.816,16,5
3,3,16,2,1000000,60,333320,333340,243,3,8.666,149.96,25.762,8.663,0.002,115392.492,10,0.8,0.8,2.346,426.318,16,5
3,3,17,2,1000000,60,333320,333340,243,3,8.666,149.96,25.762,8.663,0.002,115392.492,10,0.8,0.8,2.417,413.722,16,5
3,3,18,2,1000000,60,333320,333340,243,3,8.666,149.96,25.762,8.663,0.002,115392.492,10,0.9,0.9,2.509,398.572,16,5
3,3,19,2,1000000,60,333320,333340,243,3,8.666,149.96,25.762,8.663,0.002,115392.492,10,0.7,0.7,2.559,390.708,16,5
3,3,20,2,1000000,60,333320,333340,243,3,8.666,149.96,25.762,8.663,0.002,115392.492,10,0.6,0.6,2.353,425.08,16,5
3,3,21,2,1000000,60,333320,333340,243,3,8.666,149.96,25.762,8.663,0.002,115392.492,10,1.0,1.0,2.342,427.069,16,5
3,3,22,2,1000000,60,333320,333340,243,3,8.666,149.96,25.762,8.663,0.002,115392.492,10,0.9,0.9,2.378,420.595,16,5
3,3,23,2,1000000,60,333320,333340,243,3,8.666,149.96,25.762,8.663,0.002,115392.492,10,1.0,1.0,2.329,429.407,16,5
3,3,24,2,1000000,60,333320,333340,243,3,8.666,149.96,25.762,8.663,0.002,115392.492,10,1.0,1.0,2.374,421.252,16,5
3,3,25,2,1000000,60,333320,333340,243,3,8.666,149.96,25.762,8.663,0.002,115392.492,10,0.9,0.9,2.395,417.464,16,5
3,3,26,2,1000000,60,333320,333340,243,3,8.666,149.96,25.762,8.663,0.002,115392.492,10,0.8,0.8,2.367,422.513,16,5
3,3,27,2,1000000,60,333320,333340,243,3,8.666,149.96,25.762,8.663,0.002,115392.492,10,0.9,0.9,2.317,431.662,16,5
3,3,28,2,1000000,60,333320,333340,243,3,8.666,149.96,25.762,8.663,0.002,115392.492,10,0.9,0.9,2.454,407.533,16,5
3,3,29,2,1000000,60,333320,333340,243,3,8.666,149.96,25.762,8.663,0.002,115392.492,10,1.0,1.0,2.457,407.021,16,5
3,3,30,2,1000000,60,333320,333340,243,3,8.666,149.96,25.762,8.663,0.002,115392.492,10,0.9,0.9,2.157,463.571,16,5
3,3,31,2,1000000,60,333320,333340,243,3,8.666,149.96,25.762,8.663,0.002,115392.492,10,1.0,1.0,2.517,397.298,16,5
3,3,32,2,1000000,60,333320,333340,243,3,8.666,149.96,25.762,8.663,0.002,115392.492,10,0.8,0.8,2.389,418.665,16,5
3,3,33,2,1000000,60,333320,333340,243,3,8.666,149.96,25.762,8.663,0.002,115392.492,10,1.0,1.0,2.341,427.229,16,5
3,3,34,2,1000000,60,333320,333340,243,3,8.666,149.96,25.762,8.663,0.002,115392.492,10,1.0,1.0,2.269,440.65,16,5
3,3,35,2,1000000,60,333320,333340,243,3,8.666,149.96,25.762,8.663,0.002,115392.492,10,0.9,0.9,2.504,399.334,16,5
3,3,36,2,1000000,60,333320,333340,243,3,8.666,149.96,25.762,8.663,0.002,115392.492,10,1.0,1.0,2.262,442.078,16,5
3,3,37,2,1000000,60,333320,333340,243,3,8.666,149.96,25.762,8.663,0.002,115392.492,10,1.0,1.0,2.407,415.513,16,5
3,3,38,2,1000000,60,333320,333340,243,3,8.666,149.96,25.762,8.663,0.002,115392.492,10,0.9,0.9,2.51,398.354,16,5
3,3,39,2,1000000,60,333320,333340,243,3,8.666,149.96,25.762,8.663,0.002,115392.492,10,0.9,0.9,2.472,404.592,16,5
3,3,40,2,1000000,60,333320,333340,243,3,8.666,149.96,25.762,8.663,0.002,115392.492,10,0.9,0.9,2.446,408.761,16,5
3,3,41,2,1000000,60,333320,333340,243,3,8.666,149.96,25.762,8.663,0.002,115392.492,10,1.0,1.0,2.191,456.517,16,5
3,3,42,2,1000000,60,333320,333340,243,3,8.666,149.96,25.762,8.663,0.002,115392.492,10,0.9,0.9,2.313,432.386,16,5
3,3,43,2,1000000,60,333320,333340,243,3,8.666,149.96,25.762,8.663,0.002,115392.492,10,0.9,0.9,2.331,429.023,16,5
3,3,44,2,1000000,60,333320,333340,243,3,8.666,149.96,25.762,8.663,0.002,115392.492,10,0.8,0.8,2.596,385.214,16,5
3,3,45,2,1000000,60,333320,333340,243,3,8.666,149.96,25.762,8.663,0.002,115392.492,10,1.0,1.0,2.321,430.872,16,5
3,3,46,2,1000000,60,333320,333340,243,3,8.666,149.96,25.762,8.663,0.002,115392.492,10,1.0,1.0,2.263,441.973,16,5
3,3,47,2,1000000,60,333320,333340,243,3,8.666,149.96,25.762,8.663,0.002,115392.492,10,0.9,0.9,2.487,402.017,16,5
3,3,48,2,1000000,60,333320,333340,243,3,8.666,149.96,25.762,8.663,0.002,115392.492,10,0.6,0.6,2.439,409.976,16,5
3,3,49,2,1000000,60,333320,333340,243,3,8.666,149.96,25.762,8.663,0.002,115392.492,10,1.0,1.0,2.377,420.654,16,5
3,3,50,2,1000000,60,333320,333340,243,3,8.666,149.96,25.762,8.663,0.002,115392.492,10,1.0,1.0,2.282,438.292,16,5
3,3,51,2,1000000,60,333320,333340,243,3,8.666,149.96,25.762,8.663,0.002,115392.492,10,1.0,1.0,2.23,448.397,16,5
3,3,52,2,1000000,60,333320,333340,243,3,8.666,149.96,25.762,8.663,0.002,115392.492,10,0.7,0.7,2.173,460.105,16,5
3,3,53,2,1000000,60,333320,333340,243,3,8.666,149.96,25.762,8.663,0.002,115392.492,10,0.9,0.9,2.242,446.064,16,5
3,3,54,2,1000000,60,333320,333340,243,3,8.666,149.96,25.762,8.663,0.002,115392.492,10,0.7,0.7,2.455,407.38,16,5
3,3,55,2,1000000,60,333320,333340,243,3,8.666,149.96,25.762,8.663,0.002,115392.492,10,0.8,0.8,2.206,453.266,16,5
3,3,56,2,1000000,60,333320,333340,243,3,8.666,149.96,25.762,8.663,0.002,115392.492,10,1.0,1.0,2.116,472.627,16,5
3,3,57,2,1000000,60,333320,333340,243,3,8.666,149.96,25.762,8.663,0.002,115392.492,10,0.8,0.8,2.394,417.646,16,5
3,3,58,2,1000000,60,333320,333340,243,3,8.666,149.96,25.762,8.663,0.002,115392.492,10,1.0,1.0,2.411,414.751,16,5
3,3,59,2,1000000,60,333320,333340,243,3,8.666,149.96,25.762,8.663,0.002,115392.492,10,0.9,0.9,2.276,439.279,16,5
3,3,60,2,1000000,60,333320,333340,243,3,8.666,149.96,25.762,8.663,0.002,115392.492,10,1.0,1.0,2.077,481.56,16,5
3,3,61,2,1000000,60,333320,333340,243,3,8.666,149.96,25.762,8.663,0.002,115392.492,10,0.6,0.6,2.571,388.985,16,5
3,3,62,2,1000000,60,333320,333340,243,3,8.666,149.96,25.762,8.663,0.002,115392.492,10,0.8,0.8,2.311,432.666,16,5
3,3,63,2,1000000,60,333320,333340,243,3,8.666,149.96,25.762,8.663,0.002,115392.492,10,0.9,0.9,2.017,495.775,16,5
3,3,64,2,1000000,60,333320,333340,243,3,8.666,149.96,25.762,8.663,0.002,115392.492,10,0.8,0.8,2.397,417.159,16,5
3,3,65,2,1000000,60,333320,333340,243,3,8.666,149.96,25.762,8.663,0.002,115392.492,10,1.0,1.0,2.273,439.971,16,5
3,3,66,2,1000000,60,333320,333340,243,3,8.666,149.96,25.762,8.663,0.002,115392.492,10,1.0,1.0,2.406,415.599,16,5
3,3,67,2,1000000,60,333320,333340,243,3,8.666,149.96,25.762,8.663,0.002,115392.492,10,1.0,1.0,2.166,461.725,16,5
3,3,68,2,1000000,60,333320,333340,243,3,8.666,149.96,25.762,8.663,0.002,115392.492,10,0.9,0.9,2.369,422.082,16,5
3,3,69,2,1000000,60,333320,333340,243,3,8.666,149.96,25.762,8.663,0.002,115392.492,10,1.0,1.0,2.271,440.432,16,5
3,3,70,2,1000000,60,333320,333340,243,3,8.666,149.96,25.762,8.663,0.002,115392.492,10,0.6,0.6,2.335,428.266,16,5
3,3,71,2,1000000,60,333320,333340,243,3,8.666,149.96,25.762,8.663,0.002,115392.492,10,1.0,1.0,2.062,484.907,16,5
3,3,72,2,1000000,60,333320,333340,243,3,8.666,149.96,25.762,8.663,0.002,115392.492,10,0.9,0.9,2.296,435.54,16,5
3,3,73,2,1000000,60,333320,333340,243,3,8.666,149.96,25.762,8.663,0.002,115392.492,10,0.8,0.8,2.191,456.343,16,5
3,3,74,2,1000000,60,333320,333340,243,3,8.666,149.96,25.762,8.663,0.002,115392.492,10,1.0,1.0,2.337,427.952,16,5
3,3,75,2,1000000,60,333320,333340,243,3,8.666,149.96,25.762,8.663,0.002,115392.492,10,0.7,0.7,2.368,422.268,16,5
3,3,76,2,1000000,60,333320,333340,243,3,8.666,149.96,25.762,8.663,0.002,115392.492,10,1.0,1.0,2.382,419.867,16,5
3,3,77,2,1000000,60,333320,333340,243,3,8.666,149.96,25.762,8.663,0.002,115392.492,10,0.9,0.9,2.371,421.837,16,5
3,3,78,2,1000000,60,333320,333340,243,3,8.666,149.96,25.762,8.663,0.002,115392.492,10,1.0,1.0,2.151,464.864,16,5
3,3,79,2,1000000,60,333320,333340,243,3,8.666,149.96,25.762,8.663,0.002,115392.492,10,1.0,1.0,2.346,426.167,16,5
3,3,80,2,1000000,60,333320,333340,243,3,8.666,149.96,25.762,8.663,0.002,115392.492,10,1.0,1.0,2.223,449.767,16,5
3,3,81,2,1000000,60,333320,333340,243,3,8.666,149.96,25.762,8.663,0.002,115392.492,10,1.0,1.0,2.491,401.418,16,5
3,3,82,2,1000000,60,333320,333340,243,3,8.666,149.96,25.762,8.663,0.002,115392.492,10,0.8,0.8,2.348,425.819,16,5
3,3,83,2,1000000,60,333320,333340,243,3,8.666,149.96,25.762,8.663,0.002,115392.492,10,0.9,0.9,2.496,400.695,16,5
3,3,84,2,1000000,60,333320,333340,243,3,8.666,149.96,25.762,8.663,0.002,115392.492,10,1.0,1.0,2.435,410.713,16,5
3,3,85,2,1000000,60,333320,333340,243,3,8.666,149.96,25.762,8.663,0.002,115392.492,10,0.7,0.7,2.461,406.387,16,5
3,3,86,2,1000000,60,333320,333340,243,3,8.666,149.96,25.762,8.663,0.002,115392.492,10,1.0,1.0,2.106,474.796,16,5
3,3,87,2,1000000,60,333320,333340,243,3,8.666,149.96,25.762,8.663,0.002,115392.492,10,1.0,1.0,2.39,418.49,16,5
3,3,88,2,1000000,60,333320,333340,243,3,8.666,149.96,25.762,8.663,0.002,115392.492,10,1.0,1.0,2.285,437.549,16,5
3,3,89,2,1000000,60,333320,333340,243,3,8.666,149.96,25.762,8.663,0.002,115392.492,10,1.0,1.0,2.147,465.73,16,5
3,3,90,2,1000000,60,333320,333340,243,3,8.666,149.96,25.762,8.663,0.002,115392.492,10,1.0,1.0,2.111,473.775,16,5
3,3,91,2,1000000,60,333320,333340,243,3,8.666,149.96,25.762,8.663,0.002,115392.492,10,0.9,0.9,1.877,532.86,16,5
3,3,92,2,1000000,60,333320,333340,243,3,8.666,149.96,25.762,8.663,0.002,115392.492,10,1.0,1.0,2.325,430.154,16,5
3,3,93,2,1000000,60,333320,333340,243,3,8.666,149.96,25.762,8.663,0.002,115392.492,10,1.0,1.0,2.426,412.123,16,5
3,3,94,2,1000000,60,333320,333340,243,3,8.666,149.96,25.762,8.663,0.002,115392.492,10,0.8,0.8,2.376,420.809,16,5
3,3,95,2,1000000,60,333320,333340,243,3,8.666,149.96,25.762,8.663,0.002,115392.492,10,1.0,1.0,2.17,460.9,16,5
3,3,96,2,1000000,60,333320,333340,243,3,8.666,149.96,25.762,8.663,0.002,115392.492,10,0.9,0.9,2.202,454.081,16,5
3,3,97,2,1000000,60,333320,333340,243,3,8.666,149.96,25.762,8.663,0.002,115392.492,10,0.9,0.9,2.284,437.796,16,5
3,3,98,2,1000000,60,333320,333340,243,3,8.666,149.96,25.762,8.663,0.002,115392.492,10,0.9,0.9,2.399,416.869,16,5
3,3,99,2,1000000,60,333320,333340,243,3,8.666,149.96,25.762,8.663,0.002,115392.492,10,1.0,1.0,2.231,448.204,16,5
3,3,99,3,1000000,60,333320,333340,243,3,8.666,149.96,25.762,8.663,0.002,115392.492,10,1.0,1.0,2.188,457.117,16,5
3,3,100,3,1000000,60,333320,333340,243,3,8.666,149.96,25.762,8.663,0.002,115392.492,10,1.0,1.0,2.252,444.14,16,5
3,3,1,3,1000000,60,333320,333340,243,3,8.666,149.96,25.762,8.663,0.002,115392.492,10,1.0,1.0,2.415,414.157,16,5
3,3,2,3,1000000,60,333320,333340,243,3,8.666,149.96,25.762,8.663,0.002,115392.492,10,0.9,0.9,2.385,419.229,16,5
3,3,3,3,1000000,60,333320,333340,243,3,8.666,149.96,25.762,8.663,0.002,115392.492,10,0.8,0.8,2.388,418.819,16,5
3,3,4,3,1000000,60,333320,333340,243,3,8.666,149.96,25.762,8.663,0.002,115392.492,10,0.9,0.9,2.132,468.97,16,5
3,3,5,3,1000000,60,333320,333340,243,3,8.666,149.96,25.762,8.663,0.002,115392.492,10,0.9,0.9,2.402,416.392,16,5
3,3,6,3,1000000,60,333320,333340,243,3,8.666,149.96,25.762,8.663,0.002,115392.492,10,1.0,1.0,2.34,427.32,16,5
3,3,7,3,1000000,60,333320,333340,243,3,8.666,149.96,25.762,8.663,0.002,115392.492,10,0.8,0.8,2.657,376.406,16,5
3,3,8,3,1000000,60,333320,333340,243,3,8.666,149.96,25.762,8.663,0.002,115392.492,10,1.0,1.0,2.423,412.669,16,5
3,3,9,3,1000000,60,333320,333340,243,3,8.666,149.96,25.762,8.663,0.002,115392.492,10,0.9,0.9,2.326,429.9,16,5
3,3,10,3,1000000,60,333320,333340,243,3,8.666,149.96,25.762,8.663,0.002,115392.492,10,1.0,1.0,2.471,404.64,16,5
3,3,11,3,1000000,60,333320,333340,243,3,8.666,149.96,25.762,8.663,0.002,115392.492,10,0.9,0.9,2.376,420.846,16,5
3,3,12,3,1000000,60,333320,333340,243,3,8.666,149.96,25.762,8.663,0.002,115392.492,10,0.9,0.9,2.471,404.619,16,5
3,3,13,3,1000000,60,333320,333340,243,3,8.666,149.96,25.762,8.663,0.002,115392.492,10,0.7,0.7,2.467,405.385,16,5
3,3,14,3,1000000,60,333320,333340,243,3,8.666,149.96,25.762,8.663,0.002,115392.492,10,0.9,0.9,2.393,417.893,16,5
3,3,15,3,1000000,60,333320,333340,243,3,8.666,149.96,25.762,8.663,0.002,115392.492,10,0.8,0.8,2.372,421.659,16,5
3,3,16,3,1000000,60,333320,333340,243,3,8.666,149.96,25.762,8.663,0.002,115392.492,10,0.8,0.8,2.432,411.163,16,5
3,3,17,3,1000000,60,333320,333340,243,3,8.666,149.96,25.762,8.663,0.002,115392.492,10,0.8,0.8,2.344,426.591,16,5
3,3,18,3,1000000,60,333320,333340,243,3,8.666,149.96,25.762,8.663,0.002,115392.492,10,0.9,0.9,2.495,400.822,16,5
3,3,19,3,1000000,60,333320,333340,243,3,8.666,149.96,25.762,8.663,0.002,115392.492,10,0.7,0.7,2.357,424.336,16,5
3,3,20,3,1000000,60,333320,333340,243,3,8.666,149.96,25.762,8.663,0.002,115392.492,10,0.6,0.6,2.501,399.787,16,5
3,3,21,3,1000000,60,333320,333340,243,3,8.666,149.96,25.762,8.663,0.002,115392.492,10,1.0,1.0,2.384,419.514,16,5
3,3,22,3,1000000,60,333320,333340,243,3,8.666,149.96,25.762,8.663,0.002,115392.492,10,0.9,0.9,2.627,380.614,16,5
3,3,23,3,1000000,60,333320,333340,243,3,8.666,149.96,25.762,8.663,0.002,115392.492,10,1.0,1.0,2.447,408.671,16,5
3,3,24,3,1000000,60,333320,333340,243,3,8.666,149.96,25.762,8.663,0.002,115392.492,10,1.0,1.0,2.422,412.939,16,5
3,3,25,3,1000000,60,333320,333340,243,3,8.666,149.96,25.762,8.663,0.002,115392.492,10,0.9,0.9,2.393,417.958,16,5
3,3,26,3,1000000,60,333320,333340,243,3,8.666,149.96,25.762,8.663,0.002,115392.492,10,0.8,0.8,2.433,411.008,16,5
3,3,27,3,1000000,60,333320,333340,243,3,8.666,149.96,25.762,8.663,0.002,115392.492,10,0.9,0.9,2.348,425.857,16,5
3,3,28,3,1000000,60,333320,333340,243,3,8.666,149.96,25.762,8.663,0.002,115392.492,10,0.9,0.9,2.226,449.177,16,5
3,3,29,3,1000000,60,333320,333340,243,3,8.666,149.96,25.762,8.663,0.002,115392.492,10,1.0,1.0,2.551,392.074,16,5
3,3,30,3,1000000,60,333320,333340,243,3,8.666,149.96,25.762,8.663,0.002,115392.492,10,0.9,0.9,2.144,466.518,16,5
3,3,31,3,1000000,60,333320,333340,243,3,8.666,149.96,25.762,8.663,0.002,115392.492,10,1.0,1.0,2.36,423.654,16,5
3,3,32,3,1000000,60,333320,333340,243,3,8.666,149.96,25.762,8.663,0.002,115392.492,10,0.8,0.8,2.292,436.34,16,5
3,3,33,3,1000000,60,333320,333340,243,3,8.666,149.96,25.762,8.663,0.002,115392.492,10,1.0,1.0,2.406,415.577,16,5
3,3,34,3,1000000,60,333320,333340,243,3,8.666,149.96,25.762,8.663,0.002,115392.492,10,1.0,1.0,2.307,433.393,16,5
3,3,35,3,1000000,60,333320,333340,243,3,8.666,149.96,25.762,8.663,0.002,115392.492,10,0.9,0.9,2.617,382.117,16,5
3,3,36,3,1000000,60,333320,333340,243,3,8.666,149.96,25.762,8.663,0.002,115392.492,10,1.0,1.0,2.338,427.739,16,5
3,3,37,3,1000000,60,333320,333340,243,3,8.666,149.96,25.762,8.663,0.002,115392.492,10,1.0,1.0,2.35,425.615,16,5
3,3,38,3,1000000,60,333320,333340,243,3,8.666,149.96,25.762,8.663,0.002,115392.492,10,0.9,0.9,2.468,405.214,16,5
3,3,39,3,1000000,60,333320,333340,243,3,8.666,149.96,25.762,8.663,0.002,115392.492,10,0.9,0.9,2.356,424.523,16,5
3,3,40,3,1000000,60,333320,333340,243,3,8.666,149.96,25.762,8.663,0.002,115392.492,10,0.9,0.9,2.409,415.06,16,5
3,3,41,3,1000000,60,333320,333340,243,3,8.666,149.96,25.762,8.663,0.002,115392.492,10,1.0,1.0,2.39,418.432,16,5
3,3,42,3,1000000,60,333320,333340,243,3,8.666,149.96,25.762,8.663,0.002,115392.492,10,0.9,0.9,2.502,399.687,16,5
3,3,43,3,1000000,60,333320,333340,243,3,8.666,149.96,25.762,8.663,0.002,115392.492,10,0.9,0.9,2.374,421.289,16,5
3,3,44,3,1000000,60,333320,333340,243,3,8.666,149.96,25.762,8.663,0.002,115392.492,10,0.8,0.8,2.485,402.489,16,5
3,3,45,3,1000000,60,333320,333340,243,3,8.666,149.96,25.762,8.663,0.002,115392.492,10,1.0,1.0,2.086,479.377,16,5
3,3,46,3,1000000,60,333320,333340,243,3,8.666,149.96,25.762,8.663,0.002,115392.492,10,1.0,1.0,2.162,462.561,16,5
3,3,47,3,1000000,60,333320,333340,243,3,8.666,149.96,25.762,8.663,0.002,115392.492,10,0.9,0.9,2.336,428.143,16,5
3,3,48,3,1000000,60,333320,333340,243,3,8.666,149.96,25.762,8.663,0.002,115392.492,10,0.6,0.6,2.284,437.884,16,5
3,3,49,3,1000000,60,333320,333340,243,3,8.666,149.96,25.762,8.663,0.002,115392.492,10,1.0,1.0,2.493,401.063,16,5
3,3,50,3,1000000,60,333320,333340,243,3,8.666,149.96,25.762,8.663,0.002,115392.492,10,1.0,1.0,2.255,443.525,16,5
3,3,51,3,1000000,60,333320,333340,243,3,8.666,149.96,25.762,8.663,0.002,115392.492,10,1.0,1.0,2.318,431.383,16,5
3,3,52,3,1000000,60,333320,333340,243,3,8.666,149.96,25.762,8.663,0.002,115392.492,10,0.7,0.7,2.279,438.765,16,5
3,3,53,3,1000000,60,333320,333340,243,3,8.666,149.96,25.762,8.663,0.002,115392.492,10,0.9,0.9,2.32,431.05,16,5
3,3,54,3,1000000,60,333320,333340,243,3,8.666,149.96,25.762,8.663,0.002,115392.492,10,0.7,0.7,2.378,420.507,16,5
3,3,55,3,1000000,60,333320,333340,243,3,8.666,149.96,25.762,8.663,0.002,115392.492,10,0.8,0.8,2.585,386.816,16,5
3,3,56,3,1000000,60,333320,333340,243,3,8.666,149.96,25.762,8.663,0.002,115392.492,10,1.0,1.0,2.314,432.129,16,5
3,3,57,3,1000000,60,333320,333340,243,3,8.666,149.96,25.762,8.663,0.002,115392.492,10,0.8,0.8,2.305,433.824,16,5
3,3,58,3,1000000,60,333320,333340,243,3,8.666,149.96,25.762,8.663,0.002,115392.492,10,1.0,1.0,2.372,421.555,16,5
3,3,59,3,1000000,60,333320,333340,243,3,8.666,149.96,25.762,8.663,0.002,115392.492,10,0.9,0.9,2.336,428.052,16,5
3,3,60,3,1000000,60,333320,333340,243,3,8.666,149.96,25.762,8.663,0.002,115392.492,10,1.0,1.0,2.12,471.717,16,5
3,3,61,3,1000000,60,333320,333340,243,3,8.666,149.96,25.762,8.663,0.002,115392.492,10,0.6,0.6,2.446,408.914,16,5
3,3,62,3,1000000,60,333320,333340,243,3,8.666,149.96,25.762,8.663,0.002,115392.492,10,0.8,0.8,2.435,410.699,16,5
3,3,63,3,1000000,60,333320,333340,243,3,8.666,149.96,25.762,8.663,0.002,115392.492,10,0.9,0.9,2.113,473.335,16,5
3,3,64,3,1000000,60,333320,333340,243,3,8.666,149.96,25.762,8.663,0.002,115392.492,10,0.8,0.8,2.438,410.228,16,5
3,3,65,3,1000000,60,333320,333340,243,3,8.666,149.96,25.762,8.663,0.002,115392.492,10,1.0,1.0,2.286,437.509,16,5
3,3,66,3,1000000,60,333320,333340,243,3,8.666,149.96,25.762,8.663,0.002,115392.492,10,1.0,1.0,2.409,415.103,16,5
3,3,67,3,1000000,60,333320,333340,243,3,8.666,149.96,25.762,8.663,0.002,115392.492,10,1.0,1.0,2.161,462.838,16,5
3,3,68,3,1000000,60,333320,333340,243,3,8.666,149.96,25.762,8.663,0.002,115392.492,10,0.9,0.9,2.207,453.129,16,5
3,3,69,3,1000000,60,333320,333340,243,3,8.666,149.96,25.762,8.663,0.002,115392.492,10,1.0,1.0,2.239,446.636,16,5
3,3,70,3,1000000,60,333320,333340,243,3,8.666,149.96,25.762,8.663,0.002,115392.492,10,0.6,0.6,2.517,397.259,16,5
3,3,71,3,1000000,60,333320,333340,243,3,8.666,149.96,25.762,8.663,0.002,115392.492,10,1.0,1.0,2.026,493.655,16,5
3,3,72,3,1000000,60,333320,333340,243,3,8.666,149.96,25.762,8.663,0.002,115392.492,10,0.9,0.9,2.24,446.453,16,5
3,3,73,3,1000000,60,333320,333340,243,3,8.666,149.96,25.762,8.663,0.002,115392.492,10,0.8,0.8,2.39,418.432,16,5
3,3,74,3,1000000,60,333320,333340,243,3,8.666,149.96,25.762,8.663,0.002,115392.492,10,1.0,1.0,2.34,427.267,16,5
3,3,75,3,1000000,60,333320,333340,243,3,8.666,149.96,25.762,8.663,0.002,115392.492,10,0.7,0.7,2.235,447.527,16,5
3,3,76,3,1000000,60,333320,333340,243,3,8.666,149.96,25.762,8.663,0.002,115392.492,10,1.0,1.0,2.341,427.122,16,5
3,3,77,3,1000000,60,333320,333340,243,3,8.666,149.96,25.762,8.663,0.002,115392.492,10,0.9,0.9,2.439,410.06,16,5
3,3,78,3,1000000,60,333320,333340,243,3,8.666,149.96,25.762,8.663,0.002,115392.492,10,1.0,1.0,2.24,446.445,16,5
3,3,79,3,1000000,60,333320,333340,243,3,8.666,149.96,25.762,8.663,0.002,115392.492,10,1.0,1.0,2.454,407.512,16,5
3,3,80,3,1000000,60,333320,333340,243,3,8.666,149.96,25.762,8.663,0.002,115392.492,10,1.0,1.0,2.212,452.131,16,5
3,3,81,3,1000000,60,333320,333340,243,3,8.666,149.96,25.762,8.663,0.002,115392.492,10,1.0,1.0,2.383,419.713,16,5
3,3,82,3,1000000,60,333320,333340,243,3,8.666,149.96,25.762,8.663,0.002,115392.492,10,0.8,0.8,2.31,432.963,16,5
3,3,83,3,1000000,60,333320,333340,243,3,8.666,149.96,25.762,8.663,0.002,115392.492,10,0.9,0.9,2.612,382.8,16,5
3,3,84,3,1000000,60,333320,333340,243,3,8.666,149.96,25.762,8.663,0.002,115392.492,10,1.0,1.0,2.469,405.036,16,5
3,3,85,3,1000000,60,333320,333340,243,3,8.666,149.96,25.762,8.663,0.002,115392.492,10,0.7,0.7,2.471,404.633,16,5
3,3,86,3,1000000,60,333320,333340,243,3,8.666,149.96,25.762,8.663,0.002,115392.492,10,1.0,1.0,2.203,454.03,16,5
3,3,87,3,1000000,60,333320,333340,243,3,8.666,149.96,25.762,8.663,0.002,115392.492,10,1.0,1.0,2.298,435.09,16,5
3,3,88,3,1000000,60,333320,333340,243,3,8.666,149.96,25.762,8.663,0.002,115392.492,10,1.0,1.0,2.296,435.469,16,5
3,3,89,3,1000000,60,333320,333340,243,3,8.666,149.96,25.762,8.663,0.002,115392.492,10,1.0,1.0,2.17,460.812,16,5
3,3,90,3,1000000,60,333320,333340,243,3,8.666,149.96,25.762,8.663,0.002,115392.492,10,1.0,1.0,2.353,424.989,16,5
3,3,91,3,1000000,60,333320,333340,243,3,8.666,149.96,25.762,8.663,0.002,115392.492,10,0.9,0.9,2.103,475.445,16,5
3,3,92,3,1000000,60,333320,333340,243,3,8.666,149.96,25.762,8.663,0.002,115392.492,10,1.0,1.0,2.361,423.564,16,5
3,3,93,3,1000000,60,333320,333340,243,3,8.666,149.96,25.762,8.663,0.002,115392.492,10,1.0,1.0,2.48,403.192,16,5
3,3,94,3,1000000,60,333320,333340,243,3,8.666,149.96,25.762,8.663,0.002,115392.492,10,0.8,0.8,2.314,432.23,16,5
3,3,95,3,1000000,60,333320,333340,243,3,8.666,149.96,25.762,8.663,0.002,115392.492,10,1.0,1.0,2.166,461.716,16,5
3,3,96,3,1000000,60,333320,333340,243,3,8.666,149.96,25.762,8.663,0.002,115392.492,10,0.9,0.9,2.292,436.292,16,5
3,3,97,3,1000000,60,333320,333340,243,3,8.666,149.96,25.762,8.663,0.002,115392.492,10,0.9,0.9,2.361,423.594,16,5
3,3,98,3,1000000,60,333320,333340,243,3,8.666,149.96,25.762,8.663,0.002,115392.492,10,0.9,0.9,2.342,427.016,16,5
3,3,98,4,1000000,60,333320,333340,243,3,8.666,149.96,25.762,8.663,0.002,115392.492,10,0.9,0.9,2.42,413.23,16,5
3,3,99,4,1000000,60,333320,333340,243,3,8.666,149.96,25.762,8.663,0.002,115392.492,10,1.0,1.0,2.204,453.798,16,5
3,3,100,4,1000000,60,333320,333340,243,3,8.666,149.96,25.762,8.663,0.002,115392.492,10,1.0,1.0,2.453,407.616,16,5
3,3,1,4,1000000,60,333320,333340,243,3,8.666,149.96,25.762,8.663,0.002,115392.492,10,1.0,1.0,2.196,455.287,16,5
3,3,2,4,1000000,60,333320,333340,243,3,8.666,149.96,25.762,8.663,0.002,115392.492,10,0.9,0.9,2.365,422.811,16,5
3,3,3,4,1000000,60,333320,333340,243,3,8.666,149.96,25.762,8.663,0.002,115392.492,10,0.8,0.8,2.401,416.464,16,5
3,3,4,4,1000000,60,333320,333340,243,3,8.666,149.96,25.762,8.663,0.002,115392.492,10,0.9,0.9,2.215,451.374,16,5
3,3,5,4,1000000,60,333320,333340,243,3,8.666,149.96,25.762,8.663,0.002,115392.492,10,0.9,0.9,2.426,412.229,16,5
3,3,6,4,1000000,60,333320,333340,243,3,8.666,149.96,25.762,8.663,0.002,115392.492,10,1.0,1.0,2.369,422.03,16,5
3,3,7,4,1000000,60,333320,333340,243,3,8.666,149.96,25.762,8.663,0.002,115392.492,10,0.8,0.8,2.547,392.593,16,5
3,3,8,4,1000000,60,333320,333340,243,3,8.666,149.96,25.762,8.663,0.002,115392.492,10,1.0,1.0,2.478,403.483,16,5
3,3,9,4,1000000,60,333320,333340,243,3,8.666,149.96,25.762,8.663,0.002,115392.492,10,0.9,0.9,2.441,409.633,16,5
3,3,10,4,1000000,60,333320,333340,243,3,8.666,149.96,25.762,8.663,0.002,115392.492,10,1.0,1.0,2.412,414.579,16,5
3,3,11,4,1000000,60,333320,333340,243,3,8.666,149.96,25.762,8.663,0.002,115392.492,10,0.9,0.9,2.294,435.936,16,5
3,3,12,4,1000000,60,333320,333340,243,3,8.666,149.96,25.762,8.663,0.002,115392.492,10,0.9,0.9,2.476,403.816,16,5
3,3,13,4,1000000,60,333320,333340,243,3,8.666,149.96,25.762,8.663,0.002,115392.492,10,0.7,0.7,2.379,420.367,16,5
3,3,14,4,1000000,60,333320,333340,243,3,8.666,149.96,25.762,8.663,0.002,115392.492,10,0.9,0.9,2.308,433.252,16,5
3,3,15,4,1000000,60,333320,333340,243,3,8.666,149.96,25.762,8.663,0.002,115392.492,10,0.8,0.8,2.352,425.26,16,5
3,3,16,4,1000000,60,333320,333340,243,3,8.666,149.96,25.762,8.663,0.002,115392.492,10,0.8,0.8,2.521,396.707,16,5
3,3,17,4,1000000,60,333320,333340,243,3,8.666,149.96,25.762,8.663,0.002,115392.492,10,0.8,0.8,2.353,425.035,16,5
3,3,18,4,1000000,60,333320,333340,243,3,8.666,149.96,25.762,8.663,0.002,115392.492,10,0.9,0.9,2.528,395.524,16,5
3,3,19,4,1000000,60,333320,333340,243,3,8.666,149.96,25.762,8.663,0.002,115392.492,10,0.7,0.7,2.473,404.415,16,5
3,3,20,4,1000000,60,333320,333340,243,3,8.666,149.96,25.762,8.663,0.002,115392.492,10,0.6,0.6,2.283,438.02,16,5
3,3,21,4,1000000,60,333320,333340,243,3,8.666,149.96,25.762,8.663,0.002,115392.492,10,1.0,1.0,2.331,428.916,16,5
3,3,22,4,1000000,60,333320,333340,243,3,8.666,149.96,25.762,8.663,0.002,115392.492,10,0.9,0.9,2.219,450.662,16,5
3,3,23,4,1000000,60,333320,333340,243,3,8.666,149.96,25.762,8.663,0.002,115392.492,10,1.0,1.0,2.404,415.973,16,5
3,3,24,4,1000000,60,333320,333340,243,3,8.666,149.96,25.762,8.663,0.002,115392.492,10,1.0,1.0,2.24,446.404,16,5
3,3,25,4,1000000,60,333320,333340,243,3,8.666,149.96,25.762,8.663,0.002,115392.492,10,0.9,0.9,2.423,412.747,16,5
3,3,26,4,1000000,60,333320,333340,243,3,8.666,149.96,25.762,8.663,0.002,115392.492,10,0.8,0.8,2.422,412.846,16,5
3,3,27,4,1000000,60,333320,333340,243,3,8.666,149.96,25.762,8.663,0.002,115392.492,10,0.9,0.9,2.317,431.67,16,5
3,3,28,4,1000000,60,333320,333340,243,3,8.666,149.96,25.762,8.663,0.002,115392.492,10,0.9,0.9,2.354,424.741,16,5
3,3,29,4,1000000,60,333320,333340,243,3,8.666,149.96,25.762,8.663,0.002,115392.492,10,1.0,1.0,2.323,430.47,16,5
3,3,30,4,1000000,60,333320,333340,243,3,8.666,149.96,25.762,8.663,0.002,115392.492,10,0.9,0.9,2.035,491.4,16,5
3,3,31,4,1000000,60,333320,333340,243,3,8.666,149.96,25.762,8.663,0.002,115392.492,10,1.0,1.0,2.416,413.914,16,5
3,3,32,4,1000000,60,333320,333340,243,3,8.666,149.96,25.762,8.663,0.002,115392.492,10,0.8,0.8,2.46,406.559,16,5
3,3,33,4,1000000,60,333320,333340,243,3,8.666,149.96,25.762,8.663,0.002,115392.492,10,1.0,1.0,2.325,430.185,16,5
3,3,34,4,1000000,60,333320,333340,243,3,8.666,149.96,25.762,8.663,0.002,115392.492,10,1.0,1.0,2.312,432.472,16,5
3,3,35,4,1000000,60,333320,333340,243,3,8.666,149.96,25.762,8.663,0.002,115392.492,10,0.9,0.9,2.505,399.195,16,5
3,3,36,4,1000000,60,333320,333340,243,3,8.666,149.96,25.762,8.663,0.002,115392.492,10,1.0,1.0,2.289,436.912,16,5
3,3,37,4,1000000,60,333320,333340,243,3,8.666,149.96,25.762,8.663,0.002,115392.492,10,1.0,1.0,2.315,432.028,16,5
3,3,38,4,1000000,60,333320,333340,243,3,8.666,149.96,25.762,8.663,0.002,115392.492,10,0.9,0.9,2.512,398.142,16,5
3,3,39,4,1000000,60,333320,333340,243,3,8.666,149.96,25.762,8.663,0.002,115392.492,10,0.9,0.9,2.367,422.424,16,5
3,3,40,4,1000000,60,333320,333340,243,3,8.666,149.96,25.762,8.663,0.002,115392.492,10,0.9,0.9,2.477,403.707,16,5
3,3,41,4,1000000,60,333320,333340,243,3,8.666,149.96,25.762,8.663,0.002,115392.492,10,1.0,1.0,2.178,459.04,16,5
3,3,42,4,1000000,60,333320,333340,243,3,8.666,149.96,25.762,8.663,0.002,115392.492,10,0.9,0.9,2.422,412.804,16,5
3,3,43,4,1000000,60,333320,333340,243,3,8.666,149.96,25.762,8.663,0.002,115392.492,10,0.9,0.9,2.293,436.031,16,5
3,3,44,4,1000000,60,333320,333340,243,3,8.666,149.96,25.762,8.663,0.002,115392.492,10,0.8,0.8,2.414,414.286,16,5
3,3,45,4,1000000,60,333320,333340,243,3,8.666,149.96,25.762,8.663,0.002,115392.492,10,1.0,1.0,2.254,443.738,16,5
3,3,46,4,1000000,60,333320,333340,243,3,8.666,149.96,25.762,8.663,0.002,115392.492,10,1.0,1.0,2.294,436.007,16,5
3,3,47,4,1000000,60,333320,333340,243,3,8.666,149.96,25.762,8.663,0.002,115392.492,10,0.9,0.9,2.288,436.983,16,5
3,3,48,4,1000000,60,333320,333340,243,3,8.666,149.96,25.762,8.663,0.002,115392.492,10,0.6,0.6,2.311,432.651,16,5
3,3,49,4,1000000,60,333320,333340,243,3,8.666,149.96,25.762,8.663,0.002,115392.492,10,1.0,1.0,2.388,418.753,16,5
3,3,50,4,1000000,60,333320,333340,243,3,8.666,149.96,25.762,8.663,0.002,115392.492,10,1.0,1.0,2.343,426.811,16,5
3,3,51,4,1000000,60,333320,333340,243,3,8.666,149.96,25.762,8.663,0.002,115392.492,10,1.0,1.0,2.297,435.358,16,5
3,3,52,4,1000000,60,333320,333340,243,3,8.666,149.96,25.762,8.663,0.002,115392.492,10,0.7,0.7,2.216,451.289,16,5
3,3,53,4,1000000,60,333320,333340,243,3,8.666,149.96,25.762,8.663,0.002,115392.492,10,0.9,0.9,2.319,431.135,16,5
3,3,54,4,1000000,60,333320,333340,243,3,8.666,149.96,25.762,8.663,0.002,115392.492,10,0.7,0.7,2.42,413.188,16,5
3,3,55,4,1000000,60,333320,333340,243,3,8.666,149.96,25.762,8.663,0.002,115392.492,10,0.8,0.8,2.147,465.694,16,5
3,3,56,4,1000000,60,333320,333340,243,3,8.666,149.96,25.762,8.663,0.002,115392.492,10,1.0,1.0,2.421,412.988,16,5
3,3,57,4,1000000,60,333320,333340,243,3,8.666,149.96,25.762,8.663,0.002,115392.492,10,0.8,0.8,2.316,431.709,16,5
3,3,58,4,1000000,60,333320,333340,243,3,8.666,149.96,25.762,8.663,0.002,115392.492,10,1.0,1.0,2.498,400.307,16,5
3,3,59,4,1000000,60,333320,333340,243,3,8.666,149.96,25.762,8.663,0.002,115392.492,10,0.9,0.9,2.361,423.542,16,5
3,3,60,4,1000000,60,333320,333340,243,3,8.666,149.96,25.762,8.663,0.002,115392.492,10,1.0,1.0,2.116,472.543,16,5
3,3,61,4,1000000,60,333320,333340,243,3,8.666,149.96,25.762,8.663,0.002,115392.492,10,0.6,0.6,2.567,389.534,16,5
3,3,62,4,1000000,60,333320,333340,243,3,8.666,149.96,25.762,8.663,0.002,115392.492,10,0.8,0.8,2.428,411.918,16,5
3,3,63,4,1000000,60,333320,333340,243,3,8.666,149.96,25.762,8.663,0.002,115392.492,10,0.9,0.9,2.011,497.316,16,5
3,3,64,4,1000000,60,333320,333340,243,3,8.666,149.96,25.762,8.663,0.002,115392.492,10,0.8,0.8,2.286,437.445,16,5
3,3,65,4,1000000,60,333320,333340,243,3,8.666,149.96,25.762,8.663,0.002,115392.492,10,1.0,1.0,2.406,415.584,16,5
3,3,66,4,1000000,60,333320,333340,243,3,8.666,149.96,25.762,8.663,0.002,115392.492,10,1.0,1.0,2.312,432.58,16,5
3,3,67,4,1000000,60,333320,333340,243,3,8.666,149.96,25.762,8.663,0.002,115392.492,10,1.0,1.0,2.061,485.113,16,5
3,3,68,4,1000000,60,333320,333340,243,3,8.666,149.96,25.762,8.663,0.002,115392.492,10,0.9,0.9,2.399,416.906,16,5
3,3,69,4,1000000,60,333320,333340,243,3,8.666,149.96,25.762,8.663,0.002,115392.492,10,1.0,1.0,2.167,461.476,16,5
3,3,70,4,1000000,60,333320,333340,243,3,8.666,149.96,25.762,8.663,0.002,115392.492,10,0.6,0.6,2.337,427.945,16,5
3,3,71,4,1000000,60,333320,333340,243,3,8.666,149.96,25.762,8.663,0.002,115392.492,10,1.0,1.0,1.984,504.022,16,5
3,3,72,4,1000000,60,333320,333340,243,3,8.666,149.96,25.762,8.663,0.002,115392.492,10,0.9,0.9,2.384,419.397,16,5
3,3,73,4,1000000,60,333320,333340,243,3,8.666,149.96,25.762,8.663,0.002,115392.492,10,0.8,0.8,2.418,413.536,16,5
3,3,74,4,1000000,60,333320,333340,243,3,8.666,149.96,25.762,8.663,0.002,115392.492,10,1.0,1.0,2.493,401.163,16,5
3,3,75,4,1000000,60,333320,333340,243,3,8.666,149.96,25.762,8.663,0.002,115392.492,10,0.7,0.7,2.3,434.806,16,5
3,3,76,4,1000000,60,333320,333340,243,3,8.666,149.96,25.762,8.663,0.002,115392.492,10,1.0,1.0,2.328,429.53,16,5
3,3,77,4,1000000,60,333320,333340,243,3,8.666,149.96,25.762,8.663,0.002,115392.492,10,0.9,0.9,2.358,424.171,16,5
3,3,78,4,1000000,60,333320,333340,243,3,8.666,149.96,25.762,8.663,0.002,115392.492,10,1.0,1.0,2.273,440.028,16,5
3,3,79,4,1000000,60,333320,333340,243,3,8.666,149.96,25.762,8.663,0.002,115392.492,10,1.0,1.0,2.402,416.262,16,5
3,3,80,4,1000000,60,333320,333340,243,3,8.666,149.96,25.762,8.663,0.002,115392.492,10,1.0,1.0,2.39,418.461,16,5
3,3,81,4,1000000,60,333320,333340,243,3,8.666,149.96,25.762,8.663,0.002,115392.492,10,1.0,1.0,2.438,410.137,16,5
3,3,82,4,1000000,60,333320,333340,243,3,8.666,149.96,25.762,8.663,0.002,115392.492,10,0.8,0.8,2.267,441.079,16,5
3,3,83,4,1000000,60,333320,333340,243,3,8.666,149.96,25.762,8.663,0.002,115392.492,10,0.9,0.9,2.526,395.955,16,5
3,3,84,4,1000000,60,333320,333340,243,3,8.666,149.96,25.762,8.663,0.002,115392.492,10,1.0,1.0,2.405,415.829,16,5
3,3,85,4,1000000,60,333320,333340,243,3,8.666,149.96,25.762,8.663,0.002,115392.492,10,0.7,0.7,2.446,408.824,16,5
3,3,86,4,1000000,60,333320,333340,243,3,8.666,149.96,25.762,8.663,0.002,115392.492,10,1.0,1.0,2.211,452.19,16,5
3,3,87,4,1000000,60,333320,333340,243,3,8.666,149.96,25.762,8.663,0.002,115392.492,10,1.0,1.0,2.252,443.984,16,5
3,3,88,4,1000000,60,333320,333340,243,3,8.666,149.96,25.762,8.663,0.002,115392.492,10,1.0,1.0,2.307,433.393,16,5
3,3,89,4,1000000,60,333320,333340,243,3,8.666,149.96,25.762,8.663,0.002,115392.492,10,1.0,1.0,2.126,470.413,16,5
3,3,90,4,1000000,60,333320,333340,243,3,8.666,149.96,25.762,8.663,0.002,115392.492,10,1.0,1.0,2.305,433.926,16,5
3,3,91,4,1000000,60,333320,333340,243,3,8.666,149.96,25.762,8.663,0.002,115392.492,10,0.9,0.9,1.911,523.355,16,5
3,3,92,4,1000000,60,333320,333340,243,3,8.666,149.96,25.762,8.663,0.002,115392.492,10,1.0,1.0,2.395,417.522,16,5
3,3,93,4,1000000,60,333320,333340,243,3,8.666,149.96,25.762,8.663,0.002,115392.492,10,1.0,1.0,2.427,412.074,16,5
3,3,94,4,1000000,60,333320,333340,243,3,8.666,149.96,25.762,8.663,0.002,115392.492,10,0.8,0.8,2.343,426.743,16,5
3,3,95,4,1000000,60,333320,333340,243,3,8.666,149.96,25.762,8.663,0.002,115392.492,10,1.0,1.0,2.193,456.083,16,5
3,3,96,4,1000000,60,333320,333340,243,3,8.666,149.96,25.762,8.663,0.002,115392.492,10,0.9,0.9,2.397,417.166,16,5
3,3,97,4,1000000,60,333320,333340,243,3,8.666,149.96,25.762,8.663,0.002,115392.492,10,0.9,0.9,2.362,423.422,16,5
3,3,97,5,1000000,60,333320,333340,243,3,8.666,149.96,25.762,8.663,0.002,115392.492,10,0.9,0.9,2.371,421.719,16,5
3,3,98,5,1000000,60,333320,333340,243,3,8.666,149.96,25.762,8.663,0.002,115392.492,10,0.9,0.9,2.37,421.852,16,5
3,3,99,5,1000000,60,333320,333340,243,3,8.666,149.96,25.762,8.663,0.002,115392.492,10,1.0,1.0,2.422,412.854,16,5
3,3,100,5,1000000,60,333320,333340,243,3,8.666,149.96,25.762,8.663,0.002,115392.492,10,1.0,1.0,2.338,427.64,16,5
3,3,1,5,1000000,60,333320,333340,243,3,8.666,149.96,25.762,8.663,0.002,115392.492,10,1.0,1.0,2.406,415.685,16,5
3,3,2,5,1000000,60,333320,333340,243,3,8.666,149.96,25.762,8.663,0.002,115392.492,10,0.9,0.9,2.417,413.715,16,5
3,3,3,5,1000000,60,333320,333340,243,3,8.666,149.96,25.762,8.663,0.002,115392.492,10,0.8,0.8,2.381,419.918,16,5
3,3,4,5,1000000,60,333320,333340,243,3,8.666,149.96,25.762,8.663,0.002,115392.492,10,0.9,0.9,2.213,451.952,16,5
3,3,5,5,1000000,60,333320,333340,243,3,8.666,149.96,25.762,8.663,0.002,115392.492,10,0.9,0.9,2.452,407.789,16,5
3,3,6,5,1000000,60,333320,333340,243,3,8.666,149.96,25.762,8.663,0.002,115392.492,10,1.0,1.0,2.282,438.292,16,5
3,3,7,5,1000000,60,333320,333340,243,3,8.666,149.96,25.762,8.663,0.002,115392.492,10,0.8,0.8,2.452,407.858,16,5
3,3,8,5,1000000,60,333320,333340,243,3,8.666,149.96,25.762,8.663,0.002,115392.492,10,1.0,1.0,2.387,418.921,16,5
3,3,9,5,1000000,60,333320,333340,243,3,8.666,149.96,25.762,8.663,0.002,115392.492,10,0.9,0.9,2.385,419.199,16,5
3,3,10,5,1000000,60,333320,333340,243,3,8.666,149.96,25.762,8.663,0.002,115392.492,10,1.0,1.0,2.368,422.26,16,5
3,3,11,5,1000000,60,333320,333340,243,3,8.666,149.96,25.762,8.663,0.002,115392.492,10,0.9,0.9,2.404,416.031,16,5
3,3,12,5,1000000,60,333320,333340,243,3,8.666,149.96,25.762,8.663,0.002,115392.492,10,0.9,0.9,2.343,426.727,16,5
3,3,13,5,1000000,60,333320,333340,243,3,8.666,149.96,25.762,8.663,0.002,115392.492,10,0.7,0.7,2.319,431.205,16,5
3,3,14,5,1000000,60,333320,333340,243,3,8.666,149.96,25.762,8.663,0.002,115392.492,10,0.9,0.9,2.399,416.913,16,5
3,3,15,5,1000000,60,333320,333340,243,3,8.666,149.96,25.762,8.663,0.002,115392.492,10,0.8,0.8,2.327,429.653,16,5
3,3,16,5,1000000,60,333320,333340,243,3,8.666,149.96,25.762,8.663,0.002,115392.492,10,0.8,0.8,2.337,427.952,16,5
3,3,17,5,1000000,60,333320,333340,243,3,8.666,149.96,25.762,8.663,0.002,115392.492,10,0.8,0.8,2.337,427.983,16,5
3,3,18,5,1000000,60,333320,333340,243,3,8.666,149.96,25.762,8.663,0.002,115392.492,10,0.9,0.9,2.479,403.375,16,5
3,3,19,5,1000000,60,333320,333340,243,3,8.666,149.96,25.762,8.663,0.002,115392.492,10,0.7,0.7,2.355,424.666,16,5
3,3,20,5,1000000,60,333320,333340,243,3,8.666,149.96,25.762,8.663,0.002,115392.492,10,0.6,0.6,2.379,420.278,16,5
3,3,21,5,1000000,60,333320,333340,243,3,8.666,149.96,25.762,8.663,0.002,115392.492,10,1.0,1.0,2.274,439.73,16,5
3,3,22,5,1000000,60,333320,333340,243,3,8.666,149.96,25.762,8.663,0.002,115392.492,10,0.9,0.9,2.265,441.493,16,5
3,3,23,5,1000000,60,333320,333340,243,3,8.666,149.96,25.762,8.663,0.002,115392.492,10,1.0,1.0,2.29,436.713,16,5
3,3,24,5,1000000,60,333320,333340,243,3,8.666,149.96,25.762,8.663,0.002,115392.492,10,1.0,1.0,2.362,423.362,16,5
3,3,25,5,1000000,60,333320,333340,243,3,8.666,149.96,25.762,8.663,0.002,115392.492,10,0.9,0.9,2.396,417.297,16,5
3,3,26,5,1000000,60,333320,333340,243,3,8.666,149.96,25.762,8.663,0.002,115392.492,10,0.8,0.8,2.344,426.712,16,5
3,3,27,5,1000000,60,333320,333340,243,3,8.666,149.96,25.762,8.663,0.002,115392.492,10,0.9,0.9,2.247,445.112,16,5
3,3,28,5,1000000,60,333320,333340,243,3,8.666,149.96,25.762,8.663,0.002,115392.492,10,0.9,0.9,2.394,417.733,16,5
3,3,29,5,1000000,60,333320,333340,243,3,8.666,149.96,25.762,8.663,0.002,115392.492,10,1.0,1.0,2.389,418.644,16,5
3,3,30,5,1000000,60,333320,333340,243,3,8.666,149.96,25.762,8.663,0.002,115392.492,10,0.9,0.9,2.261,442.209,16,5
3,3,31,5,1000000,60,333320,333340,243,3,8.666,149.96,25.762,8.663,0.002,115392.492,10,1.0,1.0,2.375,421.06,16,5
3,3,32,5,1000000,60,333320,333340,243,3,8.666,149.96,25.762,8.663,0.002,115392.492,10,0.8,0.8,2.402,416.37,16,5
3,3,33,5,1000000,60,333320,333340,243,3,8.666,149.96,25.762,8.663,0.002,115392.492,10,1.0,1.0,2.491,401.452,16,5
3,3,34,5,1000000,60,333320,333340,243,3,8.666,149.96,25.762,8.663,0.002,115392.492,10,1.0,1.0,2.323,430.462,16,5
3,3,35,5,1000000,60,333320,333340,243,3,8.666,149.96,25.762,8.663,0.002,115392.492,10,0.9,0.9,2.482,402.874,16,5
3,3,36,5,1000000,60,333320,333340,243,3,8.666,149.96,25.762,8.663,0.002,115392.492,10,1.0,1.0,2.297,435.264,16,5
3,3,37,5,1000000,60,333320,333340,243,3,8.666,149.96,25.762,8.663,0.002,115392.492,10,1.0,1.0,2.355,424.621,16,5
3,3,38,5,1000000,60,333320,333340,243,3,8.666,149.96,25.762,8.663,0.002,115392.492,10,0.9,0.9,2.454,407.512,16,5
3,3,39,5,1000000,60,333320,333340,243,3,8.666,149.96,25.762,8.663,0.002,115392.492,10,0.9,0.9,2.255,443.434,16,5
3,3,40,5,1000000,60,333320,333340,243,3,8.666,149.96,25.762,8.663,0.002,115392.492,10,0.9,0.9,2.371,421.711,16,5
3,3,41,5,1000000,60,333320,333340,243,3,8.666,149.96,25.762,8.663,0.002,115392.492,10,1.0,1.0,2.371,421.696,16,5
3,3,42,5,1000000,60,333320,333340,243,3,8.666,149.96,25.762,8.663,0.002,115392.492,10,0.9,0.9,2.461,406.298,16,5
3,3,43,5,1000000,60,333320,333340,243,3,8.666,149.96,25.762,8.663,0.002,115392.492,10,0.9,0.9,2.261,442.307,16,5
3,3,44,5,1000000,60,333320,333340,243,3,8.666,149.96,25.762,8.663,0.002,115392.492,10,0.8,0.8,2.377,420.669,16,5
3,3,45,5,1000000,60,333320,333340,243,3,8.666,149.96,25.762,8.663,0.002,115392.492,10,1.0,1.0,2.253,443.918,16,5
3,3,46,5,1000000,60,333320,333340,243,3,8.666,149.96,25.762,8.663,0.002,115392.492,10,1.0,1.0,2.193,455.927,16,5
3,3,47,5,1000000,60,333320,333340,243,3,8.666,149.96,25.762,8.663,0.002,115392.492,10,0.9,0.9,2.466,405.515,16,5
3,3,48,5,1000000,60,333320,333340,243,3,8.666,149.96,25.762,8.663,0.002,115392.492,10,0.6,0.6,2.318,431.453,16,5
3,3,49,5,1000000,60,333320,333340,243,3,8.666,149.96,25.762,8.663,0.002,115392.492,10,1.0,1.0,2.182,458.33,16,5
3,3,50,5,1000000,60,333320,333340,243,3,8.666,149.96,25.762,8.663,0.002,115392.492,10,1.0,1.0,2.353,425.027,16,5
3,3,51,5,1000000,60,333320,333340,243,3,8.666,149.96,25.762,8.663,0.002,115392.492,10,1.0,1.0,2.504,399.387,16,5
3,3,52,5,1000000,60,333320,333340,243,3,8.666,149.96,25.762,8.663,0.002,115392.492,10,0.7,0.7,2.198,454.951,16,5
3,3,53,5,1000000,60,333320,333340,243,3,8.666,149.96,25.762,8.663,0.002,115392.492,10,0.9,0.9,2.312,432.549,16,5
3,3,54,5,1000000,60,333320,333340,243,3,8.666,149.96,25.762,8.663,0.002,115392.492,10,0.7,0.7,2.493,401.17,16,5
3,3,55,5,1000000,60,333320,333340,243,3,8.666,149.96,25.762,8.663,0.002,115392.492,10,0.8,0.8,2.119,471.958,16,5
3,3,56,5,1000000,60,333320,333340,243,3,8.666,149.96,25.762,8.663,0.002,115392.492,10,1.0,1.0,2.132,469.025,16,5
3,3,57,5,1000000,60,333320,333340,243,3,8.666,149.96,25.762,8.663,0.002,115392.492,10,0.8,0.8,2.411,414.751,16,5
3,3,58,5,1000000,60,333320,333340,243,3,8.666,149.96,25.762,8.663,0.002,115392.492,10,1.0,1.0,2.446,408.852,16,5
3,3,59,5,1000000,60,333320,333340,243,3,8.666,149.96,25.762,8.663,0.002,115392.492,10,0.9,0.9,2.346,426.303,16,5
3,3,60,5,1000000,60,333320,333340,243,3,8.666,149.96,25.762,8.663,0.002,115392.492,10,1.0,1.0,2.167,461.476,16,5
3,3,61,5,1000000,60,333320,333340,243,3,8.666,149.96,25.762,8.663,0.002,115392.492,10,0.6,0.6,2.597,385.115,16,5
3,3,62,5,1000000,60,333320,333340,243,3,8.666,149.96,25.762,8.663,0.002,115392.492,10,0.8,0.8,2.518,397.068,16,5
3,3,63,5,1000000,60,333320,333340,243,3,8.666,149.96,25.762,8.663,0.002,115392.492,10,0.9,0.9,2.069,483.335,16,5
3,3,64,5,1000000,60,333320,333340,243,3,8.666,149.96,25.762,8.663,0.002,115392.492,10,0.8,0.8,2.319,431.29,16,5
3,3,65,5,1000000,60,333320,333340,243,3,8.666,149.96,25.762,8.663,0.002,115392.492,10,1.0,1.0,2.348,425.909,16,5
3,3,66,5,1000000,60,333320,333340,243,3,8.666,149.96,25.762,8.663,0.002,115392.492,10,1.0,1.0,2.433,411.008,16,5
3,3,67,5,1000000,60,333320,333340,243,3,8.666,149.96,25.762,8.663,0.002,115392.492,10,1.0,1.0,2.223,449.834,16,5
3,3,68,5,1000000,60,333320,333340,243,3,8.666,149.96,25.762,8.663,0.002,115392.492,10,0.9,0.9,2.316,431.694,16,5
3,3,69,5,1000000,60,333320,333340,243,3,8.666,149.96,25.762,8.663,0.002,115392.492,10,1.0,1.0,2.174,459.929,16,5
3,3,70,5,1000000,60,333320,333340,243,3,8.666,149.96,25.762,8.663,0.002,115392.492,10,0.6,0.6,2.415,414.107,16,5
3,3,71,5,1000000,60,333320,333340,243,3,8.666,149.96,25.762,8.663,0.002,115392.492,10,1.0,1.0,2.103,475.586,16,5
3,3,72,5,1000000,60,333320,333340,243,3,8.666,149.96,25.762,8.663,0.002,115392.492,10,0.9,0.9,2.364,423.094,16,5
3,3,73,5,1000000,60,333320,333340,243,3,8.666,149.96,25.762,8.663,0.002,115392.492,10,0.8,0.8,2.236,447.202,16,5
3,3,74,5,1000000,60,333320,333340,243,3,8.666,149.96,25.762,8.663,0.002,115392.492,10,1.0,1.0,2.549,392.304,16,5
3,3,75,5,1000000,60,333320,333340,243,3,8.666,149.96,25.762,8.663,0.002,115392.492,10,0.7,0.7,2.33,429.131,16,5
3,3,76,5,1000000,60,333320,333340,243,3,8.666,149.96,25.762,8.663,0.002,115392.492,10,1.0,1.0,2.269,440.682,16,5
3,3,77,5,1000000,60,333320,333340,243,3,8.666,149.96,25.762,8.663,0.002,115392.492,10,0.9,0.9,2.309,433.025,16,5
3,3,78,5,1000000,60,333320,333340,243,3,8.666,149.96,25.762,8.663,0.002,115392.492,10,1.0,1.0,2.194,455.711,16,5
3,3,79,5,1000000,60,333320,333340,243,3,8.666,149.96,25.762,8.663,0.002,115392.492,10,1.0,1.0,2.39,418.447,16,5
3,3,80,5,1000000,60,333320,333340,243,3,8.666,149.96,25.762,8.663,0.002,115392.492,10,1.0,1.0,2.316,431.849,16,5
3,3,81,5,1000000,60,333320,333340,243,3,8.666,149.96,25.762,8.663,0.002,115392.492,10,1.0,1.0,2.423,412.783,16,5
3,3,82,5,1000000,60,333320,333340,243,3,8.666,149.96,25.762,8.663,0.002,115392.492,10,0.8,0.8,2.438,410.137,16,5
3,3,83,5,1000000,60,333320,333340,243,3,8.666,149.96,25.762,8.663,0.002,115392.492,10,0.9,0.9,2.514,397.7,16,5
3,3,84,5,1000000,60,333320,333340,243,3,8.666,149.96,25.762,8.663,0.002,115392.492,10,1.0,1.0,2.674,373.972,16,5
3,3,85,5,1000000,60,333320,333340,243,3,8.666,149.96,25.762,8.663,0.002,115392.492,10,0.7,0.7,2.48,403.294,16,5
3,3,86,5,1000000,60,333320,333340,243,3,8.666,149.96,25.762,8.663,0.002,115392.492,10,1.0,1.0,2.239,446.628,16,5
3,3,87,5,1000000,60,333320,333340,243,3,8.666,149.96,25.762,8.663,0.002,115392.492,10,1.0,1.0,2.38,420.131,16,5
3,3,88,5,1000000,60,333320,333340,243,3,8.666,149.96,25.762,8.663,0.002,115392.492,10,1.0,1.0,2.345,426.47,16,5
3,3,89,5,1000000,60,333320,333340,243,3,8.666,149.96,25.762,8.663,0.002,115392.492,10,1.0,1.0,2.055,486.529,16,5
3,3,90,5,1000000,60,333320,333340,243,3,8.666,149.96,25.762,8.663,0.002,115392.492,10,1.0,1.0,2.374,421.208,16,5
3,3,91,5,1000000,60,333320,333340,243,3,8.666,149.96,25.762,8.663,0.002,115392.492,10,0.9,0.9,1.844,542.189,16,5
3,3,92,5,1000000,60,333320,333340,243,3,8.666,149.96,25.762,8.663,0.002,115392.492,10,1.0,1.0,2.272,440.173,16,5
3,3,93,5,1000000,60,333320,333340,243,3,8.666,149.96,25.762,8.663,0.002,115392.492,10,1.0,1.0,2.419,413.358,16,5
3,3,94,5,1000000,60,333320,333340,243,3,8.666,149.96,25.762,8.663,0.002,115392.492,10,0.8,0.8,2.36,423.647,16,5
3,3,95,5,1000000,60,333320,333340,243,3,8.666,149.96,25.762,8.663,0.002,115392.492,10,1.0,1.0,2.18,458.689,16,5
3,3,96,5,1000000,60,333320,333340,243,3,8.666,149.96,25.762,8.663,0.002,115392.492,10,0.9,0.9,2.179,458.83,16,5
4,4,1,1,1000000,60,249985,250005,244,4,11.895,206.602,46.907,11.893,0.001,84067.645,10,0.9,0.9,2.343,426.788,16,5
4,4,2,1,1000000,60,249985,250005,244,4,11.895,206.602,46.907,11.893,0.001,84067.645,10,0.8,0.8,2.259,442.731,16,5
4,4,3,1,1000000,60,249985,250005,244,4,11.895,206.602,46.907,11.893,0.001,84067.645,10,0.9,0.9,2.098,476.72,16,5
4,4,4,1,1000000,60,249985,250005,244,4,11.895,206.602,46.907,11.893,0.001,84067.645,10,0.8,0.8,2.139,467.444,16,5
4,4,5,1,1000000,60,249985,250005,244,4,11.895,206.602,46.907,11.893,0.001,84067.645,10,1.0,1.0,2.128,469.87,16,5
4,4,6,1,1000000,60,249985,250005,244,4,11.895,206.602,46.907,11.893,0.001,84067.645,10,0.8,0.8,2.304,434.059,16,5
4,4,7,1,1000000,60,249985,250005,244,4,11.895,206.602,46.907,11.893,0.001,84067.645,10,0.6,0.6,2.154,464.324,16,5
4,4,8,1,1000000,60,249985,250005,244,4,11.895,206.602,46.907,11.893,0.001,84067.645,10,1.0,1.0,2.288,437.047,16,5
4,4,9,1,1000000,60,249985,250005,244,4,11.895,206.602,46.907,11.893,0.001,84067.645,10,0.8,0.8,2.029,492.763,16,5
4,4,10,1,1000000,60,249985,250005,244,4,11.895,206.602,46.907,11.893,0.001,84067.645,10,1.0,1.0,2.154,464.271,16,5
4,4,11,1,1000000,60,249985,250005,244,4,11.895,206.602,46.907,11.893,0.001,84067.645,10,0.9,0.9,2.19,456.69,16,5
4,4,12,1,1000000,60,249985,250005,244,4,11.895,206.602,46.907,11.893,0.001,84067.645,10,1.0,1.0,2.313,432.253,16,5
4,4,13,1,1000000,60,249985,250005,244,4,11.895,206.602,46.907,11.893,0.001,84067.645,10,0.9,0.9,2.144,466.427,16,5
4,4,14,1,1000000,60,249985,250005,244,4,11.895,206.602,46.907,11.893,0.001,84067.645,10,0.6,0.6,2.367,422.513,16,5
4,4,15,1,1000000,60,249985,250005,244,4,11.895,206.602,46.907,11.893,0.001,84067.645,10,1.0,1.0,2.734,365.759,16,5
4,4,16,1,1000000,60,249985,250005,244,4,11.895,206.602,46.907,11.893,0.001,84067.645,10,0.9,0.9,2.301,434.641,16,5
4,4,17,1,1000000,60,249985,250005,244,4,11.895,206.602,46.907,11.893,0.001,84067.645,10,0.9,0.9,2.246,445.294,16,5
4,4,18,1,1000000,60,249985,250005,244,4,11.895,206.602,46.907,11.893,0.001,84067.645,10,0.9,0.9,2.191,456.482,16,5
4,4,19,1,1000000,60,249985,250005,244,4,11.895,206.602,46.907,11.893,0.001,84067.645,10,0.7,0.7,2.205,453.506,16,5
4,4,20,1,1000000,60,249985,250005,244,4,11.895,206.602,46.907,11.893,0.001,84067.645,10,0.8,0.8,2.328,429.592,16,5
4,4,21,1,1000000,60,249985,250005,244,4,11.895,206.602,46.907,11.893,0.001,84067.645,10,1.0,1.0,2.132,469.117,16,5
4,4,22,1,1000000,60,249985,250005,244,4,11.895,206.602,46.907,11.893,0.001,84067.645,10,0.9,0.9,2.22,450.518,16,5
4,4,23,1,1000000,60,249985,250005,244,4,11.895,206.602,46.907,11.893,0.001,84067.645,10,1.0,1.0,2.173,460.167,16,5
4,4,24,1,1000000,60,249985,250005,244,4,11.895,206.602,46.907,11.893,0.001,84067.645,10,0.9,0.9,2.172,460.458,16,5
4,4,25,1,1000000,60,249985,250005,244,4,11.895,206.602,46.907,11.893,0.001,84067.645,10,1.0,1.0,2.18,458.672,16,5
4,4,26,1,1000000,60,249985,250005,244,4,11.895,206.602,46.907,11.893,0.001,84067.645,10,1.0,1.0,2.313,432.362,16,5
4,4,27,1,1000000,60,249985,250005,244,4,11.895,206.602,46.907,11.893,0.001,84067.645,10,1.0,1.0,2.035,491.451,16,5
4,4,28,1,1000000,60,249985,250005,244,4,11.895,206.602,46.907,11.893,0.001,84067.645,10,0.9,0.9,2.15,465.197,16,5
4,4,29,1,1000000,60,249985,250005,244,4,11.895,206.602,46.907,11.893,0.001,84067.645,10,0.9,0.9,2.132,468.933,16,5
4,4,30,1,1000000,60,249985,250005,244,4,11.895,206.602,46.907,11.893,0.001,84067.645,10,0.9,0.9,2.106,474.909,16,5
4,4,31,1,1000000,60,249985,250005,244,4,11.895,206.602,46.907,11.893,0.001,84067.645,10,0.9,0.9,2.324,430.354,16,5
4,4,32,1,1000000,60,249985,250005,244,4,11.895,206.602,46.907,11.893,0.001,84067.645,10,0.9,0.9,2.167,461.538,16,5
4,4,33,1,1000000,60,249985,250005,244,4,11.895,206.602,46.907,11.893,0.001,84067.645,10,0.9,0.9,2.212,452.037,16,5
4,4,34,1,1000000,60,249985,250005,244,4,11.895,206.602,46.907,11.893,0.001,84067.645,10,1.0,1.0,2.202,454.081,16,5
4,4,35,1,1000000,60,249985,250005,244,4,11.895,206.602,46.907,11.893,0.001,84067.645,10,0.9,0.9,2.332,428.878,16,5
4,4,36,1,1000000,60,249985,250005,244,4,11.895,206.602,46.907,11.893,0.001,84067.645,10,1.0,1.0,2.243,445.923,16,5
4,4,37,1,1000000,60,249985,250005,244,4,11.895,206.602,46.907,11.893,0.001,84067.645,10,0.9,0.9,2.302,434.334,16,5
4,4,38,1,1000000,60,249985,250005,244,4,11.895,206.602,46.907,11.893,0.001,84067.645,10,1.0,1.0,2.259,442.772,16,5
4,4,39,1,1000000,60,249985,250005,244,4,11.895,206.602,46.907,11.893,0.001,84067.645,10,0.9,0.9,2.112,473.382,16,5
4,4,40,1,1000000,60,249985,250005,244,4,11.895,206.602,46.907,11.893,0.001,84067.645,10,1.0,1.0,2.182,458.286,16,5
4,4,41,1,1000000,60,249985,250005,244,4,11.895,206.602,46.907,11.893,0.001,84067.645,10,1.0,1.0,2.194,455.728,16,5
4,4,42,1,1000000,60,249985,250005,244,4,11.895,206.602,46.907,11.893,0.001,84067.645,10,0.8,0.8,2.194,455.806,16,5
4,4,43,1,1000000,60,249985,250005,244,4,11.895,206.602,46.907,11.893,0.001,84067.645,10,1.0,1.0,2.114,473.13,16,5
4,4,44,1,1000000,60,249985,250005,244,4,11.895,206.602,46.907,11.893,0.001,84067.645,10,0.8,0.8,2.096,476.995,16,5
4,4,45,1,1000000,60,249985,250005,244,4,11.895,206.602,46.907,11.893,0.001,84067.645,10,0.9,0.9,2.193,456.005,16,5
4,4,46,1,1000000,60,249985,250005,244,4,11.895,206.602,46.907,11.893,0.001,84067.645,10,1.0,1.0,2.116,472.488,16,5
4,4,47,1,1000000,60,249985,250005,244,4,11.895,206.602,46.907,11.893,0.001,84067.645,10,1.0,1.0,2.348,425.879,16,5
4,4,48,1,1000000,60,249985,250005,244,4,11.895,206.602,46.907,11.893,0.001,84067.645,10,0.7,0.7,2.214,451.688,16,5
4,4,49,1,1000000,60,249985,250005,244,4,11.895,206.602,46.907,11.893,0.001,84067.645,10,1.0,1.0,2.086,479.501,16,5
4,4,50,1,1000000,60,249985,250005,244,4,11.895,206.602,46.907,11.893,0.001,84067.645,10,1.0,1.0,2.108,474.327,16,5
4,4,51,1,1000000,60,249985,250005,244,4,11.895,206.602,46.907,11.893,0.001,84067.645,10,1.0,1.0,2.149,465.279,16,5
4,4,52,1,1000000,60,249985,250005,244,4,11.895,206.602,46.907,11.893,0.001,84067.645,10,0.9,0.9,2.172,460.476,16,5
4,4,53,1,1000000,60,249985,250005,244,4,11.895,206.602,46.907,11.893,0.001,84067.645,10,1.0,1.0,2.045,488.938,16,5
4,4,54,1,1000000,60,249985,250005,244,4,11.895,206.602,46.907,11.893,0.001,84067.645,10,0.6,0.6,2.117,472.264,16,5
4,4,55,1,1000000,60,249985,250005,244,4,11.895,206.602,46.907,11.893,0.001,84067.645,10,0.8,0.8,2.076,481.58,16,5
4,4,56,1,1000000,60,249985,250005,244,4,11.895,206.602,46.907,11.893,0.001,84067.645,10,1.0,1.0,2.073,482.48,16,5
4,4,57,1,1000000,60,249985,250005,244,4,11.895,206.602,46.907,11.893,0.001,84067.645,10,0.9,0.9,2.267,441.071,16,5
4,4,58,1,1000000,60,249985,250005,244,4,11.895,206.602,46.907,11.893,0.001,84067.645,10,1.0,1.0,2.319,431.236,16,5
4,4,59,1,1000000,60,249985,250005,244,4,11.895,206.602,46.907,11.893,0.001,84067.645,10,0.8,0.8,2.158,463.365,16,5
4,4,60,1,1000000,60,249985,250005,244,4,11.895,206.602,46.907,11.893,0.001,84067.645,10,1.0,1.0,2.004,499.085,16,5
4,4,61,1,1000000,60,249985,250005,244,4,11.895,206.602,46.907,11.893,0.001,84067.645,10,0.8,0.8,2.125,470.607,16,5
4,4,62,1,1000000,60,249985,250005,244,4,11.895,206.602,46.907,11.893,0.001,84067.645,10,1.0,1.0,1.997,500.678,16,5
4,4,63,1,1000000,60,249985,250005,244,4,11.895,206.602,46.907,11.893,0.001,84067.645,10,1.0,1.0,1.966,508.582,16,5
4,4,64,1,1000000,60,249985,250005,244,4,11.895,206.602,46.907,11.893,0.001,84067.645,10,0.9,0.9,2.047,488.49,16,5
4,4,65,1,1000000,60,249985,250005,244,4,11.895,206.602,46.907,11.893,0.001,84067.645,10,1.0,1.0,2.115,472.757,16,5
4,4,66,1,1000000,60,249985,250005,244,4,11.895,206.602,46.907,11.893,0.001,84067.645,10,1.0,1.0,2.172,460.405,16,5
4,4,67,1,1000000,60,249985,250005,244,4,11.895,206.602,46.907,11.893,0.001,84067.645,10,0.9,0.9,2.018,495.632,16,5
4,4,68,1,1000000,60,249985,250005,244,4,11.895,206.602,46.907,11.893,0.001,84067.645,10,1.0,1.0,2.091,478.192,16,5
4,4,69,1,1000000,60,249985,250005,244,4,11.895,206.602,46.907,11.893,0.001,84067.645,10,1.0,1.0,2.03,492.672,16,5
4,4,70,1,1000000,60,249985,250005,244,4,11.895,206.602,46.907,11.893,0.001,84067.645,10,0.9,0.9,2.226,449.278,16,5
4,4,71,1,1000000,60,249985,250005,244,4,11.895,206.602,46.907,11.893,0.001,84067.645,10,1.0,1.0,1.92,520.901,16,5
4,4,72,1,1000000,60,249985,250005,244,4,11.895,206.602,46.907,11.893,0.001,84067.645,10,0.8,0.8,1.979,505.263,16,5
4,4,73,1,1000000,60,249985,250005,244,4,11.895,206.602,46.907,11.893,0.001,84067.645,10,0.9,0.9,2.164,462.045,16,5
4,4,74,1,1000000,60,249985,250005,244,4,11.895,206.602,46.907,11.893,0.001,84067.645,10,1.0,1.0,2.157,463.562,16,5
4,4,75,1,1000000,60,249985,250005,244,4,11.895,206.602,46.907,11.893,0.001,84067.645,10,0.7,0.7,2.136,468.146,16,5
4,4,76,1,1000000,60,249985,250005,244,4,11.895,206.602,46.907,11.893,0.001,84067.645,10,0.8,0.8,2.27,440.456,16,5
4,4,77,1,1000000,60,249985,250005,244,4,11.895,206.602,46.907,11.893,0.001,84067.645,10,0.7,0.7,2.312,432.534,16,5
4,4,78,1,1000000,60,249985,250005,244,4,11.895,206.602,46.907,11.893,0.001,84067.645,10,1.0,1.0,2.138,467.627,16,5
4,4,79,1,1000000,60,249985,250005,244,4,11.895,206.602,46.907,11.893,0.001,84067.645,10,1.0,1.0,2.11,474.018,16,5
4,4,80,1,1000000,60,249985,250005,244,4,11.895,206.602,46.907,11.893,0.001,84067.645,10,1.0,1.0,2.088,478.879,16,5
4,4,81,1,1000000,60,249985,250005,244,4,11.895,206.602,46.907,11.893,0.001,84067.645,10,1.0,1.0,2.201,454.348,16,5
4,4,82,1,1000000,60,249985,250005,244,4,11.895,206.602,46.907,11.893,0.001,84067.645,10,0.9,0.9,2.13,469.428,16,5
4,4,83,1,1000000,60,249985,250005,244,4,11.895,206.602,46.907,11.893,0.001,84067.645,10,0.5,0.5,2.187,457.23,16,5
4,4,84,1,1000000,60,249985,250005,244,4,11.895,206.602,46.907,11.893,0.001,84067.645,10,1.0,1.0,2.195,455.65,16,5
4,4,85,1,1000000,60,249985,250005,244,4,11.895,206.602,46.907,11.893,0.001,84067.645,10,0.8,0.8,2.297,435.256,16,5
4,4,86,1,1000000,60,249985,250005,244,4,11.895,206.602,46.907,11.893,0.001,84067.645,10,1.0,1.0,1.94,515.574,16,5
4,4,87,1,1000000,60,249985,250005,244,4,11.895,206.602,46.907,11.893,0.001,84067.645,10,0.9,0.9,2.21,452.582,16,5
4,4,88,1,1000000,60,249985,250005,244,4,11.895,206.602,46.907,11.893,0.001,84067.645,10,1.0,1.0,2.147,465.848,16,5
4,4,89,1,1000000,60,249985,250005,244,4,11.895,206.602,46.907,11.893,0.001,84067.645,10,1.0,1.0,2.025,493.868,16,5
4,4,90,1,1000000,60,249985,250005,244,4,11.895,206.602,46.907,11.893,0.001,84067.645,10,1.0,1.0,2.209,452.676,16,5
4,4,91,1,1000000,60,249985,250005,244,4,11.895,206.602,46.907,11.893,0.001,84067.645,10,0.8,0.8,1.892,528.635,16,5
4,4,92,1,1000000,60,249985,250005,244,4,11.895,206.602,46.907,11.893,0.001,84067.645,10,1.0,1.0,2.128,469.943,16,5
4,4,93,1,1000000,60,249985,250005,244,4,11.895,206.602,46.907,11.893,0.001,84067.645,10,0.8,0.8,2.159,463.285,16,5
4,4,94,1,1000000,60,249985,250005,244,4,11.895,206.602,46.907,11.893,0.001,84067.645,10,0.7,0.7,2.119,471.874,16,5
4,4,95,1,1000000,60,249985,250005,244,4,11.895,206.602,46.907,11.893,0.001,84067.645,10,1.0,1.0,1.962,509.803,16,5
4,4,96,1,1000000,60,249985,250005,244,4,11.895,206.602,46.907,11.893,0.001,84067.645,10,0.9,0.9,2.312,432.549,16,5
4,4,97,1,1000000,60,249985,250005,244,4,11.895,206.602,46.907,11.893,0.001,84067.645,10,1.0,1.0,2.198,454.89,16,5
4,4,98,1,1000000,60,249985,250005,244,4,11.895,206.602,46.907,11.893,0.001,84067.645,10,1.0,1.0,2.246,445.153,16,5
4,4,99,1,1000000,60,249985,250005,244,4,11.895,206.602,46.907,11.893,0.001,84067.645,10,0.8,0.8,1.987,503.366,16,5
4,4,100,1,1000000,60,249985,250005,244,4,11.895,206.602,46.907,11.893,0.001,84067.645,10,0.9,0.9,2.175,459.849,16,5
4,4,100,2,1000000,60,249985,250005,244,4,11.895,206.602,46.907,11.893,0.001,84067.645,10,0.9,0.9,2.191,456.378,16,5
4,4,1,2,1000000,60,249985,250005,244,4,11.895,206.602,46.907,11.893,0.001,84067.645,10,0.9,0.9,2.273,440.02,16,5
4,4,2,2,1000000,60,249985,250005,244,4,11.895,206.602,46.907,11.893,0.001,84067.645,10,0.8,0.8,2.472,404.483,16,5
4,4,3,2,1000000,60,249985,250005,244,4,11.895,206.602,46.907,11.893,0.001,84067.645,10,0.9,0.9,2.255,443.418,16,5
4,4,4,2,1000000,60,249985,250005,244,4,11.895,206.602,46.907,11.893,0.001,84067.645,10,0.8,0.8,2.094,477.517,16,5
4,4,5,2,1000000,60,249985,250005,244,4,11.895,206.602,46.907,11.893,0.001,84067.645,10,1.0,1.0,2.211,452.258,16,5
4,4,6,2,1000000,60,249985,250005,244,4,11.895,206.602,46.907,11.893,0.001,84067.645,10,0.8,0.8,2.442,409.563,16,5
4,4,7,2,1000000,60,249985,250005,244,4,11.895,206.602,46.907,11.893,0.001,84067.645,10,0.6,0.6,2.2,454.476,16,5
4,4,8,2,1000000,60,249985,250005,244,4,11.895,206.602,46.907,11.893,0.001,84067.645,10,1.0,1.0,2.276,439.432,16,5
4,4,9,2,1000000,60,249985,250005,244,4,11.895,206.602,46.907,11.893,0.001,84067.645,10,0.8,0.8,2.032,492.227,16,5
4,4,10,2,1000000,60,249985,250005,244,4,11.895,206.602,46.907,11.893,0.001,84067.645,10,1.0,1.0,2.098,476.711,16,5
4,4,11,2,1000000,60,249985,250005,244,4,11.895,206.602,46.907,11.893,0.001,84067.645,10,0.9,0.9,2.249,444.7,16,5
4,4,12,2,1000000,60,249985,250005,244,4,11.895,206.602,46.907,11.893,0.001,84067.645,10,1.0,1.0,2.127,470.127,16,5
4,4,13,2,1000000,60,249985,250005,244,4,11.895,206.602,46.907,11.893,0.001,84067.645,10,0.9,0.9,2.145,466.128,16,5
4,4,14,2,1000000,60,249985,250005,244,4,11.895,206.602,46.907,11.893,0.001,84067.645,10,0.6,0.6,2.275,439.569,16,5
4,4,15,2,1000000,60,249985,250005,244,4,11.895,206.602,46.907,11.893,0.001,84067.645,10,1.0,1.0,2.032,492.015,16,5
4,4,16,2,1000000,60,249985,250005,244,4,11.895,206.602,46.907,11.893,0.001,84067.645,10,0.9,0.9,2.086,479.358,16,5
4,4,17,2,1000000,60,249985,250005,244,4,11.895,206.602,46.907,11.893,0.001,84067.645,10,0.9,0.9,2.256,443.181,16,5
4,4,18,2,1000000,60,249985,250005,244,4,11.895,206.602,46.907,11.893,0.001,84067.645,10,0.9,0.9,2.198,454.925,16,5
4,4,19,2,1000000,60,249985,250005,244,4,11.895,206.602,46.907,11.893,0.001,84067.645,10,0.7,0.7,2.176,459.532,16,5
4,4,20,2,1000000,60,249985,250005,244,4,11.895,206.602,46.907,11.893,0.001,84067.645,10,0.8,0.8,2.351,425.404,16,5
4,4,21,2,1000000,60,249985,250005,244,4,11.895,206.602,46.907,11.893,0.001,84067.645,10,1.0,1.0,2.15,465.179,16,5
4,4,22,2,1000000,60,249985,250005,244,4,11.895,206.602,46.907,11.893,0.001,84067.645,10,0.9,0.9,2.153,464.459,16,5
4,4,23,2,1000000,60,249985,250005,244,4,11.895,206.602,46.907,11.893,0.001,84067.645,10,1.0,1.0,2.048,488.172,16,5
4,4,24,2,1000000,60,249985,250005,244,4,11.895,206.602,46.907,11.893,0.001,84067.645,10,0.9,0.9,2.135,468.329,16,5
4,4,25,2,1000000,60,249985,250005,244,4,11.895,206.602,46.907,11.893,0.001,84067.645,10,1.0,1.0,2.082,480.298,16,5
4,4,26,2,1000000,60,249985,250005,244,4,11.895,206.602,46.907,11.893,0.001,84067.645,10,1.0,1.0,2.156,463.831,16,5
4,4,27,2,1000000,60,249985,250005,244,4,11.895,206.602,46.907,11.893,0.001,84067.645,10,1.0,1.0,2.02,495.09,16,5
4,4,28,2,1000000,60,249985,250005,244,4,11.895,206.602,46.907,11.893,0.001,84067.645,10,0.9,0.9,2.065,484.33,16,5
4,4,29,2,1000000,60,249985,250005,244,4,11.895,206.602,46.907,11.893,0.001,84067.645,10,0.9,0.9,2.144,466.49,16,5
4,4,30,2,1000000,60,249985,250005,244,4,11.895,206.602,46.907,11.893,0.001,84067.645,10,0.9,0.9,2.013,496.874,16,5
4,4,31,2,1000000,60,249985,250005,244,4,11.895,206.602,46.907,11.893,0.001,84067.645,10,0.9,0.9,2.186,457.396,16,5
4,4,32,2,1000000,60,249985,250005,244,4,11.895,206.602,46.907,11.893,0.001,84067.645,10,0.9,0.9,2.018,495.417,16,5
4,4,33,2,1000000,60,249985,250005,244,4,11.895,206.602,46.907,11.893,0.001,84067.645,10,0.9,0.9,2.284,437.749,16,5
4,4,34,2,1000000,60,249985,250005,244,4,11.895,206.602,46.907,11.893,0.001,84067.645,10,1.0,1.0,2.167,461.529,16,5
4,4,35,2,1000000,60,249985,250005,244,4,11.895,206.602,46.907,11.893,0.001,84067.645,10,0.9,0.9,2.223,449.809,16,5
4,4,36,2,1000000,60,249985,250005,244,4,11.895,206.602,46.907,11.893,0.001,84067.645,10,1.0,1.0,2.192,456.282,16,5
4,4,37,2,1000000,60,249985,250005,244,4,11.895,206.602,46.907,11.893,0.001,84067.645,10,0.9,0.9,2.201,454.262,16,5
4,4,38,2,1000000,60,249985,250005,244,4,11.895,206.602,46.907,11.893,0.001,84067.645,10,1.0,1.0,2.287,437.23,16,5
4,4,39,2,1000000,60,249985,250005,244,4,11.895,206.602,46.907,11.893,0.001,84067.645,10,0.9,0.9,2.036,491.069,16,5
4,4,40,2,1000000,60,249985,250005,244,4,11.895,206.602,46.907,11.893,0.001,84067.645,10,1.0,1.0,2.19,456.543,16,5
4,4,41,2,1000000,60,249985,250005,244,4,11.895,206.602,46.907,11.893,0.001,84067.645,10,1.0,1.0,2.139,467.481,16,5
4,4,42,2,1000000,60,249985,250005,244,4,11.895,206.602,46.907,11.893,0.001,84067.645,10,0.8,0.8,2.241,446.238,16,5
4,4,43,2,1000000,60,249985,250005,244,4,11.895,206.602,46.907,11.893,0.001,84067.645,10,1.0,1.0,2.089,478.631,16,5
4,4,44,2,1000000,60,249985,250005,244,4,11.895,206.602,46.907,11.893,0.001,84067.645,10,0.8,0.8,2.214,451.68,16,5
4,4,45,2,1000000,60,249985,250005,244,4,11.895,206.602,46.907,11.893,0.001,84067.645,10,0.9,0.9,2.065,484.223,16,5
4,4,46,2,1000000,60,249985,250005,244,4,11.895,206.602,46.907,11.893,0.001,84067.645,10,1.0,1.0,2.01,497.574,16,5
4,4,47,2,1000000,60,249985,250005,244,4,11.895,206.602,46.907,11.893,0.001,84067.645,10,1.0,1.0,2.287,437.326,16,5
4,4,48,2,1000000,60,249985,250005,244,4,11.895,206.602,46.907,11.893,0.001,84067.645,10,0.7,0.7,2.175,459.726,16,5
4,4,49,2,1000000,60,249985,250005,244,4,11.895,206.602,46.907,11.893,0.001,84067.645,10,1.0,1.0,2.073,482.305,16,5
4,4,50,2,1000000,60,249985,250005,244,4,11.895,206.602,46.907,11.893,0.001,84067.645,10,1.0,1.0,2.059,485.722,16,5
4,4,51,2,1000000,60,249985,250005,244,4,11.895,206.602,46.907,11.893,0.001,84067.645,10,1.0,1.0,2.104,475.2,16,5
4,4,52,2,1000000,60,249985,250005,244,4,11.895,206.602,46.907,11.893,0.001,84067.645,10,0.9,0.9,2.046,488.729,16,5
4,4,53,2,1000000,60,249985,250005,244,4,11.895,206.602,46.907,11.893,0.001,84067.645,10,1.0,1.0,2.167,461.414,16,5
4,4,54,2,1000000,60,249985,250005,244,4,11.895,206.602,46.907,11.893,0.001,84067.645,10,0.6,0.6,2.293,436.118,16,5
4,4,55,2,1000000,60,249985,250005,244,4,11.895,206.602,46.907,11.893,0.001,84067.645,10,0.8,0.8,2.146,465.893,16,5
4,4,56,2,1000000,60,249985,250005,244,4,11.895,206.602,46.907,11.893,0.001,84067.645,10,1.0,1.0,1.967,508.313,16,5
4,4,57,2,1000000,60,249985,250005,244,4,11.895,206.602,46.907,11.893,0.001,84067.645,10,0.9,0.9,2.231,448.33,16,5
4,4,58,2,1000000,60,249985,250005,244,4,11.895,206.602,46.907,11.893,0.001,84067.645,10,1.0,1.0,2.115,472.739,16,5
4,4,59,2,1000000,60,249985,250005,244,4,11.895,206.602,46.907,11.893,0.001,84067.645,10,0.8,0.8,2.138,467.663,16,5
4,4,60,2,1000000,60,249985,250005,244,4,11.895,206.602,46.907,11.893,0.001,84067.645,10,1.0,1.0,2.086,479.473,16,5
4,4,61,2,1000000,60,249985,250005,244,4,11.895,206.602,46.907,11.893,0.001,84067.645,10,0.8,0.8,2.29,436.594,16,5
4,4,62,2,1000000,60,249985,250005,244,4,11.895,206.602,46.907,11.893,0.001,84067.645,10,1.0,1.0,2.1,476.171,16,5
4,4,63,2,1000000,60,249985,250005,244,4,11.895,206.602,46.907,11.893,0.001,84067.645,10,1.0,1.0,1.927,519.065,16,5
4,4,64,2,1000000,60,249985,250005,244,4,11.895,206.602,46.907,11.893,0.001,84067.645,10,0.9,0.9,2.086,479.367,16,5
4,4,65,2,1000000,60,249985,250005,244,4,11.895,206.602,46.907,11.893,0.001,84067.645,10,1.0,1.0,2.111,473.765,16,5
4,4,66,2,1000000,60,249985,250005,244,4,11.895,206.602,46.907,11.893,0.001,84067.645,10,1.0,1.0,2.259,442.641,16,5
4,4,67,2,1000000,60,249985,250005,244,4,11.895,206.602,46.907,11.893,0.001,84067.645,10,0.9,0.9,2.0,500.125,16,5
4,4,68,2,1000000,60,249985,250005,244,4,11.895,206.602,46.907,11.893,0.001,84067.645,10,1.0,1.0,2.044,489.187,16,5
4,4,69,2,1000000,60,249985,250005,244,4,11.895,206.602,46.907,11.893,0.001,84067.645,10,1.0,1.0,2.043,489.416,16,5
4,4,70,2,1000000,60,249985,250005,244,4,11.895,206.602,46.907,11.893,0.001,84067.645,10,0.9,0.9,2.286,437.374,16,5
4,4,71,2,1000000,60,249985,250005,244,4,11.895,206.602,46.907,11.893,0.001,84067.645,10,1.0,1.0,1.856,538.854,16,5
4,4,72,2,1000000,60,249985,250005,244,4,11.895,206.602,46.907,11.893,0.001,84067.645,10,0.8,0.8,1.952,512.415,16,5
4,4,73,2,1000000,60,249985,250005,244,4,11.895,206.602,46.907,11.893,0.001,84067.645,10,0.9,0.9,2.144,466.309,16,5
4,4,74,2,1000000,60,249985,250005,244,4,11.895,206.602,46.907,11.893,0.001,84067.645,10,1.0,1.0,2.103,475.417,16,5
4,4,75,2,1000000,60,249985,250005,244,4,11.895,206.602,46.907,11.893,0.001,84067.645,10,0.7,0.7,2.122,471.272,16,5
4,4,76,2,1000000,60,249985,250005,244,4,11.895,206.602,46.907,11.893,0.001,84067.645,10,0.8,0.8,2.252,444.124,16,5
4,4,77,2,1000000,60,249985,250005,244,4,11.895,206.602,46.907,11.893,0.001,84067.645,10,0.7,0.7,2.318,431.313,16,5
4,4,78,2,1000000,60,249985,250005,244,4,11.895,206.602,46.907,11.893,0.001,84067.645,10,1.0,1.0,2.042,489.676,16,5
4,4,79,2,1000000,60,249985,250005,244,4,11.895,206.602,46.907,11.893,0.001,84067.645,10,1.0,1.0,2.18,458.751,16,5
4,4,80,2,1000000,60,249985,250005,244,4,11.895,206.602,46.907,11.893,0.001,84067.645,10,1.0,1.0,2.076,481.754,16,5
4,4,81,2,1000000,60,249985,250005,244,4,11.895,206.602,46.907,11.893,0.001,84067.645,10,1.0,1.0,2.215,451.493,16,5
4,4,82,2,1000000,60,249985,250005,244,4,11.895,206.602,46.907,11.893,0.001,84067.645,10,0.9,0.9,2.142,466.853,16,5
4,4,83,2,1000000,60,249985,250005,244,4,11.895,206.602,46.907,11.893,0.001,84067.645,10,0.5,0.5,2.147,465.83,16,5
4,4,84,2,1000000,60,249985,250005,244,4,11.895,206.602,46.907,11.893,0.001,84067.645,10,1.0,1.0,2.271,440.31,16,5
4,4,85,2,1000000,60,249985,250005,244,4,11.895,206.602,46.907,11.893,0.001,84067.645,10,0.8,0.8,2.206,453.249,16,5
4,4,86,2,1000000,60,249985,250005,244,4,11.895,206.602,46.907,11.893,0.001,84067.645,10,1.0,1.0,1.987,503.261,16,5
4,4,87,2,1000000,60,249985,250005,244,4,11.895,206.602,46.907,11.893,0.001,84067.645,10,0.9,0.9,2.112,473.55,16,5
4,4,88,2,1000000,60,249985,250005,244,4,11.895,206.602,46.907,11.893,0.001,84067.645,10,1.0,1.0,2.102,475.634,16,5
4,4,89,2,1000000,60,249985,250005,244,4,11.895,206.602,46.907,11.893,0.001,84067.645,10,1.0,1.0,1.961,509.911,16,5
4,4,90,2,1000000,60,249985,250005,244,4,11.895,206.602,46.907,11.893,0.001,84067.645,10,1.0,1.0,2.134,468.695,16,5
4,4,91,2,1000000,60,249985,250005,244,4,11.895,206.602,46.907,11.893,0.001,84067.645,10,0.8,0.8,1.846,541.638,16,5
4,4,92,2,1000000,60,249985,250005,244,4,11.895,206.602,46.907,11.893,0.001,84067.645,10,1.0,1.0,2.017,495.796,16,5
4,4,93,2,1000000,60,249985,250005,244,4,11.895,206.602,46.907,11.893,0.001,84067.645,10,0.8,0.8,2.122,471.318,16,5
4,4,94,2,1000000,60,249985,250005,244,4,11.895,206.602,46.907,11.893,0.001,84067.645,10,0.7,0.7,2.16,463.017,16,5
4,4,95,2,1000000,60,249985,250005,244,4,11.895,206.602,46.907,11.893,0.001,84067.645,10,1.0,1.0,1.938,516.096,16,5
4,4,96,2,1000000,60,249985,250005,244,4,11.895,206.602,46.907,11.893,0.001,84067.645,10,0.9,0.9,2.151,464.864,16,5
4,4,97,2,1000000,60,249985,250005,244,4,11.895,206.602,46.907,11.893,0.001,84067.645,10,1.0,1.0,2.156,463.876,16,5
4,4,98,2,1000000,60,249985,250005,244,4,11.895,206.602,46.907,11.893,0.001,84067.645,10,1.0,1.0,2.144,466.5,16,5
4,4,99,2,1000000,60,249985,250005,244,4,11.895,206.602,46.907,11.893,0.001,84067.645,10,0.8,0.8,1.958,510.834,16,5
4,4,99,3,1000000,60,249985,250005,244,4,11.895,206.602,46.907,11.893,0.001,84067.645,10,0.8,0.8,1.926,519.278,16,5
4,4,100,3,1000000,60,249985,250005,244,4,11.895,206.602,46.907,11.893,0.001,84067.645,10,0.9,0.9,2.156,463.885,16,5
4,4,1,3,1000000,60,249985,250005,244,4,11.895,206.602,46.907,11.893,0.001,84067.645,10,0.9,0.9,2.387,419.009,16,5
4,4,2,3,1000000,60,249985,250005,244,4,11.895,206.602,46.907,11.893,0.001,84067.645,10,0.8,0.8,2.538,393.94,16,5
4,4,3,3,1000000,60,249985,250005,244,4,11.895,206.602,46.907,11.893,0.001,84067.645,10,0.9,0.9,2.161,462.847,16,5
4,4,4,3,1000000,60,249985,250005,244,4,11.895,206.602,46.907,11.893,0.001,84067.645,10,0.8,0.8,2.185,457.762,16,5
4,4,5,3,1000000,60,249985,250005,244,4,11.895,206.602,46.907,11.893,0.001,84067.645,10,1.0,1.0,2.115,472.813,16,5
4,4,6,3,1000000,60,249985,250005,244,4,11.895,206.602,46.907,11.893,0.001,84067.645,10,0.8,0.8,2.416,413.922,16,5
4,4,7,3,1000000,60,249985,250005,244,4,11.895,206.602,46.907,11.893,0.001,84067.645,10,0.6,0.6,2.258,442.788,16,5
4,4,8,3,1000000,60,249985,250005,244,4,11.895,206.602,46.907,11.893,0.001,84067.645,10,1.0,1.0,2.352,425.238,16,5
4,4,9,3,1000000,60,249985,250005,244,4,11.895,206.602,46.907,11.893,0.001,84067.645,10,0.8,0.8,1.998,500.563,16,5
4,4,10,3,1000000,60,249985,250005,244,4,11.895,206.602,46.907,11.893,0.001,84067.645,10,1.0,1.0,2.163,462.214,16,5
4,4,11,3,1000000,60,249985,250005,244,4,11.895,206.602,46.907,11.893,0.001,84067.645,10,0.9,0.9,2.188,456.934,16,5
4,4,12,3,1000000,60,249985,250005,244,4,11.895,206.602,46.907,11.893,0.001,84067.645,10,1.0,1.0,2.202,454.038,16,5
4,4,13,3,1000000,60,249985,250005,244,4,11.895,206.602,46.907,11.893,0.001,84067.645,10,0.9,0.9,2.113,473.298,16,5
4,4,14,3,1000000,60,249985,250005,244,4,11.895,206.602,46.907,11.893,0.001,84067.645,10,0.6,0.6,2.178,459.19,16,5
4,4,15,3,1000000,60,249985,250005,244,4,11.895,206.602,46.907,11.893,0.001,84067.645,10,1.0,1.0,2.037,490.818,16,5
4,4,16,3,1000000,60,249985,250005,244,4,11.895,206.602,46.907,11.893,0.001,84067.645,10,0.9,0.9,2.078,481.28,16,5
4,4,17,3,1000000,60,249985,250005,244,4,11.895,206.602,46.907,11.893,0.001,84067.645,10,0.9,0.9,2.208,452.83,16,5
4,4,18,3,1000000,60,249985,250005,244,4,11.895,206.602,46.907,11.893,0.001,84067.645,10,0.9,0.9,2.087,479.042,16,5
4,4,19,3,1000000,60,249985,250005,244,4,11.895,206.602,46.907,11.893,0.001,84067.645,10,0.7,0.7,2.134,468.549,16,5
4,4,20,3,1000000,60,249985,250005,244,4,11.895,206.602,46.907,11.893,0.001,84067.645,10,0.8,0.8,2.211,452.386,16,5
4,4,21,3,1000000,60,249985,250005,244,4,11.895,206.602,46.907,11.893,0.001,84067.645,10,1.0,1.0,2.182,458.348,16,5
4,4,22,3,1000000,60,249985,250005,244,4,11.895,206.602,46.907,11.893,0.001,84067.645,10,0.9,0.9,2.163,462.401,16,5
4,4,23,3,1000000,60,249985,250005,244,4,11.895,206.602,46.907,11.893,0.001,84067.645,10,1.0,1.0,2.034,491.692,16,5
4,4,24,3,1000000,60,249985,250005,244,4,11.895,206.602,46.907,11.893,0.001,84067.645,10,0.9,0.9,2.082,480.394,16,5
4,4,25,3,1000000,60,249985,250005,244,4,11.895,206.602,46.907,11.893,0.001,84067.645,10,1.0,1.0,2.09,478.459,16,5
4,4,26,3,1000000,60,249985,250005,244,4,11.895,206.602,46.907,11.893,0.001,84067.645,10,1.0,1.0,2.185,457.744,16,5
4,4,27,3,1000000,60,249985,250005,244,4,11.895,206.602,46.907,11.893,0.001,84067.645,10,1.0,1.0,2.021,494.825,16,5
4,4,28,3,1000000,60,249985,250005,244,4,11.895,206.602,46.907,11.893,0.001,84067.645,10,0.9,0.9,2.116,472.618,16,5
4,4,29,3,1000000,60,249985,250005,244,4,11.895,206.602,46.907,11.893,0.001,84067.645,10,0.9,0.9,2.169,460.98,16,5
4,4,30,3,1000000,60,249985,250005,244,4,11.895,206.602,46.907,11.893,0.001,84067.645,10,0.9,0.9,1.965,508.798,16,5
4,4,31,3,1000000,60,249985,250005,244,4,11.895,206.602,46.907,11.893,0.001,84067.645,10,0.9,0.9,2.153,464.414,16,5
4,4,32,3,1000000,60,249985,250005,244,4,11.895,206.602,46.907,11.893,0.001,84067.645,10,0.9,0.9,2.057,486.037,16,5
4,4,33,3,1000000,60,249985,250005,244,4,11.895,206.602,46.907,11.893,0.001,84067.645,10,0.9,0.9,2.19,456.664,16,5
4,4,34,3,1000000,60,249985,250005,244,4,11.895,206.602,46.907,11.893,0.001,84067.645,10,1.0,1.0,2.219,450.586,16,5
4,4,35,3,1000000,60,249985,250005,244,4,11.895,206.602,46.907,11.893,0.001,84067.645,10,0.9,0.9,2.189,456.83,16,5
4,4,36,3,1000000,60,249985,250005,244,4,11.895,206.602,46.907,11.893,0.001,84067.645,10,1.0,1.0,2.132,469.025,16,5
4,4,37,3,1000000,60,249985,250005,244,4,11.895,206.602,46.907,11.893,0.001,84067.645,10,0.9,0.9,2.332,428.786,16,5
4,4,38,3,1000000,60,249985,250005,244,4,11.895,206.602,46.907,11.893,0.001,84067.645,10,1.0,1.0,2.219,450.687,16,5
4,4,39,3,1000000,60,249985,250005,244,4,11.895,206.602,46.907,11.893,0.001,84067.645,10,0.9,0.9,2.01,497.44,16,5
4,4,40,3,1000000,60,249985,250005,244,4,11.895,206.602,46.907,11.893,0.001,84067.645,10,1.0,1.0,2.241,446.262,16,5
4,4,41,3,1000000,60,249985,250005,244,4,11.895,206.602,46.907,11.893,0.001,84067.645,10,1.0,1.0,2.288,437.143,16,5
4,4,42,3,1000000,60,249985,250005,244,4,11.895,206.602,46.907,11.893,0.001,84067.645,10,0.8,0.8,2.165,461.823,16,5
4,4,43,3,1000000,60,249985,250005,244,4,11.895,206.602,46.907,11.893,0.001,84067.645,10,1.0,1.0,2.051,487.607,16,5
4,4,44,3,1000000,60,249985,250005,244,4,11.895,206.602,46.907,11.893,0.001,84067.645,10,0.8,0.8,2.194,455.84,16,5
4,4,45,3,1000000,60,249985,250005,244,4,11.895,206.602,46.907,11.893,0.001,84067.645,10,0.9,0.9,2.178,459.233,16,5
4,4,46,3,1000000,60,249985,250005,244,4,11.895,206.602,46.907,11.893,0.001,84067.645,10,1.0,1.0,2.102,475.822,16,5
4,4,47,3,1000000,60,249985,250005,244,4,11.895,206.602,46.907,11.893,0.001,84067.645,10,1.0,1.0,2.467,405.296,16,5
4,4,48,3,1000000,60,249985,250005,244,4,11.895,206.602,46.907,11.893,0.001,84067.645,10,0.7,0.7,2.394,417.704,16,5
4,4,49,3,1000000,60,249985,250005,244,4,11.895,206.602,46.907,11.893,0.001,84067.645,10,1.0,1.0,2.13,469.539,16,5
4,4,50,3,1000000,60,249985,250005,244,4,11.895,206.602,46.907,11.893,0.001,84067.645,10,1.0,1.0,2.175,459.682,16,5
4,4,51,3,1000000,60,249985,250005,244,4,11.895,206.602,46.907,11.893,0.001,84067.645,10,1.0,1.0,2.11,474.046,16,5
4,4,52,3,1000000,60,249985,250005,244,4,11.895,206.602,46.907,11.893,0.001,84067.645,10,0.9,0.9,2.251,444.337,16,5
4,4,53,3,1000000,60,249985,250005,244,4,11.895,206.602,46.907,11.893,0.001,84067.645,10,1.0,1.0,2.178,459.198,16,5
4,4,54,3,1000000,60,249985,250005,244,4,11.895,206.602,46.907,11.893,0.001,84067.645,10,0.6,0.6,2.333,428.671,16,5
4,4,55,3,1000000,60,249985,250005,244,4,11.895,206.602,46.907,11.893,0.001,84067.645,10,0.8,0.8,2.225,449.497,16,5
4,4,56,3,1000000,60,249985,250005,244,4,11.895,206.602,46.907,11.893,0.001,84067.645,10,1.0,1.0,2.188,457.03,16,5
4,4,57,3,1000000,60,249985,250005,244,4,11.895,206.602,46.907,11.893,0.001,84067.645,10,0.9,0.9,2.363,423.176,16,5
4,4,58,3,1000000,60,249985,250005,244,4,11.895,206.602,46.907,11.893,0.001,84067.645,10,1.0,1.0,2.339,427.602,16,5
4,4,59,3,1000000,60,249985,250005,244,4,11.895,206.602,46.907,11.893,0.001,84067.645,10,0.8,0.8,2.142,466.772,16,5
4,4,60,3,1000000,60,249985,250005,244,4,11.895,206.602,46.907,11.893,0.001,84067.645,10,1.0,1.0,2.188,457.134,16,5
4,4,61,3,1000000,60,249985,250005,244,4,11.895,206.602,46.907,11.893,0.001,84067.645,10,0.8,0.8,2.279,438.845,16,5
4,4,62,3,1000000,60,249985,250005,244,4,11.895,206.602,46.907,11.893,0.001,84067.645,10,1.0,1.0,2.15,465.224,16,5
4,4,63,3,1000000,60,249985,250005,244,4,11.895,206.602,46.907,11.893,0.001,84067.645,10,1.0,1.0,1.895,527.577,16,5
4,4,64,3,1000000,60,249985,250005,244,4,11.895,206.602,46.907,11.893,0.001,84067.645,10,0.9,0.9,2.074,482.208,16,5
4,4,65,3,1000000,60,249985,250005,244,4,11.895,206.602,46.907,11.893,0.001,84067.645,10,1.0,1.0,2.226,449.219,16,5
4,4,66,3,1000000,60,249985,250005,244,4,11.895,206.602,46.907,11.893,0.001,84067.645,10,1.0,1.0,2.268,440.958,16,5
4,4,67,3,1000000,60,249985,250005,244,4,11.895,206.602,46.907,11.893,0.001,84067.645,10,0.9,0.9,2.088,478.966,16,5
4,4,68,3,1000000,60,249985,250005,244,4,11.895,206.602,46.907,11.893,0.001,84067.645,10,1.0,1.0,2.12,471.782,16,5
4,4,69,3,1000000,60,249985,250005,244,4,11.895,206.602,46.907,11.893,0.001,84067.645,10,1.0,1.0,2.055,486.529,16,5
4,4,70,3,1000000,60,249985,250005,244,4,11.895,206.602,46.907,11.893,0.001,84067.645,10,0.9,0.9,2.239,446.537,16,5
4,4,71,3,1000000,60,249985,250005,244,4,11.895,206.602,46.907,11.893,0.001,84067.645,10,1.0,1.0,1.926,519.278,16,5
4,4,72,3,1000000,60,249985,250005,244,4,11.895,206.602,46.907,11.893,0.001,84067.645,10,0.8,0.8,2.217,451.051,16,5
4,4,73,3,1000000,60,249985,250005,244,4,11.895,206.602,46.907,11.893,0.001,84067.645,10,0.9,0.9,2.123,471.068,16,5
4,4,74,3,1000000,60,249985,250005,244,4,11.895,206.602,46.907,11.893,0.001,84067.645,10,1.0,1.0,2.099,476.521,16,5
4,4,75,3,1000000,60,249985,250005,244,4,11.895,206.602,46.907,11.893,0.001,84067.645,10,0.7,0.7,2.146,465.965,16,5
4,4,76,3,1000000,60,249985,250005,244,4,11.895,206.602,46.907,11.893,0.001,84067.645,10,0.8,0.8,2.272,440.214,16,5
4,4,77,3,1000000,60,249985,250005,244,4,11.895,206.602,46.907,11.893,0.001,84067.645,10,0.7,0.7,2.332,428.763,16,5
4,4,78,3,1000000,60,249985,250005,244,4,11.895,206.602,46.907,11.893,0.001,84067.645,10,1.0,1.0,2.182,458.225,16,5
4,4,79,3,1000000,60,249985,250005,244,4,11.895,206.602,46.907,11.893,0.001,84067.645,10,1.0,1.0,2.113,473.214,16,5
4,4,80,3,1000000,60,249985,250005,244,4,11.895,206.602,46.907,11.893,0.001,84067.645,10,1.0,1.0,2.192,456.1,16,5
4,4,81,3,1000000,60,249985,250005,244,4,11.895,206.602,46.907,11.893,0.001,84067.645,10,1.0,1.0,2.201,454.373,16,5
4,4,82,3,1000000,60,249985,250005,244,4,11.895,206.602,46.907,11.893,0.001,84067.645,10,0.9,0.9,2.196,455.391,16,5
4,4,83,3,1000000,60,249985,250005,244,4,11.895,206.602,46.907,11.893,0.001,84067.645,10,0.5,0.5,2.275,439.488,16,5
4,4,84,3,1000000,60,249985,250005,244,4,11.895,206.602,46.907,11.893,0.001,84067.645,10,1.0,1.0,2.172,460.476,16,5
4,4,85,3,1000000,60,249985,250005,244,4,11.895,206.602,46.907,11.893,0.001,84067.645,10,0.8,0.8,2.32,431.011,16,5
4,4,86,3,1000000,60,249985,250005,244,4,11.895,206.602,46.907,11.893,0.001,84067.645,10,1.0,1.0,2.0,499.886,16,5
4,4,87,3,1000000,60,249985,250005,244,4,11.895,206.602,46.907,11.893,0.001,84067.645,10,0.9,0.9,2.286,437.501,16,5
4,4,88,3,1000000,60,249985,250005,244,4,11.895,206.602,46.907,11.893,0.001,84067.645,10,1.0,1.0,2.089,478.622,16,5
4,4,89,3,1000000,60,249985,250005,244,4,11.895,206.602,46.907,11.893,0.001,84067.645,10,1.0,1.0,1.983,504.403,16,5
4,4,90,3,1000000,60,249985,250005,244,4,11.895,206.602,46.907,11.893,0.001,84067.645,10,1.0,1.0,2.065,484.33,16,5
4,4,91,3,1000000,60,249985,250005,244,4,11.895,206.602,46.907,11.893,0.001,84067.645,10,0.8,0.8,1.876,532.966,16,5
4,4,92,3,1000000,60,249985,250005,244,4,11.895,206.602,46.907,11.893,0.001,84067.645,10,1.0,1.0,2.125,470.533,16,5
4,4,93,3,1000000,60,249985,250005,244,4,11.895,206.602,46.907,11.893,0.001,84067.645,10,0.8,0.8,2.205,453.455,16,5
4,4,94,3,1000000,60,249985,250005,244,4,11.895,206.602,46.907,11.893,0.001,84067.645,10,0.7,0.7,2.27,440.618,16,5
4,4,95,3,1000000,60,249985,250005,244,4,11.895,206.602,46.907,11.893,0.001,84067.645,10,1.0,1.0,2.014,496.514,16,5
4,4,96,3,1000000,60,249985,250005,244,4,11.895,206.602,46.907,11.893,0.001,84067.645,10,0.9,0.9,2.238,446.902,16,5
4,4,97,3,1000000,60,249985,250005,244,4,11.895,206.602,46.907,11.893,0.001,84067.645,10,1.0,1.0,2.21,452.497,16,5
4,4,98,3,1000000,60,249985,250005,244,4,11.895,206.602,46.907,11.893,0.001,84067.645,10,1.0,1.0,2.122,471.17,16,5
4,4,98,4,1000000,60,249985,250005,244,4,11.895,206.602,46.907,11.893,0.001,84067.645,10,1.0,1.0,2.156,463.768,16,5
4,4,99,4,1000000,60,249985,250005,244,4,11.895,206.602,46.907,11.893,0.001,84067.645,10,0.8,0.8,1.94,515.375,16,5
4,4,100,4,1000000,60,249985,250005,244,4,11.895,206.602,46.907,11.893,0.001,84067.645,10,0.9,0.9,2.217,451.06,16,5
4,4,1,4,1000000,60,249985,250005,244,4,11.895,206.602,46.907,11.893,0.001,84067.645,10,0.9,0.9,2.682,372.914,16,5
4,4,2,4,1000000,60,249985,250005,244,4,11.895,206.602,46.907,11.893,0.001,84067.645,10,0.8,0.8,2.285,437.565,16,5
4,4,3,4,1000000,60,249985,250005,244,4,11.895,206.602,46.907,11.893,0.001,84067.645,10,0.9,0.9,2.111,473.793,16,5
4,4,4,4,1000000,60,249985,250005,244,4,11.895,206.602,46.907,11.893,0.001,84067.645,10,0.8,0.8,2.117,472.367,16,5
4,4,5,4,1000000,60,249985,250005,244,4,11.895,206.602,46.907,11.893,0.001,84067.645,10,1.0,1.0,2.156,463.849,16,5
4,4,6,4,1000000,60,249985,250005,244,4,11.895,206.602,46.907,11.893,0.001,84067.645,10,0.8,0.8,2.405,415.764,16,5
4,4,7,4,1000000,60,249985,250005,244,4,11.895,206.602,46.907,11.893,0.001,84067.645,10,0.6,0.6,2.143,466.608,16,5
4,4,8,4,1000000,60,249985,250005,244,4,11.895,206.602,46.907,11.893,0.001,84067.645,10,1.0,1.0,2.286,437.477,16,5
4,4,9,4,1000000,60,249985,250005,244,4,11.895,206.602,46.907,11.893,0.001,84067.645,10,0.8,0.8,2.088,478.87,16,5
4,4,10,4,1000000,60,249985,250005,244,4,11.895,206.602,46.907,11.893,0.001,84067.645,10,1.0,1.0,2.143,466.654,16,5
4,4,11,4,1000000,60,249985,250005,244,4,11.895,206.602,46.907,11.893,0.001,84067.645,10,0.9,0.9,2.109,474.224,16,5
4,4,12,4,1000000,60,249985,250005,244,4,11.895,206.602,46.907,11.893,0.001,84067.645,10,1.0,1.0,2.121,471.402,16,5
4,4,13,4,1000000,60,249985,250005,244,4,11.895,206.602,46.907,11.893,0.001,84067.645,10,0.9,0.9,2.203,453.978,16,5
4,4,14,4,1000000,60,249985,250005,244,4,11.895,206.602,46.907,11.893,0.001,84067.645,10,0.6,0.6,2.252,444.05,16,5
4,4,15,4,1000000,60,249985,250005,244,4,11.895,206.602,46.907,11.893,0.001,84067.645,10,1.0,1.0,2.032,492.207,16,5
4,4,16,4,1000000,60,249985,250005,244,4,11.895,206.602,46.907,11.893,0.001,84067.645,10,0.9,0.9,2.195,455.685,16,5
4,4,17,4,1000000,60,249985,250005,244,4,11.895,206.602,46.907,11.893,0.001,84067.645,10,0.9,0.9,2.202,454.141,16,5
4,4,18,4,1000000,60,249985,250005,244,4,11.895,206.602,46.907,11.893,0.001,84067.645,10,0.9,0.9,2.119,471.846,16,5
4,4,19,4,1000000,60,249985,250005,244,4,11.895,206.602,46.907,11.893,0.001,84067.645,10,0.7,0.7,2.1,476.181,16,5
4,4,20,4,1000000,60,249985,250005,244,4,11.895,206.602,46.907,11.893,0.001,84067.645,10,0.8,0.8,2.319,431.29,16,5
4,4,21,4,1000000,60,249985,250005,244,4,11.895,206.602,46.907,11.893,0.001,84067.645,10,1.0,1.0,2.17,460.812,16,5
4,4,22,4,1000000,60,249985,250005,244,4,11.895,206.602,46.907,11.893,0.001,84067.645,10,0.9,0.9,2.201,454.253,16,5
4,4,23,4,1000000,60,249985,250005,244,4,11.895,206.602,46.907,11.893,0.001,84067.645,10,1.0,1.0,2.06,485.496,16,5
4,4,24,4,1000000,60,249985,250005,244,4,11.895,206.602,46.907,11.893,0.001,84067.645,10,0.9,0.9,2.133,468.787,16,5
4,4,25,4,1000000,60,249985,250005,244,4,11.895,206.602,46.907,11.893,0.001,84067.645,10,1.0,1.0,2.061,485.182,16,5
4,4,26,4,1000000,60,249985,250005,244,4,11.895,206.602,46.907,11.893,0.001,84067.645,10,1.0,1.0,2.11,473.859,16,5
4,4,27,4,1000000,60,249985,250005,244,4,11.895,206.602,46.907,11.893,0.001,84067.645,10,1.0,1.0,1.998,500.469,16,5
4,4,28,4,1000000,60,249985,250005,244,4,11.895,206.602,46.907,11.893,0.001,84067.645,10,0.9,0.9,2.069,483.248,16,5
4,4,29,4,1000000,60,249985,250005,244,4,11.895,206.602,46.907,11.893,0.001,84067.645,10,0.9,0.9,2.151,464.909,16,5
4,4,30,4,1000000,60,249985,250005,244,4,11.895,206.602,46.907,11.893,0.001,84067.645,10,0.9,0.9,2.011,497.152,16,5
4,4,31,4,1000000,60,249985,250005,244,4,11.895,206.602,46.907,11.893,0.001,84067.645,10,0.9,0.9,2.168,461.325,16,5
4,4,32,4,1000000,60,249985,250005,244,4,11.895,206.602,46.907,11.893,0.001,84067.645,10,0.9,0.9,2.024,494.112,16,5
4,4,33,4,1000000,60,249985,250005,244,4,11.895,206.602,46.907,11.893,0.001,84067.645,10,0.9,0.9,2.154,464.342,16,5
4,4,34,4,1000000,60,249985,250005,244,4,11.895,206.602,46.907,11.893,0.001,84067.645,10,1.0,1.0,2.172,460.352,16,5
4,4,35,4,1000000,60,249985,250005,244,4,11.895,206.602,46.907,11.893,0.001,84067.645,10,0.9,0.9,2.161,462.784,16,5
4,4,36,4,1000000,60,249985,250005,244,4,11.895,206.602,46.907,11.893,0.001,84067.645,10,1.0,1.0,2.125,470.607,16,5
4,4,37,4,1000000,60,249985,250005,244,4,11.895,206.602,46.907,11.893,0.001,84067.645,10,0.9,0.9,2.22,450.349,16,5
4,4,38,4,1000000,60,249985,250005,244,4,11.895,206.602,46.907,11.893,0.001,84067.645,10,1.0,1.0,2.195,455.641,16,5
4,4,39,4,1000000,60,249985,250005,244,4,11.895,206.602,46.907,11.893,0.001,84067.645,10,0.9,0.9,2.002,499.594,16,5
4,4,40,4,1000000,60,249985,250005,244,4,11.895,206.602,46.907,11.893,0.001,84067.645,10,1.0,1.0,2.192,456.248,16,5
4,4,41,4,1000000,60,249985,250005,244,4,11.895,206.602,46.907,11.893,0.001,84067.645,10,1.0,1.0,2.177,459.392,16,5
4,4,42,4,1000000,60,249985,250005,244,4,11.895,206.602,46.907,11.893,0.001,84067.645,10,0.8,0.8,2.205,453.498,16,5
4,4,43,4,1000000,60,249985,250005,244,4,11.895,206.602,46.907,11.893,0.001,84067.645,10,1.0,1.0,2.071,482.79,16,5
4,4,44,4,1000000,60,249985,250005,244,4,11.895,206.602,46.907,11.893,0.001,84067.645,10,0.8,0.8,2.132,468.979,16,5
4,4,45,4,1000000,60,249985,250005,244,4,11.895,206.602,46.907,11.893,0.001,84067.645,10,0.9,0.9,2.055,486.687,16,5
4,4,46,4,1000000,60,249985,250005,244,4,11.895,206.602,46.907,11.893,0.001,84067.645,10,1.0,1.0,2.006,498.546,16,5
4,4,47,4,1000000,60,249985,250005,244,4,11.895,206.602,46.907,11.893,0.001,84067.645,10,1.0,1.0,2.267,441.031,16,5
4,4,48,4,1000000,60,249985,250005,244,4,11.895,206.602,46.907,11.893,0.001,84067.645,10,0.7,0.7,2.192,456.152,16,5
4,4,49,4,1000000,60,249985,250005,244,4,11.895,206.602,46.907,11.893,0.001,84067.645,10,1.0,1.0,2.023,494.193,16,5
4,4,50,4,1000000,60,249985,250005,244,4,11.895,206.602,46.907,11.893,0.001,84067.645,10,1.0,1.0,2.06,485.516,16,5
4,4,51,4,1000000,60,249985,250005,244,4,11.895,206.602,46.907,11.893,0.001,84067.645,10,1.0,1.0,2.131,469.346,16,5
4,4,52,4,1000000,60,249985,250005,244,4,11.895,206.602,46.907,11.893,0.001,84067.645,10,0.9,0.9,2.087,479.205,16,5
4,4,53,4,1000000,60,249985,250005,244,4,11.895,206.602,46.907,11.893,0.001,84067.645,10,1.0,1.0,2.046,488.699,16,5
4,4,54,4,1000000,60,249985,250005,244,4,11.895,206.602,46.907,11.893,0.001,84067.645,10,0.6,0.6,2.219,450.569,16,5
4,4,55,4,1000000,60,249985,250005,244,4,11.895,206.602,46.907,11.893,0.001,84067.645,10,0.8,0.8,2.153,464.378,16,5
4,4,56,4,1000000,60,249985,250005,244,4,11.895,206.602,46.907,11.893,0.001,84067.645,10,1.0,1.0,2.025,493.919,16,5
4,4,57,4,1000000,60,249985,250005,244,4,11.895,206.602,46.907,11.893,0.001,84067.645,10,0.9,0.9,2.11,473.831,16,5
4,4,58,4,1000000,60,249985,250005,244,4,11.895,206.602,46.907,11.893,0.001,84067.645,10,1.0,1.0,2.185,457.736,16,5
4,4,59,4,1000000,60,249985,250005,244,4,11.895,206.602,46.907,11.893,0.001,84067.645,10,0.8,0.8,2.043,489.586,16,5
4,4,60,4,1000000,60,249985,250005,244,4,11.895,206.602,46.907,11.893,0.001,84067.645,10,1.0,1.0,1.905,525.072,16,5
4,4,61,4,1000000,60,249985,250005,244,4,11.895,206.602,46.907,11.893,0.001,84067.645,10,0.8,0.8,2.115,472.711,16,5
4,4,62,4,1000000,60,249985,250005,244,4,11.895,206.602,46.907,11.893,0.001,84067.645,10,1.0,1.0,2.037,491.019,16,5
4,4,63,4,1000000,60,249985,250005,244,4,11.895,206.602,46.907,11.893,0.001,84067.645,10,1.0,1.0,1.831,546.075,16,5
4,4,64,4,1000000,60,249985,250005,244,4,11.895,206.602,46.907,11.893,0.001,84067.645,10,0.9,0.9,2.053,487.151,16,5
4,4,65,4,1000000,60,249985,250005,244,4,11.895,206.602,46.907,11.893,0.001,84067.645,10,1.0,1.0,2.059,485.712,16,5
4,4,66,4,1000000,60,249985,250005,244,4,11.895,206.602,46.907,11.893,0.001,84067.645,10,1.0,1.0,2.245,445.385,16,5
4,4,67,4,1000000,60,249985,250005,244,4,11.895,206.602,46.907,11.893,0.001,84067.645,10,0.9,0.9,1.876,532.919,16,5
4,4,68,4,1000000,60,249985,250005,244,4,11.895,206.602,46.907,11.893,0.001,84067.645,10,1.0,1.0,2.077,481.512,16,5
4,4,69,4,1000000,60,249985,250005,244,4,11.895,206.602,46.907,11.893,0.001,84067.645,10,1.0,1.0,2.123,471.115,16,5
4,4,70,4,1000000,60,249985,250005,244,4,11.895,206.602,46.907,11.893,0.001,84067.645,10,0.9,0.9,2.173,460.149,16,5
4,4,71,4,1000000,60,249985,250005,244,4,11.895,206.602,46.907,11.893,0.001,84067.645,10,1.0,1.0,1.936,516.585,16,5
4,4,72,4,1000000,60,249985,250005,244,4,11.895,206.602,46.907,11.893,0.001,84067.645,10,0.8,0.8,2.06,485.545,16,5
4,4,73,4,1000000,60,249985,250005,244,4,11.895,206.602,46.907,11.893,0.001,84067.645,10,0.9,0.9,2.12,471.707,16,5
4,4,74,4,1000000,60,249985,250005,244,4,11.895,206.602,46.907,11.893,0.001,84067.645,10,1.0,1.0,2.091,478.316,16,5
4,4,75,4,1000000,60,249985,250005,244,4,11.895,206.602,46.907,11.893,0.001,84067.645,10,0.7,0.7,2.094,477.64,16,5
4,4,76,4,1000000,60,249985,250005,244,4,11.895,206.602,46.907,11.893,0.001,84067.645,10,0.8,0.8,2.251,444.264,16,5
4,4,77,4,1000000,60,249985,250005,244,4,11.895,206.602,46.907,11.893,0.001,84067.645,10,0.7,0.7,2.336,428.136,16,5
4,4,78,4,1000000,60,249985,250005,244,4,11.895,206.602,46.907,11.893,0.001,84067.645,10,1.0,1.0,2.102,475.737,16,5
4,4,79,4,1000000,60,249985,250005,244,4,11.895,206.602,46.907,11.893,0.001,84067.645,10,1.0,1.0,2.014,496.637,16,5
4,4,80,4,1000000,60,249985,250005,244,4,11.895,206.602,46.907,11.893,0.001,84067.645,10,1.0,1.0,2.14,467.281,16,5
4,4,81,4,1000000,60,249985,250005,244,4,11.895,206.602,46.907,11.893,0.001,84067.645,10,1.0,1.0,2.202,454.064,16,5
4,4,82,4,1000000,60,249985,250005,244,4,11.895,206.602,46.907,11.893,0.001,84067.645,10,0.9,0.9,2.123,470.93,16,5
4,4,83,4,1000000,60,249985,250005,244,4,11.895,206.602,46.907,11.893,0.001,84067.645,10,0.5,0.5,2.235,447.436,16,5
4,4,84,4,1000000,60,249985,250005,244,4,11.895,206.602,46.907,11.893,0.001,84067.645,10,1.0,1.0,2.199,454.795,16,5
4,4,85,4,1000000,60,249985,250005,244,4,11.895,206.602,46.907,11.893,0.001,84067.645,10,0.8,0.8,2.2,454.528,16,5
4,4,86,4,1000000,60,249985,250005,244,4,11.895,206.602,46.907,11.893,0.001,84067.645,10,1.0,1.0,1.993,501.725,16,5
4,4,87,4,1000000,60,249985,250005,244,4,11.895,206.602,46.907,11.893,0.001,84067.645,10,0.9,0.9,2.2,454.511,16,5
4,4,88,4,1000000,60,249985,250005,244,4,11.895,206.602,46.907,11.893,0.001,84067.645,10,1.0,1.0,2.167,461.565,16,5
4,4,89,4,1000000,60,249985,250005,244,4,11.895,206.602,46.907,11.893,0.001,84067.645,10,1.0,1.0,1.947,513.6,16,5
4,4,90,4,1000000,60,249985,250005,244,4,11.895,206.602,46.907,11.893,0.001,84067.645,10,1.0,1.0,2.024,494.061,16,5
4,4,91,4,1000000,60,249985,250005,244,4,11.895,206.602,46.907,11.893,0.001,84067.645,10,0.8,0.8,1.877,532.647,16,5
4,4,92,4,1000000,60,249985,250005,244,4,11.895,206.602,46.907,11.893,0.001,84067.645,10,1.0,1.0,2.065,484.33,16,5
4,4,93,4,1000000,60,249985,250005,244,4,11.895,206.602,46.907,11.893,0.001,84067.645,10,0.8,0.8,2.167,461.512,16,5
4,4,94,4,1000000,60,249985,250005,244,4,11.895,206.602,46.907,11.893,0.001,84067.645,10,0.7,0.7,2.202,454.184,16,5
4,4,95,4,1000000,60,249985,250005,244,4,11.895,206.602,46.907,11.893,0.001,84067.645,10,1.0,1.0,2.04,490.306,16,5
4,4,96,4,1000000,60,249985,250005,244,4,11.895,206.602,46.907,11.893,0.001,84067.645,10,0.9,0.9,2.32,431.096,16,5
4,4,97,4,1000000,60,249985,250005,244,4,11.895,206.602,46.907,11.893,0.001,84067.645,10,1.0,1.0,2.166,461.743,16,5
4,4,97,5,1000000,60,249985,250005,244,4,11.895,206.602,46.907,11.893,0.001,84067.645,10,1.0,1.0,2.122,471.263,16,5
4,4,98,5,1000000,60,249985,250005,244,4,11.895,206.602,46.907,11.893,0.001,84067.645,10,1.0,1.0,2.174,459.946,16,5
4,4,99,5,1000000,60,249985,250005,244,4,11.895,206.602,46.907,11.893,0.001,84067.645,10,0.8,0.8,2.197,455.209,16,5
4,4,100,5,1000000,60,249985,250005,244,4,11.895,206.602,46.907,11.893,0.001,84067.645,10,0.9,0.9,2.46,406.566,16,5
4,4,1,5,1000000,60,249985,250005,244,4,11.895,206.602,46.907,11.893,0.001,84067.645,10,0.9,0.9,2.294,435.864,16,5
4,4,2,5,1000000,60,249985,250005,244,4,11.895,206.602,46.907,11.893,0.001,84067.645,10,0.8,0.8,2.23,448.355,16,5
4,4,3,5,1000000,60,249985,250005,244,4,11.895,206.602,46.907,11.893,0.001,84067.645,10,0.9,0.9,2.009,497.801,16,5
4,4,4,5,1000000,60,249985,250005,244,4,11.895,206.602,46.907,11.893,0.001,84067.645,10,0.8,0.8,2.129,469.64,16,5
4,4,5,5,1000000,60,249985,250005,244,4,11.895,206.602,46.907,11.893,0.001,84067.645,10,1.0,1.0,2.085,479.588,16,5
4,4,6,5,1000000,60,249985,250005,244,4,11.895,206.602,46.907,11.893,0.001,84067.645,10,0.8,0.8,2.446,408.824,16,5
4,4,7,5,1000000,60,249985,250005,244,4,11.895,206.602,46.907,11.893,0.001,84067.645,10,0.6,0.6,2.164,462.152,16,5
4,4,8,5,1000000,60,249985,250005,244,4,11.895,206.602,46.907,11.893,0.001,84067.645,10,1.0,1.0,2.259,442.723,16,5
4,4,9,5,1000000,60,249985,250005,244,4,11.895,206.602,46.907,11.893,0.001,84067.645,10,0.8,0.8,2.059,485.702,16,5
4,4,10,5,1000000,60,249985,250005,244,4,11.895,206.602,46.907,11.893,0.001,84067.645,10,1.0,1.0,2.039,490.366,16,5
4,4,11,5,1000000,60,249985,250005,244,4,11.895,206.602,46.907,11.893,0.001,84067.645,10,0.9,0.9,2.189,456.899,16,5
4,4,12,5,1000000,60,249985,250005,244,4,11.895,206.602,46.907,11.893,0.001,84067.645,10,1.0,1.0,2.097,476.777,16,5
4,4,13,5,1000000,60,249985,250005,244,4,11.895,206.602,46.907,11.893,0.001,84067.645,10,0.9,0.9,2.186,457.491,16,5
4,4,14,5,1000000,60,249985,250005,244,4,11.895,206.602,46.907,11.893,0.001,84067.645,10,0.6,0.6,2.272,440.222,16,5
4,4,15,5,1000000,60,249985,250005,244,4,11.895,206.602,46.907,11.893,0.001,84067.645,10,1.0,1.0,2.038,490.617,16,5
4,4,16,5,1000000,60,249985,250005,244,4,11.895,206.602,46.907,11.893,0.001,84067.645,10,0.9,0.9,2.23,448.355,16,5
4,4,17,5,1000000,60,249985,250005,244,4,11.895,206.602,46.907,11.893,0.001,84067.645,10,0.9,0.9,2.174,460.017,16,5
4,4,18,5,1000000,60,249985,250005,244,4,11.895,206.602,46.907,11.893,0.001,84067.645,10,0.9,0.9,2.135,468.366,16,5
4,4,19,5,1000000,60,249985,250005,244,4,11.895,206.602,46.907,11.893,0.001,84067.645,10,0.7,0.7,2.131,469.181,16,5
4,4,20,5,1000000,60,249985,250005,244,4,11.895,206.602,46.907,11.893,0.001,84067.645,10,0.8,0.8,2.224,449.725,16,5
4,4,21,5,1000000,60,249985,250005,244,4,11.895,206.602,46.907,11.893,0.001,84067.645,10,1.0,1.0,2.058,485.997,16,5
4,4,22,5,1000000,60,249985,250005,244,4,11.895,206.602,46.907,11.893,0.001,84067.645,10,0.9,0.9,2.221,450.324,16,5
4,4,23,5,1000000,60,249985,250005,244,4,11.895,206.602,46.907,11.893,0.001,84067.645,10,1.0,1.0,2.046,488.759,16,5
4,4,24,5,1000000,60,249985,250005,244,4,11.895,206.602,46.907,11.893,0.001,84067.645,10,0.9,0.9,2.071,482.878,16,5
4,4,25,5,1000000,60,249985,250005,244,4,11.895,206.602,46.907,11.893,0.001,84067.645,10,1.0,1.0,2.039,490.497,16,5
4,4,26,5,1000000,60,249985,250005,244,4,11.895,206.602,46.907,11.893,0.001,84067.645,10,1.0,1.0,2.128,470.017,16,5
4,4,27,5,1000000,60,249985,250005,244,4,11.895,206.602,46.907,11.893,0.001,84067.645,10,1.0,1.0,2.063,484.78,16,5
4,4,28,5,1000000,60,249985,250005,244,4,11.895,206.602,46.907,11.893,0.001,84067.645,10,0.9,0.9,2.151,464.837,16,5
4,4,29,5,1000000,60,249985,250005,244,4,11.895,206.602,46.907,11.893,0.001,84067.645,10,0.9,0.9,2.08,480.808,16,5
4,4,30,5,1000000,60,249985,250005,244,4,11.895,206.602,46.907,11.893,0.001,84067.645,10,0.9,0.9,1.972,507.217,16,5
4,4,31,5,1000000,60,249985,250005,244,4,11.895,206.602,46.907,11.893,0.001,84067.645,10,0.9,0.9,2.123,470.921,16,5
4,4,32,5,1000000,60,249985,250005,244,4,11.895,206.602,46.907,11.893,0.001,84067.645,10,0.9,0.9,1.962,509.63,16,5
4,4,33,5,1000000,60,249985,250005,244,4,11.895,206.602,46.907,11.893,0.001,84067.645,10,0.9,0.9,2.13,469.52,16,5
4,4,34,5,1000000,60,249985,250005,244,4,11.895,206.602,46.907,11.893,0.001,84067.645,10,1.0,1.0,2.091,478.231,16,5
4,4,35,5,1000000,60,249985,250005,244,4,11.895,206.602,46.907,11.893,0.001,84067.645,10,0.9,0.9,2.166,461.743,16,5
4,4,36,5,1000000,60,249985,250005,244,4,11.895,206.602,46.907,11.893,0.001,84067.645,10,1.0,1.0,2.171,460.635,16,5
4,4,37,5,1000000,60,249985,250005,244,4,11.895,206.602,46.907,11.893,0.001,84067.645,10,0.9,0.9,2.255,443.533,16,5
4,4,38,5,1000000,60,249985,250005,244,4,11.895,206.602,46.907,11.893,0.001,84067.645,10,1.0,1.0,2.152,464.72,16,5
4,4,39,5,1000000,60,249985,250005,244,4,11.895,206.602,46.907,11.893,0.001,84067.645,10,0.9,0.9,2.045,489.037,16,5
4,4,40,5,1000000,60,249985,250005,244,4,11.895,206.602,46.907,11.893,0.001,84067.645,10,1.0,1.0,2.311,432.791,16,5
4,4,41,5,1000000,60,249985,250005,244,4,11.895,206.602,46.907,11.893,0.001,84067.645,10,1.0,1.0,2.157,463.697,16,5
4,4,42,5,1000000,60,249985,250005,244,4,11.895,206.602,46.907,11.893,0.001,84067.645,10,0.8,0.8,2.225,449.413,16,5
4,4,43,5,1000000,60,249985,250005,244,4,11.895,206.602,46.907,11.893,0.001,84067.645,10,1.0,1.0,2.008,498.122,16,5
4,4,44,5,1000000,60,249985,250005,244,4,11.895,206.602,46.907,11.893,0.001,84067.645,10,0.8,0.8,2.097,476.853,16,5
4,4,45,5,1000000,60,249985,250005,244,4,11.895,206.602,46.907,11.893,0.001,84067.645,10,0.9,0.9,2.128,470.008,16,5
4,4,46,5,1000000,60,249985,250005,244,4,11.895,206.602,46.907,11.893,0.001,84067.645,10,1.0,1.0,2.023,494.407,16,5
4,4,47,5,1000000,60,249985,250005,244,4,11.895,206.602,46.907,11.893,0.001,84067.645,10,1.0,1.0,2.181,458.435,16,5
4,4,48,5,1000000,60,249985,250005,244,4,11.895,206.602,46.907,11.893,0.001,84067.645,10,0.7,0.7,2.157,463.517,16,5
4,4,49,5,1000000,60,249985,250005,244,4,11.895,206.602,46.907,11.893,0.001,84067.645,10,1.0,1.0,2.063,484.809,16,5
4,4,50,5,1000000,60,249985,250005,244,4,11.895,206.602,46.907,11.893,0.001,84067.645,10,1.0,1.0,2.17,460.918,16,5
4,4,51,5,1000000,60,249985,250005,244,4,11.895,206.602,46.907,11.893,0.001,84067.645,10,1.0,1.0,2.047,488.46,16,5
4,4,52,5,1000000,60,249985,250005,244,4,11.895,206.602,46.907,11.893,0.001,84067.645,10,0.9,0.9,2.133,468.75,16,5
4,4,53,5,1000000,60,249985,250005,244,4,11.895,206.602,46.907,11.893,0.001,84067.645,10,1.0,1.0,2.131,469.291,16,5
4,4,54,5,1000000,60,249985,250005,244,4,11.895,206.602,46.907,11.893,0.001,84067.645,10,0.6,0.6,2.144,466.391,16,5
4,4,55,5,1000000,60,249985,250005,244,4,11.895,206.602,46.907,11.893,0.001,84067.645,10,0.8,0.8,2.088,478.899,16,5
4,4,56,5,1000000,60,249985,250005,244,4,11.895,206.602,46.907,11.893,0.001,84067.645,10,1.0,1.0,2.036,491.159,16,5
4,4,57,5,1000000,60,249985,250005,244,4,11.895,206.602,46.907,11.893,0.001,84067.645,10,0.9,0.9,2.136,468.055,16,5
4,4,58,5,1000000,60,249985,250005,244,4,11.895,206.602,46.907,11.893,0.001,84067.645,10,1.0,1.0,2.174,459.982,16,5
4,4,59,5,1000000,60,249985,250005,244,4,11.895,206.602,46.907,11.893,0.001,84067.645,10,0.8,0.8,2.043,489.516,16,5
4,4,60,5,1000000,60,249985,250005,244,4,11.895,206.602,46.907,11.893,0.001,84067.645,10,1.0,1.0,2.03,492.51,16,5
4,4,61,5,1000000,60,249985,250005,244,4,11.895,206.602,46.907,11.893,0.001,84067.645,10,0.8,0.8,2.09,478.478,16,5
4,4,62,5,1000000,60,249985,250005,244,4,11.895,206.602,46.907,11.893,0.001,84067.645,10,1.0,1.0,2.01,497.543,16,5
4,4,63,5,1000000,60,249985,250005,244,4,11.895,206.602,46.907,11.893,0.001,84067.645,10,1.0,1.0,1.841,543.097,16,5
4,4,64,5,1000000,60,249985,250005,244,4,11.895,206.602,46.907,11.893,0.001,84067.645,10,0.9,0.9,2.034,491.713,16,5
4,4,65,5,1000000,60,249985,250005,244,4,11.895,206.602,46.907,11.893,0.001,84067.645,10,1.0,1.0,2.035,491.35,16,5
4,4,66,5,1000000,60,249985,250005,244,4,11.895,206.602,46.907,11.893,0.001,84067.645,10,1.0,1.0,2.318,431.313,16,5
4,4,67,5,1000000,60,249985,250005,244,4,11.895,206.602,46.907,11.893,0.001,84067.645,10,0.9,0.9,1.962,509.727,16,5
4,4,68,5,1000000,60,249985,250005,244,4,11.895,206.602,46.907,11.893,0.001,84067.645,10,1.0,1.0,2.145,466.282,16,5
4,4,69,5,1000000,60,249985,250005,244,4,11.895,206.602,46.907,11.893,0.001,84067.645,10,1.0,1.0,2.041,489.896,16,5
4,4,70,5,1000000,60,249985,250005,244,4,11.895,206.602,46.907,11.893,0.001,84067.645,10,0.9,0.9,2.187,457.239,16,5
4,4,71,5,1000000,60,249985,250005,244,4,11.895,206.602,46.907,11.893,0.001,84067.645,10,1.0,1.0,1.878,532.493,16,5
4,4,72,5,1000000,60,249985,250005,244,4,11.895,206.602,46.907,11.893,0.001,84067.645,10,0.8,0.8,2.042,489.806,16,5
4,4,73,5,1000000,60,249985,250005,244,4,11.895,206.602,46.907,11.893,0.001,84067.645,10,0.9,0.9,2.061,485.191,16,5
4,4,74,5,1000000,60,249985,250005,244,4,11.895,206.602,46.907,11.893,0.001,84067.645,10,1.0,1.0,2.14,467.317,16,5
4,4,75,5,1000000,60,249985,250005,244,4,11.895,206.602,46.907,11.893,0.001,84067.645,10,0.7,0.7,2.12,471.615,16,5
4,4,76,5,1000000,60,249985,250005,244,4,11.895,206.602,46.907,11.893,0.001,84067.645,10,0.8,0.8,2.233,447.786,16,5
4,4,77,5,1000000,60,249985,250005,244,4,11.895,206.602,46.907,11.893,0.001,84067.645,10,0.7,0.7,2.357,424.193,16,5
4,4,78,5,1000000,60,249985,250005,244,4,11.895,206.602,46.907,11.893,0.001,84067.645,10,1.0,1.0,2.106,474.777,16,5
4,4,79,5,1000000,60,249985,250005,244,4,11.895,206.602,46.907,11.893,0.001,84067.645,10,1.0,1.0,2.072,482.713,16,5
4,4,80,5,1000000,60,249985,250005,244,4,11.895,206.602,46.907,11.893,0.001,84067.645,10,1.0,1.0,2.136,468.073,16,5
4,4,81,5,1000000,60,249985,250005,244,4,11.895,206.602,46.907,11.893,0.001,84067.645,10,1.0,1.0,2.244,445.649,16,5
4,4,82,5,1000000,60,249985,250005,244,4,11.895,206.602,46.907,11.893,0.001,84067.645,10,0.9,0.9,2.094,477.574,16,5
4,4,83,5,1000000,60,249985,250005,244,4,11.895,206.602,46.907,11.893,0.001,84067.645,10,0.5,0.5,2.214,451.731,16,5
4,4,84,5,1000000,60,249985,250005,244,4,11.895,206.602,46.907,11.893,0.001,84067.645,10,1.0,1.0,2.226,449.312,16,5
4,4,85,5,1000000,60,249985,250005,244,4,11.895,206.602,46.907,11.893,0.001,84067.645,10,0.8,0.8,2.291,436.538,16,5
4,4,86,5,1000000,60,249985,250005,244,4,11.895,206.602,46.907,11.893,0.001,84067.645,10,1.0,1.0,1.933,517.297,16,5
4,4,87,5,1000000,60,249985,250005,244,4,11.895,206.602,46.907,11.893,0.001,84067.645,10,0.9,0.9,2.232,448.079,16,5
4,4,88,5,1000000,60,249985,250005,244,4,11.895,206.602,46.907,11.893,0.001,84067.645,10,1.0,1.0,2.171,460.547,16,5
4,4,89,5,1000000,60,249985,250005,244,4,11.895,206.602,46.907,11.893,0.001,84067.645,10,1.0,1.0,1.952,512.328,16,5
4,4,90,5,1000000,60,249985,250005,244,4,11.895,206.602,46.907,11.893,0.001,84067.645,10,1.0,1.0,2.084,479.808,16,5
4,4,91,5,1000000,60,249985,250005,244,4,11.895,206.602,46.907,11.893,0.001,84067.645,10,0.8,0.8,1.824,548.296,16,5
4,4,92,5,1000000,60,249985,250005,244,4,11.895,206.602,46.907,11.893,0.001,84067.645,10,1.0,1.0,2.084,479.77,16,5
4,4,93,5,1000000,60,249985,250005,244,4,11.895,206.602,46.907,11.893,0.001,84067.645,10,0.8,0.8,2.115,472.832,16,5
4,4,94,5,1000000,60,249985,250005,244,4,11.895,206.602,46.907,11.893,0.001,84067.645,10,0.7,0.7,2.104,475.36,16,5
4,4,95,5,1000000,60,249985,250005,244,4,11.895,206.602,46.907,11.893,0.001,84067.645,10,1.0,1.0,1.924,519.762,16,5
4,4,96,5,1000000,60,249985,250005,244,4,11.895,206.602,46.907,11.893,0.001,84067.645,10,0.9,0.9,2.266,441.355,16,5
5,5,1,1,1000000,60,199984,200004,240,5,15.038,261.588,73.73,15.036,0.001,66496.414,10,0.9,0.9,2.321,430.903,16,5
5,5,2,1,1000000,60,199984,200004,240,5,15.038,261.588,73.73,15.036,0.001,66496.414,10,0.8,0.8,2.356,424.471,16,5
5,5,3,1,1000000,60,199984,200004,240,5,15.038,261.588,73.73,15.036,0.001,66496.414,10,0.9,0.9,2.212,452.012,16,5
5,5,4,1,1000000,60,199984,200004,240,5,15.038,261.588,73.73,15.036,0.001,66496.414,10,0.9,0.9,2.174,459.885,16,5
5,5,5,1,1000000,60,199984,200004,240,5,15.038,261.588,73.73,15.036,0.001,66496.414,10,0.9,0.9,2.384,419.514,16,5
5,5,6,1,1000000,60,199984,200004,240,5,15.038,261.588,73.73,15.036,0.001,66496.414,10,0.8,0.8,2.324,430.362,16,5
5,5,7,1,1000000,60,199984,200004,240,5,15.038,261.588,73.73,15.036,0.001,66496.414,10,0.8,0.8,2.24,446.437,16,5
5,5,8,1,1000000,60,199984,200004,240,5,15.038,261.588,73.73,15.036,0.001,66496.414,10,1.0,1.0,2.318,431.337,16,5
5,5,9,1,1000000,60,199984,200004,240,5,15.038,261.588,73.73,15.036,0.001,66496.414,10,0.9,0.9,2.53,395.27,16,5
5,5,10,1,1000000,60,199984,200004,240,5,15.038,261.588,73.73,15.036,0.001,66496.414,10,0.9,0.9,2.352,425.238,16,5
5,5,11,1,1000000,60,199984,200004,240,5,15.038,261.588,73.73,15.036,0.001,66496.414,10,1.0,1.0,2.234,447.619,16,5
5,5,12,1,1000000,60,199984,200004,240,5,15.038,261.588,73.73,15.036,0.001,66496.414,10,0.9,0.9,2.459,406.738,16,5
5,5,13,1,1000000,60,199984,200004,240,5,15.038,261.588,73.73,15.036,0.001,66496.414,10,0.8,0.8,2.317,431.499,16,5
5,5,14,1,1000000,60,199984,200004,240,5,15.038,261.588,73.73,15.036,0.001,66496.414,10,0.7,0.7,2.339,427.571,16,5
5,5,15,1,1000000,60,199984,200004,240,5,15.038,261.588,73.73,15.036,0.001,66496.414,10,0.5,0.5,2.751,363.455,16,5
5,5,16,1,1000000,60,199984,200004,240,5,15.038,261.588,73.73,15.036,0.001,66496.414,10,0.9,0.9,2.352,425.17,16,5
5,5,17,1,1000000,60,199984,200004,240,5,15.038,261.588,73.73,15.036,0.001,66496.414,10,0.8,0.8,2.208,452.89,16,5
5,5,18,1,1000000,60,199984,200004,240,5,15.038,261.588,73.73,15.036,0.001,66496.414,10,0.6,0.6,2.282,438.156,16,5
5,5,19,1,1000000,60,199984,200004,240,5,15.038,261.588,73.73,15.036,0.001,66496.414,10,0.7,0.7,2.427,412.003,16,5
5,5,20,1,1000000,60,199984,200004,240,5,15.038,261.588,73.73,15.036,0.001,66496.414,10,0.9,0.9,2.312,432.526,16,5
5,5,21,1,1000000,60,199984,200004,240,5,15.038,261.588,73.73,15.036,0.001,66496.414,10,0.9,0.9,2.279,438.853,16,5
5,5,22,1,1000000,60,199984,200004,240,5,15.038,261.588,73.73,15.036,0.001,66496.414,10,0.8,0.8,2.167,461.565,16,5
5,5,23,1,1000000,60,199984,200004,240,5,15.038,261.588,73.73,15.036,0.001,66496.414,10,0.9,0.9,2.27,440.561,16,5
5,5,24,1,1000000,60,199984,200004,240,5,15.038,261.588,73.73,15.036,0.001,66496.414,10,0.9,0.9,2.225,449.472,16,5
5,5,25,1,1000000,60,199984,200004,240,5,15.038,261.588,73.73,15.036,0.001,66496.414,10,1.0,1.0,2.117,472.339,16,5
5,5,26,1,1000000,60,199984,200004,240,5,15.038,261.588,73.73,15.036,0.001,66496.414,10,0.8,0.8,2.316,431.732,16,5
5,5,27,1,1000000,60,199984,200004,240,5,15.038,261.588,73.73,15.036,0.001,66496.414,10,1.0,1.0,2.273,439.85,16,5
5,5,28,1,1000000,60,199984,200004,240,5,15.038,261.588,73.73,15.036,0.001,66496.414,10,1.0,1.0,2.221,450.214,16,5
5,5,29,1,1000000,60,199984,200004,240,5,15.038,261.588,73.73,15.036,0.001,66496.414,10,0.9,0.9,2.556,391.287,16,5
5,5,30,1,1000000,60,199984,200004,240,5,15.038,261.588,73.73,15.036,0.001,66496.414,10,0.9,0.9,2.404,416.031,16,5
5,5,31,1,1000000,60,199984,200004,240,5,15.038,261.588,73.73,15.036,0.001,66496.414,10,1.0,1.0,2.319,431.166,16,5
5,5,32,1,1000000,60,199984,200004,240,5,15.038,261.588,73.73,15.036,0.001,66496.414,10,0.8,0.8,2.259,442.69,16,5
5,5,33,1,1000000,60,199984,200004,240,5,15.038,261.588,73.73,15.036,0.001,66496.414,10,0.9,0.9,2.197,455.209,16,5
5,5,34,1,1000000,60,199984,200004,240,5,15.038,261.588,73.73,15.036,0.001,66496.414,10,1.0,1.0,2.145,466.21,16,5
5,5,35,1,1000000,60,199984,200004,240,5,15.038,261.588,73.73,15.036,0.001,66496.414,10,0.8,0.8,2.426,412.265,16,5
5,5,36,1,1000000,60,199984,200004,240,5,15.038,261.588,73.73,15.036,0.001,66496.414,10,1.0,1.0,2.223,449.935,16,5
5,5,37,1,1000000,60,199984,200004,240,5,15.038,261.588,73.73,15.036,0.001,66496.414,10,0.6,0.6,2.292,436.364,16,5
5,5,38,1,1000000,60,199984,200004,240,5,15.038,261.588,73.73,15.036,0.001,66496.414,10,1.0,1.0,2.316,431.732,16,5
5,5,39,1,1000000,60,199984,200004,240,5,15.038,261.588,73.73,15.036,0.001,66496.414,10,1.0,1.0,2.244,445.591,16,5
5,5,40,1,1000000,60,199984,200004,240,5,15.038,261.588,73.73,15.036,0.001,66496.414,10,0.8,0.8,2.19,456.595,16,5
5,5,41,1,1000000,60,199984,200004,240,5,15.038,261.588,73.73,15.036,0.001,66496.414,10,0.9,0.9,2.208,452.984,16,5
5,5,42,1,1000000,60,199984,200004,240,5,15.038,261.588,73.73,15.036,0.001,66496.414,10,0.9,0.9,2.308,433.236,16,5
5,5,43,1,1000000,60,199984,200004,240,5,15.038,261.588,73.73,15.036,0.001,66496.414,10,0.8,0.8,2.487,402.098,16,5
5,5,44,1,1000000,60,199984,200004,240,5,15.038,261.588,73.73,15.036,0.001,66496.414,10,0.8,0.8,2.378,420.573,16,5
5,5,45,1,1000000,60,199984,200004,240,5,15.038,261.588,73.73,15.036,0.001,66496.414,10,0.9,0.9,2.168,461.317,16,5
5,5,46,1,1000000,60,199984,200004,240,5,15.038,261.588,73.73,15.036,0.001,66496.414,10,1.0,1.0,2.132,469.089,16,5
5,5,47,1,1000000,60,199984,200004,240,5,15.038,261.588,73.73,15.036,0.001,66496.414,10,1.0,1.0,2.272,440.23,16,5
5,5,48,1,1000000,60,199984,200004,240,5,15.038,261.588,73.73,15.036,0.001,66496.414,10,0.6,0.6,2.314,432.144,16,5
5,5,49,1,1000000,60,199984,200004,240,5,15.038,261.588,73.73,15.036,0.001,66496.414,10,1.0,1.0,2.231,448.196,16,5
5,5,50,1,1000000,60,199984,200004,240,5,15.038,261.588,73.73,15.036,0.001,66496.414,10,1.0,1.0,2.219,450.704,16,5
5,5,51,1,1000000,60,199984,200004,240,5,15.038,261.588,73.73,15.036,0.001,66496.414,10,0.9,0.9,2.2,454.606,16,5
5,5,52,1,1000000,60,199984,200004,240,5,15.038,261.588,73.73,15.036,0.001,66496.414,10,0.8,0.8,2.334,428.525,16,5
5,5,53,1,1000000,60,199984,200004,240,5,15.038,261.588,73.73,15.036,0.001,66496.414,10,1.0,1.0,2.144,466.354,16,5
5,5,54,1,1000000,60,199984,200004,240,5,15.038,261.588,73.73,15.036,0.001,66496.414,10,0.9,0.9,2.263,441.956,16,5
5,5,55,1,1000000,60,199984,200004,240,5,15.038,261.588,73.73,15.036,0.001,66496.414,10,0.8,0.8,2.202,454.107,16,5
5,5,56,1,1000000,60,199984,200004,240,5,15.038,261.588,73.73,15.036,0.001,66496.414,10,1.0,1.0,2.061,485.319,16,5
5,5,57,1,1000000,60,199984,200004,240,5,15.038,261.588,73.73,15.036,0.001,66496.414,10,0.9,0.9,2.206,453.241,16,5
5,5,58,1,1000000,60,199984,200004,240,5,15.038,261.588,73.73,15.036,0.001,66496.414,10,1.0,1.0,2.194,455.78,16,5
5,5,59,1,1000000,60,199984,200004,240,5,15.038,261.588,73.73,15.036,0.001,66496.414,10,1.0,1.0,2.221,450.281,16,5
5,5,60,1,1000000,60,199984,200004,240,5,15.038,261.588,73.73,15.036,0.001,66496.414,10,1.0,1.0,2.055,486.578,16,5
5,5,61,1,1000000,60,199984,200004,240,5,15.038,261.588,73.73,15.036,0.001,66496.414,10,0.8,0.8,2.279,438.757,16,5
5,5,62,1,1000000,60,199984,200004,240,5,15.038,261.588,73.73,15.036,0.001,66496.414,10,1.0,1.0,2.216,451.34,16,5
5,5,63,1,1000000,60,199984,200004,240,5,15.038,261.588,73.73,15.036,0.001,66496.414,10,0.9,0.9,1.996,500.877,16,5
5,5,64,1,1000000,60,199984,200004,240,5,15.038,261.588,73.73,15.036,0.001,66496.414,10,0.9,0.9,2.243,445.848,16,5
5,5,65,1,1000000,60,199984,200004,240,5,15.038,261.588,73.73,15.036,0.001,66496.414,10,1.0,1.0,2.171,460.564,16,5
5,5,66,1,1000000,60,199984,200004,240,5,15.038,261.588,73.73,15.036,0.001,66496.414,10,1.0,1.0,2.257,442.968,16,5
5,5,67,1,1000000,60,199984,200004,240,5,15.038,261.588,73.73,15.036,0.001,66496.414,10,1.0,1.0,2.123,471.004,16,5
5,5,68,1,1000000,60,199984,200004,240,5,15.038,261.588,73.73,15.036,0.001,66496.414,10,1.0,1.0,2.16,463.026,16,5
5,5,69,1,1000000,60,199984,200004,240,5,15.038,261.588,73.73,15.036,0.001,66496.414,10,1.0,1.0,2.108,474.28,16,5
5,5,70,1,1000000,60,199984,200004,240,5,15.038,261.588,73.73,15.036,0.001,66496.414,10,1.0,1.0,2.25,444.412,16,5
5,5,71,1,1000000,60,199984,200004,240,5,15.038,261.588,73.73,15.036,0.001,66496.414,10,1.0,1.0,1.956,511.204,16,5
5,5,72,1,1000000,60,199984,200004,240,5,15.038,261.588,73.73,15.036,0.001,66496.414,10,0.8,0.8,2.17,460.936,16,5
5,5,73,1,1000000,60,199984,200004,240,5,15.038,261.588,73.73,15.036,0.001,66496.414,10,0.8,0.8,2.142,466.917,16,5
5,5,74,1,1000000,60,199984,200004,240,5,15.038,261.588,73.73,15.036,0.001,66496.414,10,0.9,0.9,2.257,443.05,16,5
5,5,75,1,1000000,60,199984,200004,240,5,15.038,261.588,73.73,15.036,0.001,66496.414,10,0.7,0.7,2.212,452.062,16,5
5,5,76,1,1000000,60,199984,200004,240,5,15.038,261.588,73.73,15.036,0.001,66496.414,10,0.7,0.7,2.239,446.595,16,5
5,5,77,1,1000000,60,199984,200004,240,5,15.038,261.588,73.73,15.036,0.001,66496.414,10,1.0,1.0,2.341,427.191,16,5
5,5,78,1,1000000,60,199984,200004,240,5,15.038,261.588,73.73,15.036,0.001,66496.414,10,1.0,1.0,2.188,457.004,16,5
5,5,79,1,1000000,60,199984,200004,240,5,15.038,261.588,73.73,15.036,0.001,66496.414,10,0.9,0.9,2.23,448.481,16,5
5,5,80,1,1000000,60,199984,200004,240,5,15.038,261.588,73.73,15.036,0.001,66496.414,10,0.9,0.9,2.072,482.655,16,5
5,5,81,1,1000000,60,199984,200004,240,5,15.038,261.588,73.73,15.036,0.001,66496.414,10,0.9,0.9,2.279,438.773,16,5
5,5,82,1,1000000,60,199984,200004,240,5,15.038,261.588,73.73,15.036,0.001,66496.414,10,1.0,1.0,2.275,439.577,16,5
5,5,83,1,1000000,60,199984,200004,240,5,15.038,261.588,73.73,15.036,0.001,66496.414,10,0.7,0.7,2.225,449.371,16,5
5,5,84,1,1000000,60,199984,200004,240,5,15.038,261.588,73.73,15.036,0.001,66496.414,10,0.8,0.8,2.29,436.665,16,5
5,5,85,1,1000000,60,199984,200004,240,5,15.038,261.588,73.73,15.036,0.001,66496.414,10,1.0,1.0,2.311,432.666,16,5
5,5,86,1,1000000,60,199984,200004,240,5,15.038,261.588,73.73,15.036,0.001,66496.414,10,1.0,1.0,2.026,493.512,16,5
5,5,87,1,1000000,60,199984,200004,240,5,15.038,261.588,73.73,15.036,0.001,66496.414,10,1.0,1.0,2.305,433.855,16,5
5,5,88,1,1000000,60,199984,200004,240,5,15.038,261.588,73.73,15.036,0.001,66496.414,10,0.9,0.9,2.221,450.18,16,5
5,5,89,1,1000000,60,199984,200004,240,5,15.038,261.588,73.73,15.036,0.001,66496.414,10,1.0,1.0,2.029,492.975,16,5
5,5,90,1,1000000,60,199984,200004,240,5,15.038,261.588,73.73,15.036,0.001,66496.414,10,0.9,0.9,2.261,442.348,16,5
5,5,91,1,1000000,60,199984,200004,240,5,15.038,261.588,73.73,15.036,0.001,66496.414,10,0.8,0.8,1.915,522.136,16,5
5,5,92,1,1000000,60,199984,200004,240,5,15.038,261.588,73.73,15.036,0.001,66496.414,10,1.0,1.0,2.171,460.591,16,5
5,5,93,1,1000000,60,199984,200004,240,5,15.038,261.588,73.73,15.036,0.001,66496.414,10,0.8,0.8,2.244,445.707,16,5
5,5,94,1,1000000,60,199984,200004,240,5,15.038,261.588,73.73,15.036,0.001,66496.414,10,0.9,0.9,2.142,466.871,16,5
5,5,95,1,1000000,60,199984,200004,240,5,15.038,261.588,73.73,15.036,0.001,66496.414,10,1.0,1.0,2.081,480.586,16,5
5,5,96,1,1000000,60,199984,200004,240,5,15.038,261.588,73.73,15.036,0.001,66496.414,10,1.0,1.0,2.231,448.146,16,5
5,5,97,1,1000000,60,199984,200004,240,5,15.038,261.588,73.73,15.036,0.001,66496.414,10,1.0,1.0,2.426,412.236,16,5
5,5,98,1,1000000,60,199984,200004,240,5,15.038,261.588,73.73,15.036,0.001,66496.414,10,0.9,0.9,2.295,435.817,16,5
5,5,99,1,1000000,60,199984,200004,240,5,15.038,261.588,73.73,15.036,0.001,66496.414,10,1.0,1.0,2.1,476.294,16,5
5,5,100,1,1000000,60,199984,200004,240,5,15.038,261.588,73.73,15.036,0.001,66496.414,10,1.0,1.0,2.118,472.162,16,5
5,5,100,2,1000000,60,199984,200004,240,5,15.038,261.588,73.73,15.036,0.001,66496.414,10,1.0,1.0,2.168,461.352,16,5
5,5,1,2,1000000,60,199984,200004,240,5,15.038,261.588,73.73,15.036,0.001,66496.414,10,0.9,0.9,2.354,424.816,16,5
5,5,2,2,1000000,60,199984,200004,240,5,15.038,261.588,73.73,15.036,0.001,66496.414,10,0.8,0.8,2.733,365.909,16,5
5,5,3,2,1000000,60,199984,200004,240,5,15.038,261.588,73.73,15.036,0.001,66496.414,10,0.9,0.9,2.345,426.523,16,5
5,5,4,2,1000000,60,199984,200004,240,5,15.038,261.588,73.73,15.036,0.001,66496.414,10,0.9,0.9,2.105,475.116,16,5
5,5,5,2,1000000,60,199984,200004,240,5,15.038,261.588,73.73,15.036,0.001,66496.414,10,0.9,0.9,2.755,362.921,16,5
5,5,6,2,1000000,60,199984,200004,240,5,15.038,261.588,73.73,15.036,0.001,66496.414,10,0.8,0.8,2.465,405.707,16,5
5,5,7,2,1000000,60,199984,200004,240,5,15.038,261.588,73.73,15.036,0.001,66496.414,10,0.8,0.8,2.324,430.277,16,5
5,5,8,2,1000000,60,199984,200004,240,5,15.038,261.588,73.73,15.036,0.001,66496.414,10,1.0,1.0,2.571,389.029,16,5
5,5,9,2,1000000,60,199984,200004,240,5,15.038,261.588,73.73,15.036,0.001,66496.414,10,0.9,0.9,2.416,413.893,16,5
5,5,10,2,1000000,60,199984,200004,240,5,15.038,261.588,73.73,15.036,0.001,66496.414,10,0.9,0.9,2.323,430.555,16,5
5,5,11,2,1000000,60,199984,200004,240,5,15.038,261.588,73.73,15.036,0.001,66496.414,10,1.0,1.0,2.341,427.251,16,5
5,5,12,2,1000000,60,199984,200004,240,5,15.038,261.588,73.73,15.036,0.001,66496.414,10,0.9,0.9,2.429,411.742,16,5
5,5,13,2,1000000,60,199984,200004,240,5,15.038,261.588,73.73,15.036,0.001,66496.414,10,0.8,0.8,2.382,419.889,16,5
5,5,14,2,1000000,60,199984,200004,240,5,15.038,261.588,73.73,15.036,0.001,66496.414,10,0.7,0.7,2.539,393.843,16,5
5,5,15,2,1000000,60,199984,200004,240,5,15.038,261.588,73.73,15.036,0.001,66496.414,10,0.5,0.5,2.518,397.101,16,5
5,5,16,2,1000000,60,199984,200004,240,5,15.038,261.588,73.73,15.036,0.001,66496.414,10,0.9,0.9,2.432,411.191,16,5
5,5,17,2,1000000,60,199984,200004,240,5,15.038,261.588,73.73,15.036,0.001,66496.414,10,0.8,0.8,2.471,404.654,16,5
5,5,18,2,1000000,60,199984,200004,240,5,15.038,261.588,73.73,15.036,0.001,66496.414,10,0.6,0.6,2.356,424.501,16,5
5,5,19,2,1000000,60,199984,200004,240,5,15.038,261.588,73.73,15.036,0.001,66496.414,10,0.7,0.7,2.4,416.746,16,5
5,5,20,2,1000000,60,199984,200004,240,5,15.038,261.588,73.73,15.036,0.001,66496.414,10,0.9,0.9,2.399,416.761,16,5
5,5,21,2,1000000,60,199984,200004,240,5,15.038,261.588,73.73,15.036,0.001,66496.414,10,0.9,0.9,2.269,440.658,16,5
5,5,22,2,1000000,60,199984,200004,240,5,15.038,261.588,73.73,15.036,0.001,66496.414,10,0.8,0.8,2.2,454.589,16,5
5,5,23,2,1000000,60,199984,200004,240,5,15.038,261.588,73.73,15.036,0.001,66496.414,10,0.9,0.9,2.247,445.096,16,5
5,5,24,2,1000000,60,199984,200004,240,5,15.038,261.588,73.73,15.036,0.001,66496.414,10,0.9,0.9,2.226,449.245,16,5
5,5,25,2,1000000,60,199984,200004,240,5,15.038,261.588,73.73,15.036,0.001,66496.414,10,1.0,1.0,2.099,476.361,16,5
5,5,26,2,1000000,60,199984,200004,240,5,15.038,261.588,73.73,15.036,0.001,66496.414,10,0.8,0.8,2.268,440.901,16,5
5,5,27,2,1000000,60,199984,200004,240,5,15.038,261.588,73.73,15.036,0.001,66496.414,10,1.0,1.0,2.213,451.799,16,5
5,5,28,2,1000000,60,199984,200004,240,5,15.038,261.588,73.73,15.036,0.001,66496.414,10,1.0,1.0,2.21,452.565,16,5
5,5,29,2,1000000,60,199984,200004,240,5,15.038,261.588,73.73,15.036,0.001,66496.414,10,0.9,0.9,2.348,425.849,16,5
5,5,30,2,1000000,60,199984,200004,240,5,15.038,261.588,73.73,15.036,0.001,66496.414,10,0.9,0.9,2.118,472.106,16,5
5,5,31,2,1000000,60,199984,200004,240,5,15.038,261.588,73.73,15.036,0.001,66496.414,10,1.0,1.0,2.147,465.766,16,5
5,5,32,2,1000000,60,199984,200004,240,5,15.038,261.588,73.73,15.036,0.001,66496.414,10,0.8,0.8,2.306,433.667,16,5
5,5,33,2,1000000,60,199984,200004,240,5,15.038,261.588,73.73,15.036,0.001,66496.414,10,0.9,0.9,2.27,440.456,16,5
5,5,34,2,1000000,60,199984,200004,240,5,15.038,261.588,73.73,15.036,0.001,66496.414,10,1.0,1.0,2.098,476.73,16,5
5,5,35,2,1000000,60,199984,200004,240,5,15.038,261.588,73.73,15.036,0.001,66496.414,10,0.8,0.8,2.395,417.507,16,5
5,5,36,2,1000000,60,199984,200004,240,5,15.038,261.588,73.73,15.036,0.001,66496.414,10,1.0,1.0,2.17,460.918,16,5
5,5,37,2,1000000,60,199984,200004,240,5,15.038,261.588,73.73,15.036,0.001,66496.414,10,0.6,0.6,2.286,437.358,16,5
5,5,38,2,1000000,60,199984,200004,240,5,15.038,261.588,73.73,15.036,0.001,66496.414,10,1.0,1.0,2.242,446.064,16,5
5,5,39,2,1000000,60,199984,200004,240,5,15.038,261.588,73.73,15.036,0.001,66496.414,10,1.0,1.0,2.229,448.724,16,5
5,5,40,2,1000000,60,199984,200004,240,5,15.038,261.588,73.73,15.036,0.001,66496.414,10,0.8,0.8,2.344,426.712,16,5
5,5,41,2,1000000,60,199984,200004,240,5,15.038,261.588,73.73,15.036,0.001,66496.414,10,0.9,0.9,2.222,449.994,16,5
5,5,42,2,1000000,60,199984,200004,240,5,15.038,261.588,73.73,15.036,0.001,66496.414,10,0.9,0.9,2.313,432.425,16,5
5,5,43,2,1000000,60,199984,200004,240,5,15.038,261.588,73.73,15.036,0.001,66496.414,10,0.8,0.8,2.111,473.719,16,5
5,5,44,2,1000000,60,199984,200004,240,5,15.038,261.588,73.73,15.036,0.001,66496.414,10,0.8,0.8,2.2,454.494,16,5
5,5,45,2,1000000,60,199984,200004,240,5,15.038,261.588,73.73,15.036,0.001,66496.414,10,0.9,0.9,2.192,456.161,16,5
5,5,46,2,1000000,60,199984,200004,240,5,15.038,261.588,73.73,15.036,0.001,66496.414,10,1.0,1.0,2.196,455.451,16,5
5,5,47,2,1000000,60,199984,200004,240,5,15.038,261.588,73.73,15.036,0.001,66496.414,10,1.0,1.0,2.337,427.945,16,5
5,5,48,2,1000000,60,199984,200004,240,5,15.038,261.588,73.73,15.036,0.001,66496.414,10,0.6,0.6,2.291,436.419,16,5
5,5,49,2,1000000,60,199984,200004,240,5,15.038,261.588,73.73,15.036,0.001,66496.414,10,1.0,1.0,2.239,446.703,16,5
5,5,50,2,1000000,60,199984,200004,240,5,15.038,261.588,73.73,15.036,0.001,66496.414,10,1.0,1.0,2.181,458.584,16,5
5,5,51,2,1000000,60,199984,200004,240,5,15.038,261.588,73.73,15.036,0.001,66496.414,10,0.9,0.9,2.203,454.021,16,5
5,5,52,2,1000000,60,199984,200004,240,5,15.038,261.588,73.73,15.036,0.001,66496.414,10,0.8,0.8,2.134,468.54,16,5
5,5,53,2,1000000,60,199984,200004,240,5,15.038,261.588,73.73,15.036,0.001,66496.414,10,1.0,1.0,2.428,411.897,16,5
5,5,54,2,1000000,60,199984,200004,240,5,15.038,261.588,73.73,15.036,0.001,66496.414,10,0.9,0.9,2.345,426.462,16,5
5,5,55,2,1000000,60,199984,200004,240,5,15.038,261.588,73.73,15.036,0.001,66496.414,10,0.8,0.8,2.201,454.373,16,5
5,5,56,2,1000000,60,199984,200004,240,5,15.038,261.588,73.73,15.036,0.001,66496.414,10,1.0,1.0,2.136,468.101,16,5
5,5,57,2,1000000,60,199984,200004,240,5,15.038,261.588,73.73,15.036,0.001,66496.414,10,0.9,0.9,2.204,453.643,16,5
5,5,58,2,1000000,60,199984,200004,240,5,15.038,261.588,73.73,15.036,0.001,66496.414,10,1.0,1.0,2.237,446.986,16,5
5,5,59,2,1000000,60,199984,200004,240,5,15.038,261.588,73.73,15.036,0.001,66496.414,10,1.0,1.0,2.295,435.793,16,5
5,5,60,2,1000000,60,199984,200004,240,5,15.038,261.588,73.73,15.036,0.001,66496.414,10,1.0,1.0,2.001,499.729,16,5
5,5,61,2,1000000,60,199984,200004,240,5,15.038,261.588,73.73,15.036,0.001,66496.414,10,0.8,0.8,2.306,433.604,16,5
5,5,62,2,1000000,60,199984,200004,240,5,15.038,261.588,73.73,15.036,0.001,66496.414,10,1.0,1.0,2.145,466.228,16,5
5,5,63,2,1000000,60,199984,200004,240,5,15.038,261.588,73.73,15.036,0.001,66496.414,10,0.9,0.9,2.045,489.087,16,5
5,5,64,2,1000000,60,199984,200004,240,5,15.038,261.588,73.73,15.036,0.001,66496.414,10,0.9,0.9,2.173,460.167,16,5
5,5,65,2,1000000,60,199984,200004,240,5,15.038,261.588,73.73,15.036,0.001,66496.414,10,1.0,1.0,2.148,465.441,16,5
5,5,66,2,1000000,60,199984,200004,240,5,15.038,261.588,73.73,15.036,0.001,66496.414,10,1.0,1.0,2.395,417.493,16,5
5,5,67,2,1000000,60,199984,200004,240,5,15.038,261.588,73.73,15.036,0.001,66496.414,10,1.0,1.0,2.176,459.453,16,5
5,5,68,2,1000000,60,199984,200004,240,5,15.038,261.588,73.73,15.036,0.001,66496.414,10,1.0,1.0,2.141,467.153,16,5
5,5,69,2,1000000,60,199984,200004,240,5,15.038,261.588,73.73,15.036,0.001,66496.414,10,1.0,1.0,2.159,463.088,16,5
5,5,70,2,1000000,60,199984,200004,240,5,15.038,261.588,73.73,15.036,0.001,66496.414,10,1.0,1.0,2.213,451.79,16,5
5,5,71,2,1000000,60,199984,200004,240,5,15.038,261.588,73.73,15.036,0.001,66496.414,10,1.0,1.0,1.995,501.305,16,5
5,5,72,2,1000000,60,199984,200004,240,5,15.038,261.588,73.73,15.036,0.001,66496.414,10,0.8,0.8,2.17,460.856,16,5
5,5,73,2,1000000,60,199984,200004,240,5,15.038,261.588,73.73,15.036,0.001,66496.414,10,0.8,0.8,2.133,468.778,16,5
5,5,74,2,1000000,60,199984,200004,240,5,15.038,261.588,73.73,15.036,0.001,66496.414,10,0.9,0.9,2.28,438.508,16,5
5,5,75,2,1000000,60,199984,200004,240,5,15.038,261.588,73.73,15.036,0.001,66496.414,10,0.7,0.7,2.253,443.894,16,5
5,5,76,2,1000000,60,199984,200004,240,5,15.038,261.588,73.73,15.036,0.001,66496.414,10,0.7,0.7,2.1,476.087,16,5
5,5,77,2,1000000,60,199984,200004,240,5,15.038,261.588,73.73,15.036,0.001,66496.414,10,1.0,1.0,2.319,431.306,16,5
5,5,78,2,1000000,60,199984,200004,240,5,15.038,261.588,73.73,15.036,0.001,66496.414,10,1.0,1.0,2.189,456.83,16,5
5,5,79,2,1000000,60,199984,200004,240,5,15.038,261.588,73.73,15.036,0.001,66496.414,10,0.9,0.9,2.188,456.995,16,5
5,5,80,2,1000000,60,199984,200004,240,5,15.038,261.588,73.73,15.036,0.001,66496.414,10,0.9,0.9,2.138,467.754,16,5
5,5,81,2,1000000,60,199984,200004,240,5,15.038,261.588,73.73,15.036,0.001,66496.414,10,0.9,0.9,2.312,432.44,16,5
5,5,82,2,1000000,60,199984,200004,240,5,15.038,261.588,73.73,15.036,0.001,66496.414,10,1.0,1.0,2.282,438.132,16,5
5,5,83,2,1000000,60,199984,200004,240,5,15.038,261.588,73.73,15.036,0.001,66496.414,10,0.7,0.7,2.267,441.047,16,5
5,5,84,2,1000000,60,199984,200004,240,5,15.038,261.588,73.73,15.036,0.001,66496.414,10,0.8,0.8,2.406,415.707,16,5
5,5,85,2,1000000,60,199984,200004,240,5,15.038,261.588,73.73,15.036,0.001,66496.414,10,1.0,1.0,2.279,438.853,16,5
5,5,86,2,1000000,60,199984,200004,240,5,15.038,261.588,73.73,15.036,0.001,66496.414,10,1.0,1.0,2.017,495.704,16,5
5,5,87,2,1000000,60,199984,200004,240,5,15.038,261.588,73.73,15.036,0.001,66496.414,10,1.0,1.0,2.219,450.62,16,5
5,5,88,2,1000000,60,199984,200004,240,5,15.038,261.588,73.73,15.036,0.001,66496.414,10,0.9,0.9,2.279,438.701,16,5
5,5,89,2,1000000,60,199984,200004,240,5,15.038,261.588,73.73,15.036,0.001,66496.414,10,1.0,1.0,2.009,497.75,16,5
5,5,90,2,1000000,60,199984,200004,240,5,15.038,261.588,73.73,15.036,0.001,66496.414,10,0.9,0.9,2.247,445.087,16,5
5,5,91,2,1000000,60,199984,200004,240,5,15.038,261.588,73.73,15.036,0.001,66496.414,10,0.8,0.8,1.902,525.636,16,5
5,5,92,2,1000000,60,199984,200004,240,5,15.038,261.588,73.73,15.036,0.001,66496.414,10,1.0,1.0,2.258,442.813,16,5
5,5,93,2,1000000,60,199984,200004,240,5,15.038,261.588,73.73,15.036,0.001,66496.414,10,0.8,0.8,2.253,443.935,16,5
5,5,94,2,1000000,60,199984,200004,240,5,15.038,261.588,73.73,15.036,0.001,66496.414,10,0.9,0.9,2.22,450.51,16,5
5,5,95,2,1000000,60,199984,200004,240,5,15.038,261.588,73.73,15.036,0.001,66496.414,10,1.0,1.0,2.076,481.618,16,5
5,5,96,2,1000000,60,199984,200004,240,5,15.038,261.588,73.73,15.036,0.001,66496.414,10,1.0,1.0,2.314,432.191,16,5
5,5,97,2,1000000,60,199984,200004,240,5,15.038,261.588,73.73,15.036,0.001,66496.414,10,1.0,1.0,2.404,415.894,16,5
5,5,98,2,1000000,60,199984,200004,240,5,15.038,261.588,73.73,15.036,0.001,66496.414,10,0.9,0.9,2.156,463.795,16,5
5,5,99,2,1000000,60,199984,200004,240,5,15.038,261.588,73.73,15.036,0.001,66496.414,10,1.0,1.0,2.169,461.051,16,5
5,5,99,3,1000000,60,199984,200004,240,5,15.038,261.588,73.73,15.036,0.001,66496.414,10,1.0,1.0,2.183,458.103,16,5
5,5,100,3,1000000,60,199984,200004,240,5,15.038,261.588,73.73,15.036,0.001,66496.414,10,1.0,1.0,2.209,452.702,16,5
5,5,1,3,1000000,60,199984,200004,240,5,15.038,261.588,73.73,15.036,0.001,66496.414,10,0.9,0.9,2.421,413.052,16,5
5,5,2,3,1000000,60,199984,200004,240,5,15.038,261.588,73.73,15.036,0.001,66496.414,10,0.8,0.8,2.46,406.463,16,5
5,5,3,3,1000000,60,199984,200004,240,5,15.038,261.588,73.73,15.036,0.001,66496.414,10,0.9,0.9,2.207,453.129,16,5
5,5,4,3,1000000,60,199984,200004,240,5,15.038,261.588,73.73,15.036,0.001,66496.414,10,0.9,0.9,2.141,467.017,16,5
5,5,5,3,1000000,60,199984,200004,240,5,15.038,261.588,73.73,15.036,0.001,66496.414,10,0.9,0.9,2.386,419.09,16,5
5,5,6,3,1000000,60,199984,200004,240,5,15.038,261.588,73.73,15.036,0.001,66496.414,10,0.8,0.8,2.332,428.816,16,5
5,5,7,3,1000000,60,199984,200004,240,5,15.038,261.588,73.73,15.036,0.001,66496.414,10,0.8,0.8,2.164,462.081,16,5
5,5,8,3,1000000,60,199984,200004,240,5,15.038,261.588,73.73,15.036,0.001,66496.414,10,1.0,1.0,2.341,427.183,16,5
5,5,9,3,1000000,60,199984,200004,240,5,15.038,261.588,73.73,15.036,0.001,66496.414,10,0.9,0.9,2.174,460.017,16,5
5,5,10,3,1000000,60,199984,200004,240,5,15.038,261.588,73.73,15.036,0.001,66496.414,10,0.9,0.9,2.226,449.211,16,5
5,5,11,3,1000000,60,199984,200004,240,5,15.038,261.588,73.73,15.036,0.001,66496.414,10,1.0,1.0,2.26,442.519,16,5
5,5,12,3,1000000,60,199984,200004,240,5,15.038,261.588,73.73,15.036,0.001,66496.414,10,0.9,0.9,2.329,429.392,16,5
5,5,13,3,1000000,60,199984,200004,240,5,15.038,261.588,73.73,15.036,0.001,66496.414,10,0.8,0.8,2.296,435.508,16,5
5,5,14,3,1000000,60,199984,200004,240,5,15.038,261.588,73.73,15.036,0.001,66496.414,10,0.7,0.7,2.428,411.925,16,5
5,5,15,3,1000000,60,199984,200004,240,5,15.038,261.588,73.73,15.036,0.001,66496.414,10,0.5,0.5,2.376,420.89,16,5
5,5,16,3,1000000,60,199984,200004,240,5,15.038,261.588,73.73,15.036,0.001,66496.414,10,0.9,0.9,2.253,443.803,16,5
5,5,17,3,1000000,60,199984,200004,240,5,15.038,261.588,73.73,15.036,0.001,66496.414,10,0.8,0.8,2.177,459.269,16,5
5,5,18,3,1000000,60,199984,200004,240,5,15.038,261.588,73.73,15.036,0.001,66496.414,10,0.6,0.6,2.142,466.844,16,5
5,5,19,3,1000000,60,199984,200004,240,5,15.038,261.588,73.73,15.036,0.001,66496.414,10,0.7,0.7,2.365,422.907,16,5
5,5,20,3,1000000,60,199984,200004,240,5,15.038,261.588,73.73,15.036,0.001,66496.414,10,0.9,0.9,2.32,431.089,16,5
5,5,21,3,1000000,60,199984,200004,240,5,15.038,261.588,73.73,15.036,0.001,66496.414,10,0.9,0.9,2.259,442.747,16,5
5,5,22,3,1000000,60,199984,200004,240,5,15.038,261.588,73.73,15.036,0.001,66496.414,10,0.8,0.8,2.133,468.787,16,5
5,5,23,3,1000000,60,199984,200004,240,5,15.038,261.588,73.73,15.036,0.001,66496.414,10,0.9,0.9,2.269,440.674,16,5
5,5,24,3,1000000,60,199984,200004,240,5,15.038,261.588,73.73,15.036,0.001,66496.414,10,0.9,0.9,2.352,425.238,16,5
5,5,25,3,1000000,60,199984,200004,240,5,15.038,261.588,73.73,15.036,0.001,66496.414,10,1.0,1.0,2.115,472.757,16,5
5,5,26,3,1000000,60,199984,200004,240,5,15.038,261.588,73.73,15.036,0.001,66496.414,10,0.8,0.8,2.279,438.837,16,5
5,5,27,3,1000000,60,199984,200004,240,5,15.038,261.588,73.73,15.036,0.001,66496.414,10,1.0,1.0,2.124,470.81,16,5
5,5,28,3,1000000,60,199984,200004,240,5,15.038,261.588,73.73,15.036,0.001,66496.414,10,1.0,1.0,2.51,398.413,16,5
5,5,29,3,1000000,60,199984,200004,240,5,15.038,261.588,73.73,15.036,0.001,66496.414,10,0.9,0.9,2.215,451.476,16,5
5,5,30,3,1000000,60,199984,200004,240,5,15.038,261.588,73.73,15.036,0.001,66496.414,10,0.9,0.9,2.057,486.115,16,5
5,5,31,3,1000000,60,199984,200004,240,5,15.038,261.588,73.73,15.036,0.001,66496.414,10,1.0,1.0,2.223,449.758,16,5
5,5,32,3,1000000,60,199984,200004,240,5,15.038,261.588,73.73,15.036,0.001,66496.414,10,0.8,0.8,2.28,438.661,16,5
5,5,33,3,1000000,60,199984,200004,240,5,15.038,261.588,73.73,15.036,0.001,66496.414,10,0.9,0.9,2.158,463.303,16,5
5,5,34,3,1000000,60,199984,200004,240,5,15.038,261.588,73.73,15.036,0.001,66496.414,10,1.0,1.0,2.129,469.667,16,5
5,5,35,3,1000000,60,199984,200004,240,5,15.038,261.588,73.73,15.036,0.001,66496.414,10,0.8,0.8,2.344,426.689,16,5
5,5,36,3,1000000,60,199984,200004,240,5,15.038,261.588,73.73,15.036,0.001,66496.414,10,1.0,1.0,2.209,452.591,16,5
5,5,37,3,1000000,60,199984,200004,240,5,15.038,261.588,73.73,15.036,0.001,66496.414,10,0.6,0.6,2.199,454.657,16,5
5,5,38,3,1000000,60,199984,200004,240,5,15.038,261.588,73.73,15.036,0.001,66496.414,10,1.0,1.0,2.284,437.892,16,5
5,5,39,3,1000000,60,199984,200004,240,5,15.038,261.588,73.73,15.036,0.001,66496.414,10,1.0,1.0,2.179,458.865,16,5
5,5,40,3,1000000,60,199984,200004,240,5,15.038,261.588,73.73,15.036,0.001,66496.414,10,0.8,0.8,2.281,438.492,16,5
5,5,41,3,1000000,60,199984,200004,240,5,15.038,261.588,73.73,15.036,0.001,66496.414,10,0.9,0.9,2.224,449.666,16,5
5,5,42,3,1000000,60,199984,200004,240,5,15.038,261.588,73.73,15.036,0.001,66496.414,10,0.9,0.9,2.257,443.107,16,5
5,5,43,3,1000000,60,199984,200004,240,5,15.038,261.588,73.73,15.036,0.001,66496.414,10,0.8,0.8,2.159,463.276,16,5
5,5,44,3,1000000,60,199984,200004,240,5,15.038,261.588,73.73,15.036,0.001,66496.414,10,0.8,0.8,2.216,451.348,16,5
5,5,45,3,1000000,60,199984,200004,240,5,15.038,261.588,73.73,15.036,0.001,66496.414,10,0.9,0.9,2.155,463.947,16,5
5,5,46,3,1000000,60,199984,200004,240,5,15.038,261.588,73.73,15.036,0.001,66496.414,10,1.0,1.0,2.13,469.548,16,5
5,5,47,3,1000000,60,199984,200004,240,5,15.038,261.588,73.73,15.036,0.001,66496.414,10,1.0,1.0,2.316,431.826,16,5
5,5,48,3,1000000,60,199984,200004,240,5,15.038,261.588,73.73,15.036,0.001,66496.414,10,0.6,0.6,2.283,437.956,16,5
5,5,49,3,1000000,60,199984,200004,240,5,15.038,261.588,73.73,15.036,0.001,66496.414,10,1.0,1.0,2.267,441.112,16,5
5,5,50,3,1000000,60,199984,200004,240,5,15.038,261.588,73.73,15.036,0.001,66496.414,10,1.0,1.0,2.219,450.628,16,5
5,5,51,3,1000000,60,199984,200004,240,5,15.038,261.588,73.73,15.036,0.001,66496.414,10,0.9,0.9,2.29,436.745,16,5
5,5,52,3,1000000,60,199984,200004,240,5,15.038,261.588,73.73,15.036,0.001,66496.414,10,0.8,0.8,2.114,473.13,16,5
5,5,53,3,1000000,60,199984,200004,240,5,15.038,261.588,73.73,15.036,0.001,66496.414,10,1.0,1.0,2.211,452.284,16,5
5,5,54,3,1000000,60,199984,200004,240,5,15.038,261.588,73.73,15.036,0.001,66496.414,10,0.9,0.9,2.26,442.421,16,5
5,5,55,3,1000000,60,199984,200004,240,5,15.038,261.588,73.73,15.036,0.001,66496.414,10,0.8,0.8,2.168,461.263,16,5
5,5,56,3,1000000,60,199984,200004,240,5,15.038,261.588,73.73,15.036,0.001,66496.414,10,1.0,1.0,2.118,472.144,16,5
5,5,57,3,1000000,60,199984,200004,240,5,15.038,261.588,73.73,15.036,0.001,66496.414,10,0.9,0.9,2.096,477.109,16,5
5,5,58,3,1000000,60,199984,200004,240,5,15.038,261.588,73.73,15.036,0.001,66496.414,10,1.0,1.0,2.261,442.356,16,5
5,5,59,3,1000000,60,199984,200004,240,5,15.038,261.588,73.73,15.036,0.001,66496.414,10,1.0,1.0,2.229,448.64,16,5
5,5,60,3,1000000,60,199984,200004,240,5,15.038,261.588,73.73,15.036,0.001,66496.414,10,1.0,1.0,1.914,522.557,16,5
5,5,61,3,1000000,60,199984,200004,240,5,15.038,261.588,73.73,15.036,0.001,66496.414,10,0.8,0.8,2.332,428.901,16,5
5,5,62,3,1000000,60,199984,200004,240,5,15.038,261.588,73.73,15.036,0.001,66496.414,10,1.0,1.0,2.114,473.056,16,5
5,5,63,3,1000000,60,199984,200004,240,5,15.038,261.588,73.73,15.036,0.001,66496.414,10,0.9,0.9,1.983,504.265,16,5
5,5,64,3,1000000,60,199984,200004,240,5,15.038,261.588,73.73,15.036,0.001,66496.414,10,0.9,0.9,2.258,442.862,16,5
5,5,65,3,1000000,60,199984,200004,240,5,15.038,261.588,73.73,15.036,0.001,66496.414,10,1.0,1.0,2.177,459.286,16,5
5,5,66,3,1000000,60,199984,200004,240,5,15.038,261.588,73.73,15.036,0.001,66496.414,10,1.0,1.0,2.261,442.258,16,5
5,5,67,3,1000000,60,199984,200004,240,5,15.038,261.588,73.73,15.036,0.001,66496.414,10,1.0,1.0,2.074,482.257,16,5
5,5,68,3,1000000,60,199984,200004,240,5,15.038,261.588,73.73,15.036,0.001,66496.414,10,1.0,1.0,2.118,472.125,16,5
5,5,69,3,1000000,60,199984,200004,240,5,15.038,261.588,73.73,15.036,0.001,66496.414,10,1.0,1.0,2.189,456.777,16,5
5,5,70,3,1000000,60,199984,200004,240,5,15.038,261.588,73.73,15.036,0.001,66496.414,10,1.0,1.0,2.303,434.271,16,5
5,5,71,3,1000000,60,199984,200004,240,5,15.038,261.588,73.73,15.036,0.001,66496.414,10,1.0,1.0,1.959,510.551,16,5
5,5,72,3,1000000,60,199984,200004,240,5,15.038,261.588,73.73,15.036,0.001,66496.414,10,0.8,0.8,2.196,455.477,16,5
5,5,73,3,1000000,60,199984,200004,240,5,15.038,261.588,73.73,15.036,0.001,66496.414,10,0.8,0.8,2.171,460.67,16,5
5,5,74,3,1000000,60,199984,200004,240,5,15.038,261.588,73.73,15.036,0.001,66496.414,10,0.9,0.9,2.256,443.361,16,5
5,5,75,3,1000000,60,199984,200004,240,5,15.038,261.588,73.73,15.036,0.001,66496.414,10,0.7,0.7,2.232,448.104,16,5
5,5,76,3,1000000,60,199984,200004,240,5,15.038,261.588,73.73,15.036,0.001,66496.414,10,0.7,0.7,2.182,458.365,16,5
5,5,77,3,1000000,60,199984,200004,240,5,15.038,261.588,73.73,15.036,0.001,66496.414,10,1.0,1.0,2.28,438.581,16,5
5,5,78,3,1000000,60,199984,200004,240,5,15.038,261.588,73.73,15.036,0.001,66496.414,10,1.0,1.0,2.201,454.382,16,5
5,5,79,3,1000000,60,199984,200004,240,5,15.038,261.588,73.73,15.036,0.001,66496.414,10,0.9,0.9,2.203,454.012,16,5
5,5,80,3,1000000,60,199984,200004,240,5,15.038,261.588,73.73,15.036,0.001,66496.414,10,0.9,0.9,2.139,467.408,16,5
5,5,81,3,1000000,60,199984,200004,240,5,15.038,261.588,73.73,15.036,0.001,66496.414,10,0.9,0.9,2.256,443.221,16,5
5,5,82,3,1000000,60,199984,200004,240,5,15.038,261.588,73.73,15.036,0.001,66496.414,10,1.0,1.0,2.342,426.932,16,5
5,5,83,3,1000000,60,199984,200004,240,5,15.038,261.588,73.73,15.036,0.001,66496.414,10,0.7,0.7,2.222,450.045,16,5
5,5,84,3,1000000,60,199984,200004,240,5,15.038,261.588,73.73,15.036,0.001,66496.414,10,0.8,0.8,2.262,442.119,16,5
5,5,85,3,1000000,60,199984,200004,240,5,15.038,261.588,73.73,15.036,0.001,66496.414,10,1.0,1.0,2.351,425.404,16,5
5,5,86,3,1000000,60,199984,200004,240,5,15.038,261.588,73.73,15.036,0.001,66496.414,10,1.0,1.0,2.062,485.074,16,5
5,5,87,3,1000000,60,199984,200004,240,5,15.038,261.588,73.73,15.036,0.001,66496.414,10,1.0,1.0,2.241,446.13,16,5
5,5,88,3,1000000,60,199984,200004,240,5,15.038,261.588,73.73,15.036,0.001,66496.414,10,0.9,0.9,2.136,468.073,16,5
5,5,89,3,1000000,60,199984,200004,240,5,15.038,261.588,73.73,15.036,0.001,66496.414,10,1.0,1.0,2.018,495.561,16,5
5,5,90,3,1000000,60,199984,200004,240,5,15.038,261.588,73.73,15.036,0.001,66496.414,10,0.9,0.9,2.136,468.101,16,5
5,5,91,3,1000000,60,199984,200004,240,5,15.038,261.588,73.73,15.036,0.001,66496.414,10,0.8,0.8,1.989,502.797,16,5
5,5,92,3,1000000,60,199984,200004,240,5,15.038,261.588,73.73,15.036,0.001,66496.414,10,1.0,1.0,2.209,452.642,16,5
5,5,93,3,1000000,60,199984,200004,240,5,15.038,261.588,73.73,15.036,0.001,66496.414,10,0.8,0.8,2.328,429.523,16,5
5,5,94,3,1000000,60,199984,200004,240,5,15.038,261.588,73.73,15.036,0.001,66496.414,10,0.9,0.9,2.273,439.907,16,5
5,5,95,3,1000000,60,199984,200004,240,5,15.038,261.588,73.73,15.036,0.001,66496.414,10,1.0,1.0,2.129,469.612,16,5
5,5,96,3,1000000,60,199984,200004,240,5,15.038,261.588,73.73,15.036,0.001,66496.414,10,1.0,1.0,2.311,432.682,16,5
5,5,97,3,1000000,60,199984,200004,240,5,15.038,261.588,73.73,15.036,0.001,66496.414,10,1.0,1.0,2.371,421.793,16,5
5,5,98,3,1000000,60,199984,200004,240,5,15.038,261.588,73.73,15.036,0.001,66496.414,10,0.9,0.9,2.085,479.654,16,5
5,5,98,4,1000000,60,199984,200004,240,5,15.038,261.588,73.73,15.036,0.001,66496.414,10,0.9,0.9,2.128,469.86,16,5
5,5,99,4,1000000,60,199984,200004,240,5,15.038,261.588,73.73,15.036,0.001,66496.414,10,1.0,1.0,2.181,458.453,16,5
5,5,100,4,1000000,60,199984,200004,240,5,15.038,261.588,73.73,15.036,0.001,66496.414,10,1.0,1.0,2.229,448.598,16,5
5,5,1,4,1000000,60,199984,200004,240,5,15.038,261.588,73.73,15.036,0.001,66496.414,10,0.9,0.9,2.553,391.651,16,5
5,5,2,4,1000000,60,199984,200004,240,5,15.038,261.588,73.73,15.036,0.001,66496.414,10,0.8,0.8,2.198,454.993,16,5
5,5,3,4,1000000,60,199984,200004,240,5,15.038,261.588,73.73,15.036,0.001,66496.414,10,0.9,0.9,2.214,451.654,16,5
5,5,4,4,1000000,60,199984,200004,240,5,15.038,261.588,73.73,15.036,0.001,66496.414,10,0.9,0.9,2.179,458.952,16,5
5,5,5,4,1000000,60,199984,200004,240,5,15.038,261.588,73.73,15.036,0.001,66496.414,10,0.9,0.9,2.315,431.973,16,5
5,5,6,4,1000000,60,199984,200004,240,5,15.038,261.588,73.73,15.036,0.001,66496.414,10,0.8,0.8,2.343,426.803,16,5
5,5,7,4,1000000,60,199984,200004,240,5,15.038,261.588,73.73,15.036,0.001,66496.414,10,0.8,0.8,2.271,440.327,16,5
5,5,8,4,1000000,60,199984,200004,240,5,15.038,261.588,73.73,15.036,0.001,66496.414,10,1.0,1.0,2.298,435.137,16,5
5,5,9,4,1000000,60,199984,200004,240,5,15.038,261.588,73.73,15.036,0.001,66496.414,10,0.9,0.9,2.288,437.015,16,5
5,5,10,4,1000000,60,199984,200004,240,5,15.038,261.588,73.73,15.036,0.001,66496.414,10,0.9,0.9,2.304,434.036,16,5
5,5,11,4,1000000,60,199984,200004,240,5,15.038,261.588,73.73,15.036,0.001,66496.414,10,1.0,1.0,2.18,458.742,16,5
5,5,12,4,1000000,60,199984,200004,240,5,15.038,261.588,73.73,15.036,0.001,66496.414,10,0.9,0.9,2.359,423.961,16,5
5,5,13,4,1000000,60,199984,200004,240,5,15.038,261.588,73.73,15.036,0.001,66496.414,10,0.8,0.8,2.299,434.932,16,5
5,5,14,4,1000000,60,199984,200004,240,5,15.038,261.588,73.73,15.036,0.001,66496.414,10,0.7,0.7,2.382,419.867,16,5
5,5,15,4,1000000,60,199984,200004,240,5,15.038,261.588,73.73,15.036,0.001,66496.414,10,0.5,0.5,2.38,420.175,16,5
5,5,16,4,1000000,60,199984,200004,240,5,15.038,261.588,73.73,15.036,0.001,66496.414,10,0.9,0.9,2.251,444.198,16,5
5,5,17,4,1000000,60,199984,200004,240,5,15.038,261.588,73.73,15.036,0.001,66496.414,10,0.8,0.8,2.162,462.642,16,5
5,5,18,4,1000000,60,199984,200004,240,5,15.038,261.588,73.73,15.036,0.001,66496.414,10,0.6,0.6,2.133,468.741,16,5
5,5,19,4,1000000,60,199984,200004,240,5,15.038,261.588,73.73,15.036,0.001,66496.414,10,0.7,0.7,2.293,436.023,16,5
5,5,20,4,1000000,60,199984,200004,240,5,15.038,261.588,73.73,15.036,0.001,66496.414,10,0.9,0.9,2.211,452.344,16,5
5,5,21,4,1000000,60,199984,200004,240,5,15.038,261.588,73.73,15.036,0.001,66496.414,10,0.9,0.9,2.111,473.737,16,5
5,5,22,4,1000000,60,199984,200004,240,5,15.038,261.588,73.73,15.036,0.001,66496.414,10,0.8,0.8,2.158,463.303,16,5
5,5,23,4,1000000,60,199984,200004,240,5,15.038,261.588,73.73,15.036,0.001,66496.414,10,0.9,0.9,2.246,445.145,16,5
5,5,24,4,1000000,60,199984,200004,240,5,15.038,261.588,73.73,15.036,0.001,66496.414,10,0.9,0.9,2.195,455.667,16,5
5,5,25,4,1000000,60,199984,200004,240,5,15.038,261.588,73.73,15.036,0.001,66496.414,10,1.0,1.0,2.178,459.128,16,5
5,5,26,4,1000000,60,199984,200004,240,5,15.038,261.588,73.73,15.036,0.001,66496.414,10,0.8,0.8,2.332,428.778,16,5
5,5,27,4,1000000,60,199984,200004,240,5,15.038,261.588,73.73,15.036,0.001,66496.414,10,1.0,1.0,2.088,479.023,16,5
5,5,28,4,1000000,60,199984,200004,240,5,15.038,261.588,73.73,15.036,0.001,66496.414,10,1.0,1.0,2.218,450.865,16,5
5,5,29,4,1000000,60,199984,200004,240,5,15.038,261.588,73.73,15.036,0.001,66496.414,10,0.9,0.9,2.148,465.54,16,5
5,5,30,4,1000000,60,199984,200004,240,5,15.038,261.588,73.73,15.036,0.001,66496.414,10,0.9,0.9,2.131,469.373,16,5
5,5,31,4,1000000,60,199984,200004,240,5,15.038,261.588,73.73,15.036,0.001,66496.414,10,1.0,1.0,2.128,470.008,16,5
5,5,32,4,1000000,60,199984,200004,240,5,15.038,261.588,73.73,15.036,0.001,66496.414,10,0.8,0.8,2.304,434.051,16,5
5,5,33,4,1000000,60,199984,200004,240,5,15.038,261.588,73.73,15.036,0.001,66496.414,10,0.9,0.9,2.176,459.471,16,5
5,5,34,4,1000000,60,199984,200004,240,5,15.038,261.588,73.73,15.036,0.001,66496.414,10,1.0,1.0,2.064,484.604,16,5
5,5,35,4,1000000,60,199984,200004,240,5,15.038,261.588,73.73,15.036,0.001,66496.414,10,0.8,0.8,2.293,436.078,16,5
5,5,36,4,1000000,60,199984,200004,240,5,15.038,261.588,73.73,15.036,0.001,66496.414,10,1.0,1.0,2.167,461.521,16,5
5,5,37,4,1000000,60,199984,200004,240,5,15.038,261.588,73.73,15.036,0.001,66496.414,10,0.6,0.6,2.206,453.378,16,5
5,5,38,4,1000000,60,199984,200004,240,5,15.038,261.588,73.73,15.036,0.001,66496.414,10,1.0,1.0,2.211,452.335,16,5
5,5,39,4,1000000,60,199984,200004,240,5,15.038,261.588,73.73,15.036,0.001,66496.414,10,1.0,1.0,2.188,457.012,16,5
5,5,40,4,1000000,60,199984,200004,240,5,15.038,261.588,73.73,15.036,0.001,66496.414,10,0.8,0.8,2.386,419.082,16,5
5,5,41,4,1000000,60,199984,200004,240,5,15.038,261.588,73.73,15.036,0.001,66496.414,10,0.9,0.9,2.194,455.849,16,5
5,5,42,4,1000000,60,199984,200004,240,5,15.038,261.588,73.73,15.036,0.001,66496.414,10,0.9,0.9,2.276,439.303,16,5
5,5,43,4,1000000,60,199984,200004,240,5,15.038,261.588,73.73,15.036,0.001,66496.414,10,0.8,0.8,2.144,466.454,16,5
5,5,44,4,1000000,60,199984,200004,240,5,15.038,261.588,73.73,15.036,0.001,66496.414,10,0.8,0.8,2.167,461.396,16,5
5,5,45,4,1000000,60,199984,200004,240,5,15.038,261.588,73.73,15.036,0.001,66496.414,10,0.9,0.9,2.108,474.28,16,5
5,5,46,4,1000000,60,199984,200004,240,5,15.038,261.588,73.73,15.036,0.001,66496.414,10,1.0,1.0,2.199,454.769,16,5
5,5,47,4,1000000,60,199984,200004,240,5,15.038,261.588,73.73,15.036,0.001,66496.414,10,1.0,1.0,2.281,438.436,16,5
5,5,48,4,1000000,60,199984,200004,240,5,15.038,261.588,73.73,15.036,0.001,66496.414,10,0.6,0.6,2.231,448.263,16,5
5,5,49,4,1000000,60,199984,200004,240,5,15.038,261.588,73.73,15.036,0.001,66496.414,10,1.0,1.0,2.267,441.136,16,5
5,5,50,4,1000000,60,199984,200004,240,5,15.038,261.588,73.73,15.036,0.001,66496.414,10,1.0,1.0,2.158,463.41,16,5
5,5,51,4,1000000,60,199984,200004,240,5,15.038,261.588,73.73,15.036,0.001,66496.414,10,0.9,0.9,2.181,458.453,16,5
5,5,52,4,1000000,60,199984,200004,240,5,15.038,261.588,73.73,15.036,0.001,66496.414,10,0.8,0.8,2.046,488.709,16,5
5,5,53,4,1000000,60,199984,200004,240,5,15.038,261.588,73.73,15.036,0.001,66496.414,10,1.0,1.0,2.138,467.672,16,5
5,5,54,4,1000000,60,199984,200004,240,5,15.038,261.588,73.73,15.036,0.001,66496.414,10,0.9,0.9,2.315,432.035,16,5
5,5,55,4,1000000,60,199984,200004,240,5,15.038,261.588,73.73,15.036,0.001,66496.414,10,0.8,0.8,2.202,454.115,16,5
5,5,56,4,1000000,60,199984,200004,240,5,15.038,261.588,73.73,15.036,0.001,66496.414,10,1.0,1.0,2.123,471.096,16,5
5,5,57,4,1000000,60,199984,200004,240,5,15.038,261.588,73.73,15.036,0.001,66496.414,10,0.9,0.9,2.172,460.299,16,5
5,5,58,4,1000000,60,199984,200004,240,5,15.038,261.588,73.73,15.036,0.001,66496.414,10,1.0,1.0,2.28,438.621,16,5
5,5,59,4,1000000,60,199984,200004,240,5,15.038,261.588,73.73,15.036,0.001,66496.414,10,1.0,1.0,2.133,468.823,16,5
5,5,60,4,1000000,60,199984,200004,240,5,15.038,261.588,73.73,15.036,0.001,66496.414,10,1.0,1.0,2.043,489.456,16,5
5,5,61,4,1000000,60,199984,200004,240,5,15.038,261.588,73.73,15.036,0.001,66496.414,10,0.8,0.8,2.185,457.692,16,5
5,5,62,4,1000000,60,199984,200004,240,5,15.038,261.588,73.73,15.036,0.001,66496.414,10,1.0,1.0,2.178,459.119,16,5
5,5,63,4,1000000,60,199984,200004,240,5,15.038,261.588,73.73,15.036,0.001,66496.414,10,0.9,0.9,2.018,495.663,16,5
5,5,64,4,1000000,60,199984,200004,240,5,15.038,261.588,73.73,15.036,0.001,66496.414,10,0.9,0.9,2.181,458.532,16,5
5,5,65,4,1000000,60,199984,200004,240,5,15.038,261.588,73.73,15.036,0.001,66496.414,10,1.0,1.0,2.126,470.367,16,5
5,5,66,4,1000000,60,199984,200004,240,5,15.038,261.588,73.73,15.036,0.001,66496.414,10,1.0,1.0,2.324,430.346,16,5
5,5,67,4,1000000,60,199984,200004,240,5,15.038,261.588,73.73,15.036,0.001,66496.414,10,1.0,1.0,2.155,464.019,16,5
5,5,68,4,1000000,60,199984,200004,240,5,15.038,261.588,73.73,15.036,0.001,66496.414,10,1.0,1.0,2.154,464.279,16,5
5,5,69,4,1000000,60,199984,200004,240,5,15.038,261.588,73.73,15.036,0.001,66496.414,10,1.0,1.0,2.142,466.935,16,5
5,5,70,4,1000000,60,199984,200004,240,5,15.038,261.588,73.73,15.036,0.001,66496.414,10,1.0,1.0,2.31,432.955,16,5
5,5,71,4,1000000,60,199984,200004,240,5,15.038,261.588,73.73,15.036,0.001,66496.414,10,1.0,1.0,1.985,503.736,16,5
5,5,72,4,1000000,60,199984,200004,240,5,15.038,261.588,73.73,15.036,0.001,66496.414,10,0.8,0.8,2.14,467.372,16,5
5,5,73,4,1000000,60,199984,200004,240,5,15.038,261.588,73.73,15.036,0.001,66496.414,10,0.8,0.8,2.155,464.001,16,5
5,5,74,4,1000000,60,199984,200004,240,5,15.038,261.588,73.73,15.036,0.001,66496.414,10,0.9,0.9,2.217,451.077,16,5
5,5,75,4,1000000,60,199984,200004,240,5,15.038,261.588,73.73,15.036,0.001,66496.414,10,0.7,0.7,2.215,451.561,16,5
5,5,76,4,1000000,60,199984,200004,240,5,15.038,261.588,73.73,15.036,0.001,66496.414,10,0.7,0.7,2.122,471.18,16,5
5,5,77,4,1000000,60,199984,200004,240,5,15.038,261.588,73.73,15.036,0.001,66496.414,10,1.0,1.0,2.332,428.778,16,5
5,5,78,4,1000000,60,199984,200004,240,5,15.038,261.588,73.73,15.036,0.001,66496.414,10,1.0,1.0,2.245,445.517,16,5
5,5,79,4,1000000,60,199984,200004,240,5,15.038,261.588,73.73,15.036,0.001,66496.414,10,0.9,0.9,2.247,445.038,16,5
5,5,80,4,1000000,60,199984,200004,240,5,15.038,261.588,73.73,15.036,0.001,66496.414,10,0.9,0.9,2.035,491.451,16,5
5,5,81,4,1000000,60,199984,200004,240,5,15.038,261.588,73.73,15.036,0.001,66496.414,10,0.9,0.9,2.227,448.976,16,5
5,5,82,4,1000000,60,199984,200004,240,5,15.038,261.588,73.73,15.036,0.001,66496.414,10,1.0,1.0,2.298,435.216,16,5
5,5,83,4,1000000,60,199984,200004,240,5,15.038,261.588,73.73,15.036,0.001,66496.414,10,0.7,0.7,2.283,438.076,16,5
5,5,84,4,1000000,60,199984,200004,240,5,15.038,261.588,73.73,15.036,0.001,66496.414,10,0.8,0.8,2.392,418.024,16,5
5,5,85,4,1000000,60,199984,200004,240,5,15.038,261.588,73.73,15.036,0.001,66496.414,10,1.0,1.0,2.352,425.155,16,5
5,5,86,4,1000000,60,199984,200004,240,5,15.038,261.588,73.73,15.036,0.001,66496.414,10,1.0,1.0,2.085,479.559,16,5
5,5,87,4,1000000,60,199984,200004,240,5,15.038,261.588,73.73,15.036,0.001,66496.414,10,1.0,1.0,2.208,453.001,16,5
5,5,88,4,1000000,60,199984,200004,240,5,15.038,261.588,73.73,15.036,0.001,66496.414,10,0.9,0.9,2.176,459.559,16,5
5,5,89,4,1000000,60,199984,200004,240,5,15.038,261.588,73.73,15.036,0.001,66496.414,10,1.0,1.0,2.025,493.919,16,5
5,5,90,4,1000000,60,199984,200004,240,5,15.038,261.588,73.73,15.036,0.001,66496.414,10,0.9,0.9,2.135,468.476,16,5
5,5,91,4,1000000,60,199984,200004,240,5,15.038,261.588,73.73,15.036,0.001,66496.414,10,0.8,0.8,1.855,539.023,16,5
5,5,92,4,1000000,60,199984,200004,240,5,15.038,261.588,73.73,15.036,0.001,66496.414,10,1.0,1.0,2.251,444.288,16,5
5,5,93,4,1000000,60,199984,200004,240,5,15.038,261.588,73.73,15.036,0.001,66496.414,10,0.8,0.8,2.224,449.632,16,5
5,5,94,4,1000000,60,199984,200004,240,5,15.038,261.588,73.73,15.036,0.001,66496.414,10,0.9,0.9,2.135,468.411,16,5
5,5,95,4,1000000,60,199984,200004,240,5,15.038,261.588,73.73,15.036,0.001,66496.414,10,1.0,1.0,2.047,488.589,16,5
5,5,96,4,1000000,60,199984,200004,240,5,15.038,261.588,73.73,15.036,0.001,66496.414,10,1.0,1.0,2.309,433.127,16,5
5,5,97,4,1000000,60,199984,200004,240,5,15.038,261.588,73.73,15.036,0.001,66496.414,10,1.0,1.0,2.417,413.765,16,5
5,5,97,5,1000000,60,199984,200004,240,5,15.038,261.588,73.73,15.036,0.001,66496.414,10,1.0,1.0,2.398,416.956,16,5
5,5,98,5,1000000,60,199984,200004,240,5,15.038,261.588,73.73,15.036,0.001,66496.414,10,0.9,0.9,2.211,452.327,16,5
5,5,99,5,1000000,60,199984,200004,240,5,15.038,261.588,73.73,15.036,0.001,66496.414,10,1.0,1.0,2.26,442.486,16,5
5,5,100,5,1000000,60,199984,200004,240,5,15.038,261.588,73.73,15.036,0.001,66496.414,10,1.0,1.0,2.294,435.833,16,5
5,5,1,5,1000000,60,199984,200004,240,5,15.038,261.588,73.73,15.036,0.001,66496.414,10,0.9,0.9,2.259,442.641,16,5
5,5,2,5,1000000,60,199984,200004,240,5,15.038,261.588,73.73,15.036,0.001,66496.414,10,0.8,0.8,2.346,426.28,16,5
5,5,3,5,1000000,60,199984,200004,240,5,15.038,261.588,73.73,15.036,0.001,66496.414,10,0.9,0.9,2.312,432.456,16,5
5,5,4,5,1000000,60,199984,200004,240,5,15.038,261.588,73.73,15.036,0.001,66496.414,10,0.9,0.9,2.207,453.07,16,5
5,5,5,5,1000000,60,199984,200004,240,5,15.038,261.588,73.73,15.036,0.001,66496.414,10,0.9,0.9,2.23,448.447,16,5
5,5,6,5,1000000,60,199984,200004,240,5,15.038,261.588,73.73,15.036,0.001,66496.414,10,0.8,0.8,2.514,397.806,16,5
5,5,7,5,1000000,60,199984,200004,240,5,15.038,261.588,73.73,15.036,0.001,66496.414,10,0.8,0.8,2.16,463.017,16,5
5,5,8,5,1000000,60,199984,200004,240,5,15.038,261.588,73.73,15.036,0.001,66496.414,10,1.0,1.0,2.217,451.119,16,5
5,5,9,5,1000000,60,199984,200004,240,5,15.038,261.588,73.73,15.036,0.001,66496.414,10,0.9,0.9,2.237,447.069,16,5
5,5,10,5,1000000,60,199984,200004,240,5,15.038,261.588,73.73,15.036,0.001,66496.414,10,0.9,0.9,2.203,453.884,16,5
5,5,11,5,1000000,60,199984,200004,240,5,15.038,261.588,73.73,15.036,0.001,66496.414,10,1.0,1.0,2.105,475.078,16,5
5,5,12,5,1000000,60,199984,200004,240,5,15.038,261.588,73.73,15.036,0.001,66496.414,10,0.9,0.9,2.352,425.178,16,5
5,5,13,5,1000000,60,199984,200004,240,5,15.038,261.588,73.73,15.036,0.001,66496.414,10,0.8,0.8,2.232,448.121,16,5
5,5,14,5,1000000,60,199984,200004,240,5,15.038,261.588,73.73,15.036,0.001,66496.414,10,0.7,0.7,2.302,434.381,16,5
5,5,15,5,1000000,60,199984,200004,240,5,15.038,261.588,73.73,15.036,0.001,66496.414,10,0.5,0.5,2.297,435.311,16,5
5,5,16,5,1000000,60,199984,200004,240,5,15.038,261.588,73.73,15.036,0.001,66496.414,10,0.9,0.9,2.259,442.772,16,5
5,5,17,5,1000000,60,199984,200004,240,5,15.038,261.588,73.73,15.036,0.001,66496.414,10,0.8,0.8,2.173,460.229,16,5
5,5,18,5,1000000,60,199984,200004,240,5,15.038,261.588,73.73,15.036,0.001,66496.414,10,0.6,0.6,2.2,454.597,16,5
5,5,19,5,1000000,60,199984,200004,240,5,15.038,261.588,73.73,15.036,0.001,66496.414,10,0.7,0.7,2.32,431.003,16,5
5,5,20,5,1000000,60,199984,200004,240,5,15.038,261.588,73.73,15.036,0.001,66496.414,10,0.9,0.9,2.24,446.453,16,5
5,5,21,5,1000000,60,199984,200004,240,5,15.038,261.588,73.73,15.036,0.001,66496.414,10,0.9,0.9,2.181,458.462,16,5
5,5,22,5,1000000,60,199984,200004,240,5,15.038,261.588,73.73,15.036,0.001,66496.414,10,0.8,0.8,2.095,477.346,16,5
5,5,23,5,1000000,60,199984,200004,240,5,15.038,261.588,73.73,15.036,0.001,66496.414,10,0.9,0.9,2.247,445.063,16,5
5,5,24,5,1000000,60,199984,200004,240,5,15.038,261.588,73.73,15.036,0.001,66496.414,10,0.9,0.9,2.242,446.014,16,5
5,5,25,5,1000000,60,199984,200004,240,5,15.038,261.588,73.73,15.036,0.001,66496.414,10,1.0,1.0,2.098,476.711,16,5
5,5,26,5,1000000,60,199984,200004,240,5,15.038,261.588,73.73,15.036,0.001,66496.414,10,0.8,0.8,2.335,428.334,16,5
5,5,27,5,1000000,60,199984,200004,240,5,15.038,261.588,73.73,15.036,0.001,66496.414,10,1.0,1.0,2.161,462.749,16,5
5,5,28,5,1000000,60,199984,200004,240,5,15.038,261.588,73.73,15.036,0.001,66496.414,10,1.0,1.0,2.162,462.526,16,5
5,5,29,5,1000000,60,199984,200004,240,5,15.038,261.588,73.73,15.036,0.001,66496.414,10,0.9,0.9,2.276,439.367,16,5
5,5,30,5,1000000,60,199984,200004,240,5,15.038,261.588,73.73,15.036,0.001,66496.414,10,0.9,0.9,1.999,500.219,16,5
5,5,31,5,1000000,60,199984,200004,240,5,15.038,261.588,73.73,15.036,0.001,66496.414,10,1.0,1.0,2.195,455.65,16,5
5,5,32,5,1000000,60,199984,200004,240,5,15.038,261.588,73.73,15.036,0.001,66496.414,10,0.8,0.8,2.172,460.441,16,5
5,5,33,5,1000000,60,199984,200004,240,5,15.038,261.588,73.73,15.036,0.001,66496.414,10,0.9,0.9,2.239,446.586,16,5
5,5,34,5,1000000,60,199984,200004,240,5,15.038,261.588,73.73,15.036,0.001,66496.414,10,1.0,1.0,2.035,491.29,16,5
5,5,35,5,1000000,60,199984,200004,240,5,15.038,261.588,73.73,15.036,0.001,66496.414,10,0.8,0.8,2.276,439.44,16,5
5,5,36,5,1000000,60,199984,200004,240,5,15.038,261.588,73.73,15.036,0.001,66496.414,10,1.0,1.0,2.108,474.487,16,5
5,5,37,5,1000000,60,199984,200004,240,5,15.038,261.588,73.73,15.036,0.001,66496.414,10,0.6,0.6,2.256,443.164,16,5
5,5,38,5,1000000,60,199984,200004,240,5,15.038,261.588,73.73,15.036,0.001,66496.414,10,1.0,1.0,2.241,446.254,16,5
5,5,39,5,1000000,60,199984,200004,240,5,15.038,261.588,73.73,15.036,0.001,66496.414,10,1.0,1.0,2.149,465.252,16,5
5,5,40,5,1000000,60,199984,200004,240,5,15.038,261.588,73.73,15.036,0.001,66496.414,10,0.8,0.8,2.249,444.658,16,5
5,5,41,5,1000000,60,199984,200004,240,5,15.038,261.588,73.73,15.036,0.001,66496.414,10,0.9,0.9,2.138,467.791,16,5
5,5,42,5,1000000,60,199984,200004,240,5,15.038,261.588,73.73,15.036,0.001,66496.414,10,0.9,0.9,2.218,450.814,16,5
5,5,43,5,1000000,60,199984,200004,240,5,15.038,261.588,73.73,15.036,0.001,66496.414,10,0.8,0.8,2.15,465.062,16,5
5,5,44,5,1000000,60,199984,200004,240,5,15.038,261.588,73.73,15.036,0.001,66496.414,10,0.8,0.8,2.219,450.594,16,5
5,5,45,5,1000000,60,199984,200004,240,5,15.038,261.588,73.73,15.036,0.001,66496.414,10,0.9,0.9,2.181,458.532,16,5
5,5,46,5,1000000,60,199984,200004,240,5,15.038,261.588,73.73,15.036,0.001,66496.414,10,1.0,1.0,2.141,467.099,16,5
5,5,47,5,1000000,60,199984,200004,240,5,15.038,261.588,73.73,15.036,0.001,66496.414,10,1.0,1.0,2.223,449.826,16,5
5,5,48,5,1000000,60,199984,200004,240,5,15.038,261.588,73.73,15.036,0.001,66496.414,10,0.6,0.6,2.287,437.27,16,5
5,5,49,5,1000000,60,199984,200004,240,5,15.038,261.588,73.73,15.036,0.001,66496.414,10,1.0,1.0,2.269,440.723,16,5
5,5,50,5,1000000,60,199984,200004,240,5,15.038,261.588,73.73,15.036,0.001,66496.414,10,1.0,1.0,2.201,454.391,16,5
5,5,51,5,1000000,60,199984,200004,240,5,15.038,261.588,73.73,15.036,0.001,66496.414,10,0.9,0.9,2.313,432.331,16,5
5,5,52,5,1000000,60,199984,200004,240,5,15.038,261.588,73.73,15.036,0.001,66496.414,10,0.8,0.8,2.097,476.786,16,5
5,5,53,5,1000000,60,199984,200004,240,5,15.038,261.588,73.73,15.036,0.001,66496.414,10,1.0,1.0,2.151,464.918,16,5
5,5,54,5,1000000,60,199984,200004,240,5,15.038,261.588,73.73,15.036,0.001,66496.414,10,0.9,0.9,2.257,442.976,16,5
5,5,55,5,1000000,60,199984,200004,240,5,15.038,261.588,73.73,15.036,0.001,66496.414,10,0.8,0.8,2.161,462.66,16,5
5,5,56,5,1000000,60,199984,200004,240,5,15.038,261.588,73.73,15.036,0.001,66496.414,10,1.0,1.0,2.163,462.339,16,5
5,5,57,5,1000000,60,199984,200004,240,5,15.038,261.588,73.73,15.036,0.001,66496.414,10,0.9,0.9,2.174,460.008,16,5
5,5,58,5,1000000,60,199984,200004,240,5,15.038,261.588,73.73,15.036,0.001,66496.414,10,1.0,1.0,2.29,436.634,16,5
5,5,59,5,1000000,60,199984,200004,240,5,15.038,261.588,73.73,15.036,0.001,66496.414,10,1.0,1.0,2.208,452.916,16,5
5,5,60,5,1000000,60,199984,200004,240,5,15.038,261.588,73.73,15.036,0.001,66496.414,10,1.0,1.0,1.966,508.582,16,5
5,5,61,5,1000000,60,199984,200004,240,5,15.038,261.588,73.73,15.036,0.001,66496.414,10,0.8,0.8,2.192,456.274,16,5
5,5,62,5,1000000,60,199984,200004,240,5,15.038,261.588,73.73,15.036,0.001,66496.414,10,1.0,1.0,2.065,484.212,16,5
5,5,63,5,1000000,60,199984,200004,240,5,15.038,261.588,73.73,15.036,0.001,66496.414,10,0.9,0.9,2.108,474.43,16,5
5,5,64,5,1000000,60,199984,200004,240,5,15.038,261.588,73.73,15.036,0.001,66496.414,10,0.9,0.9,2.251,444.19,16,5
5,5,65,5,1000000,60,199984,200004,240,5,15.038,261.588,73.73,15.036,0.001,66496.414,10,1.0,1.0,2.143,466.581,16,5
5,5,66,5,1000000,60,199984,200004,240,5,15.038,261.588,73.73,15.036,0.001,66496.414,10,1.0,1.0,2.341,427.236,16,5
5,5,67,5,1000000,60,199984,200004,240,5,15.038,261.588,73.73,15.036,0.001,66496.414,10,1.0,1.0,2.121,471.448,16,5
5,5,68,5,1000000,60,199984,200004,240,5,15.038,261.588,73.73,15.036,0.001,66496.414,10,1.0,1.0,2.107,474.515,16,5
5,5,69,5,1000000,60,199984,200004,240,5,15.038,261.588,73.73,15.036,0.001,66496.414,10,1.0,1.0,2.118,472.171,16,5
5,5,70,5,1000000,60,199984,200004,240,5,15.038,261.588,73.73,15.036,0.001,66496.414,10,1.0,1.0,2.219,450.628,16,5
5,5,71,5,1000000,60,199984,200004,240,5,15.038,261.588,73.73,15.036,0.001,66496.414,10,1.0,1.0,1.867,535.69,16,5
5,5,72,5,1000000,60,199984,200004,240,5,15.038,261.588,73.73,15.036,0.001,66496.414,10,0.8,0.8,2.119,471.995,16,5
5,5,73,5,1000000,60,199984,200004,240,5,15.038,261.588,73.73,15.036,0.001,66496.414,10,0.8,0.8,2.205,453.412,16,5
5,5,74,5,1000000,60,199984,200004,240,5,15.038,261.588,73.73,15.036,0.001,66496.414,10,0.9,0.9,2.308,433.283,16,5
5,5,75,5,1000000,60,199984,200004,240,5,15.038,261.588,73.73,15.036,0.001,66496.414,10,0.7,0.7,2.103,475.502,16,5
5,5,76,5,1000000,60,199984,200004,240,5,15.038,261.588,73.73,15.036,0.001,66496.414,10,0.7,0.7,2.18,458.742,16,5
5,5,77,5,1000000,60,199984,200004,240,5,15.038,261.588,73.73,15.036,0.001,66496.414,10,1.0,1.0,2.351,425.268,16,5
5,5,78,5,1000000,60,199984,200004,240,5,15.038,261.588,73.73,15.036,0.001,66496.414,10,1.0,1.0,2.247,444.955,16,5
5,5,79,5,1000000,60,199984,200004,240,5,15.038,261.588,73.73,15.036,0.001,66496.414,10,0.9,0.9,2.176,459.506,16,5
5,5,80,5,1000000,60,199984,200004,240,5,15.038,261.588,73.73,15.036,0.001,66496.414,10,0.9,0.9,2.142,466.917,16,5
5,5,81,5,1000000,60,199984,200004,240,5,15.038,261.588,73.73,15.036,0.001,66496.414,10,0.9,0.9,2.328,429.522,16,5
5,5,82,5,1000000,60,199984,200004,240,5,15.038,261.588,73.73,15.036,0.001,66496.414,10,1.0,1.0,2.259,442.609,16,5
5,5,83,5,1000000,60,199984,200004,240,5,15.038,261.588,73.73,15.036,0.001,66496.414,10,0.7,0.7,2.194,455.875,16,5
5,5,84,5,1000000,60,199984,200004,240,5,15.038,261.588,73.73,15.036,0.001,66496.414,10,0.8,0.8,2.554,391.568,16,5
5,5,85,5,1000000,60,199984,200004,240,5,15.038,261.588,73.73,15.036,0.001,66496.414,10,1.0,1.0,2.676,373.628,16,5
5,5,86,5,1000000,60,199984,200004,240,5,15.038,261.588,73.73,15.036,0.001,66496.414,10,1.0,1.0,2.58,387.597,16,5
5,5,87,5,1000000,60,199984,200004,240,5,15.038,261.588,73.73,15.036,0.001,66496.414,10,1.0,1.0,2.457,407.021,16,5
5,5,88,5,1000000,60,199984,200004,240,5,15.038,261.588,73.73,15.036,0.001,66496.414,10,0.9,0.9,2.343,426.72,16,5
5,5,89,5,1000000,60,199984,200004,240,5,15.038,261.588,73.73,15.036,0.001,66496.414,10,1.0,1.0,2.236,447.177,16,5
5,5,90,5,1000000,60,199984,200004,240,5,15.038,261.588,73.73,15.036,0.001,66496.414,10,0.9,0.9,2.475,404.034,16,5
5,5,91,5,1000000,60,199984,200004,240,5,15.038,261.588,73.73,15.036,0.001,66496.414,10,0.8,0.8,2.058,485.909,16,5
5,5,92,5,1000000,60,199984,200004,240,5,15.038,261.588,73.73,15.036,0.001,66496.414,10,1.0,1.0,2.483,402.779,16,5
5,5,93,5,1000000,60,199984,200004,240,5,15.038,261.588,73.73,15.036,0.001,66496.414,10,0.8,0.8,2.57,389.124,16,5
5,5,94,5,1000000,60,199984,200004,240,5,15.038,261.588,73.73,15.036,0.001,66496.414,10,0.9,0.9,2.454,407.436,16,5
5,5,95,5,1000000,60,199984,200004,240,5,15.038,261.588,73.73,15.036,0.001,66496.414,10,1.0,1.0,2.559,390.797,16,5
5,5,96,5,1000000,60,199984,200004,240,5,15.038,261.588,73.73,15.036,0.001,66496.414,10,1.0,1.0,2.426,412.137,16,5
