dataset,format,row_group_size,dataset_size_bytes,scan_time
tpch,lance,1024,10650774828,11.33613312500529
tpch,parquet,1024,3296169244,14.953775417001452
tpch,lance,102400,10605384150,2.9892556669656187
tpch,parquet,102400,2637030562,2.051290000032168
laion,lance,1024,3700406157,0.8404299590038136
laion,parquet,1024,3205631909,5.919802249991335
laion,lance,102400,3698365979,1.2819958329782821
laion,parquet,102400,3101706685,4.700531915994361
