dataset,format,row_group_size,dataset_size_bytes,scan_time
tpch,parquet,1024,3296169244,9.247465001000819
tpch,lance,102400,10605384150,1.128608720999182
tpch,parquet,102400,2637030562,2.0086154709988477
tpch,lance,1024,10650774828,5.476041046000319
laion,parquet,1024,16030638461,20.75416600099925
laion,lance,102400,16367227006,3.2721756829996593
laion,parquet,102400,16030638461,51.79451913199955
laion,lance,1024,16368487651,1.3161769199996343
