dataset,format,row_group_size,dataset_size_bytes,scan_time
tpch,lance,1024,10650774828,11.387484124978073
tpch,lance,102400,10605384150,3.01958579197526
tpch,parquet,102400,2712894326,1.491215625021141
laion,lance,1024,1857608335,2.111388999968767
laion,parquet,1024,1609181546,5.813927541021258
laion,lance,102400,1856585617,2.217408957949374
laion,parquet,102400,1557070906,5.330714666983113
