dataset,format,row_group_size,dataset_size_bytes,scan_time
tpch,lance,1024,10650774828,11.263665625127032
tpch,parquet,1024,3296169244,14.330184500198811
tpch,lance,102400,10605384150,2.9677935419604182
tpch,parquet,102400,2637030562,2.082806999795139
laion,lance,1024,16368487650,5.082976541947573
laion,parquet,1024,16030638461,53.275041667046025
