dataset,format,row_group_size,dataset_size_bytes,scan_time
tpch,lance,1024,10650774826,11.199049790971912
tpch,lance,102400,10605384150,2.999180916987825
tpch,parquet,102400,2712894326,1.3987703750026412
laion,lance,1024,3700406157,0.6333002499886788
laion,parquet,1024,3205631909,5.695507374999579
laion,lance,102400,3698365979,1.3678209999925457
laion,parquet,102400,3101706685,4.10016083298251
